filename,region,year,party,language,line,num_words
AND_1990_PP_es.pdf,AND,1990,PP,es,El Partido Popular de Andalucía se propone como objetivo básico un ejercicio de las competencias de nuestra Comunidad Autónoma que prestigie nuestra Autonomía y la convierta en instrumento eficaz para la solución de los problemas de nuestra tierra.,38
AND_1990_PP_es.pdf,AND,1990,PP,es,Todo ello exige: - Un diseño de la Administración Autonómica basado en los principios de mérito y capacidad.,18
AND_1990_PP_es.pdf,AND,1990,PP,es,Sólo una Función Pública profesionalizada puede lograr las cotas de eficacia exigibles para dar credibilidad a las inevitables actitudes reivindicativas.,20
AND_1990_PP_es.pdf,AND,1990,PP,es,- Un funcionamiento del Parlamento que lo convierta en escenario de un continuo debate abierto y plural.,17
AND_1990_PP_es.pdf,AND,1990,PP,es,"Una vez que los andaluces decidan quién debe gobernarlos y con qué mayoría, la Cámara no debe ser el simple cauce para convertir en ley los proyectos del Gobierno.",29
AND_1990_PP_es.pdf,AND,1990,PP,es,"Su funcionamiento ha de facilitar un control efectivo de la acción del Ejecutivo, en garantía de los intereses de los ciudadanos.",21
AND_1990_PP_es.pdf,AND,1990,PP,es,"- Una justicia cuya independencia y eficacia no se vea coartada por falta de medios humanos o materiales y cuya implantación la acerque a los ciudadanos, respetando los criterios descentralizadores establecidos por las instituciones andaluzas en ejercicio de su autonomía.",40
AND_1990_PP_es.pdf,AND,1990,PP,es,"- El respeto a la autonomía, política y administrativa, que a los municipios y provincias reconoce nuestra Constitución, evitando todo asomo de neocentralismo.",23
AND_1990_PP_es.pdf,AND,1990,PP,es,"- Un permanente diálogo social, a través de las instituciones previstas por nuestra Constitución, cuya puesta en marcha resulta ya inexcusable.",21
AND_1990_PP_es.pdf,AND,1990,PP,es,"- Una actitud de respeto a los ámbitos de comunicación pública, que posibilite la expresión de una opinión plural, libre de toda cortapisa gubernativa.",24
AND_1990_PP_es.pdf,AND,1990,PP,es,"Nuestra Administración Autonómica, tras años de gestión socialista, sufre las consecuencias de una absoluta falta de diseño, fruto de una insólita ineptitud o de un calculado designio politizador.",28
AND_1990_PP_es.pdf,AND,1990,PP,es,La llamativa incapacidad para convocar los obligados concursos de acceso a la Función Pública se ha visto acompañada por la masiva incorporación de personal interino.,25
AND_1990_PP_es.pdf,AND,1990,PP,es,"El afán por contar con más empleados públicos, aumentando incluso las dotaciones existentes antes de transferirse los servicios, no ha logrado disimular el empeño frecuente por rodearse de colaboradores distintos, desde una óptica partidista.",34
AND_1990_PP_es.pdf,AND,1990,PP,es,"Sólo en vísperas electorales se ha procedido a convocar los oportunos concursos, que se han visto impugnados, al existir indicios de nuevos atropellos a los principios constitucionales.",27
AND_1990_PP_es.pdf,AND,1990,PP,es,"- El Partido Popular de Andalucía, en coherencia con sus principios programáticos y para superar tan lamentable situación, considera ineludible una nueva Ley de Ordenación de la Función Pública, para que los empleados públicos lo sean de la Administración Autonómica y no del partido de turno.",46
AND_1990_PP_es.pdf,AND,1990,PP,es,"Dicha ley se elaborará en diálogo permanente con los efectivos representantes de los funcionarios, sin cuya experiencia y apoyo toda reforma administrativa se verá condenada al fracaso.",27
AND_1990_PP_es.pdf,AND,1990,PP,es,"Sus ejes básicos serán: - El acceso a la Función Pública se realizará por concurso, con respeto efectivo a los principios de mérito y capacidad.",25
AND_1990_PP_es.pdf,AND,1990,PP,es,"- La discrecionalidad política se limitará a los nombramientos de los Consejeros y Directores Generales, restringirá la posibilidad de libre designación a casos excepcionales expresamente previstos por la ley.",29
AND_1990_PP_es.pdf,AND,1990,PP,es,"- Se diseñará una auténtica carrera administrativa que posibilite, con arreglo a criterios objetivos, la promoción interna de los funcionarios y un sistema retributivo claramente reglado, que les ponga a cubierto de toda la discriminación.",35
AND_1990_PP_es.pdf,AND,1990,PP,es,"- Se eliminará toda contratación temporal para tareas propias de los empleados públicos, erradicando la masiva sustitución, presuntamente provisional, de funcionarios por personas de confianza situadas en puestos de particular influjo o responsabilidad.",33
AND_1990_PP_es.pdf,AND,1990,PP,es,"- Se abordará de manera realista un régimen de incompatibilidades de los empleados públicos, sin más limitaciones que las objetivamente exigidas por el eficaz e imparcial ejercicio de su función.",30
AND_1990_PP_es.pdf,AND,1990,PP,es,- Se impulsará la formación permanente y la especialización de los funcionarios.,12
AND_1990_PP_es.pdf,AND,1990,PP,es,"El Instituto Andaluz de la Administración Pública, en estrecho contacto con las Universidades y otras instituciones andaluzas de probada experiencia, organizará y coordinará en todas las provincias tan decisiva tarea.",30
AND_1990_PP_es.pdf,AND,1990,PP,es,"- Consciente de que el personal al servicio de la Administración no es responsable de los errores (deliberados o no) que han caracterizado la gestión socialista, se asegurará su estabilidad, sin perjuicio del imprescindible proceso de selección y cualificación.",39
AND_1990_PP_es.pdf,AND,1990,PP,es,"Publicadas las relaciones de puestos de trabajo, se convocará concurso interno para la provisión de todas las vacantes.",18
AND_1990_PP_es.pdf,AND,1990,PP,es,"Con posterioridad se convocarán pruebas para el acceso a la Función Pública del personal interino, laboral y contratado, así como de promoción interna de los funcionarios.",26
AND_1990_PP_es.pdf,AND,1990,PP,es,Los que no superen las pruebas de acceso quedarán como personal laboral fijo a extinguir.,15
AND_1990_PP_es.pdf,AND,1990,PP,es,"Por último, se realizará la oportuna Oferta Pública de Empleo para cubrir las plazas vacantes.",15
AND_1990_PP_es.pdf,AND,1990,PP,es,"El Partido Popular de Andalucía propugna una reforma de los procedimientos administrativos con los siguientes objetivos: - Acercamiento al administrado mediante la creación de órganos, provinciales y locales, para la admisión de documentos y el suministro de la información oportuna.",40
AND_1990_PP_es.pdf,AND,1990,PP,es,- Accesibilidad máxima para que los afectados conozcan en cualquier momento la situación de los trámites.,16
AND_1990_PP_es.pdf,AND,1990,PP,es,- Edición de folletos informativos sobre procedimientos especificados.,8
AND_1990_PP_es.pdf,AND,1990,PP,es,"- Simplificación de trámites en todos los procedimientos, refundiéndolos a ser posible en una sola normativa.",16
AND_1990_PP_es.pdf,AND,1990,PP,es,- Control de la eficacia y celeridad de los procedimientos a través de una Inspección Central de Servicios de la Comunidad Autónoma.,22
AND_1990_PP_es.pdf,AND,1990,PP,es,- Se proveerá a los servicios de la Comunidad Autónoma del soporte informático necesario para controlar con eficacia todos los flujos del sistema.,23
AND_1990_PP_es.pdf,AND,1990,PP,es,"Nuestra Cámara Legislativa se ha visto convertida, bajo la gestión socialista en mero órgano de asentimiento a los dictados del Ejecutivo.",21
AND_1990_PP_es.pdf,AND,1990,PP,es,"Se ha impuesto un ritmo lentísimo a las iniciativas de control planteadas por la oposición y se ha bloqueado, con la excepción del caso del Edificio Presidente, la creación de Comisiones de investigación.",33
AND_1990_PP_es.pdf,AND,1990,PP,es,"- El Partido Popular de Andalucía se compromete a dotar, por vez primera, al Parlamento del protagonismo exigible en un fluido Estado de Derecho, dinamizando su funcionamiento, facilitando que aborde de forma inmediata los problemas de actualidad y reformando su Reglamento, para que los Grupos Parlamentarios puedan cumplir con eficacia las tareas de control del Gobierno.",56
AND_1990_PP_es.pdf,AND,1990,PP,es,Para todo ello se proponen los siguientes objetivos: - Modificación de la Ley Electoral Andaluza y del Reglamento del Parlamento de Andalucía para eliminar todo intento de transfuguismo político.,29
AND_1990_PP_es.pdf,AND,1990,PP,es,"- Reforzar las tareas de control parlamentario, con un mínimo de tres sesiones mensuales.",14
AND_1990_PP_es.pdf,AND,1990,PP,es,Aminorar los plazos de contestación del Gobierno a los requerimientos de los parlamentarios.,13
AND_1990_PP_es.pdf,AND,1990,PP,es,- Constitución de Comisiones de Investigación por la mera solicitud del de los Diputados o dos Grupos Parlamentarios.,18
AND_1990_PP_es.pdf,AND,1990,PP,es,Creación de una Comisión permanente para analizar posibles casos de tráfico de influencias o uso indebido de información privilegiada.,19
AND_1990_PP_es.pdf,AND,1990,PP,es,- Señalar el período en el que ha de celebrarse anualmente un debate sobre el Estado de la Comunidad Autónoma.,20
AND_1990_PP_es.pdf,AND,1990,PP,es,- Establecer un sistema de control que permita a los Grupos conocer con regularidad la ejecución de los Presupuestos y las eventuales modificaciones de sus contenidos.,26
AND_1990_PP_es.pdf,AND,1990,PP,es,- Señalar comparecencias parlamentarias periódicas del Defensor del Pueblo y del Presidente de la Cámara de Cuentas.,17
AND_1990_PP_es.pdf,AND,1990,PP,es,"- Mejorar el servicio de documentación parlamentaria, posibilitando una similar información del Ejecutivo y del Parlamento.",16
AND_1990_PP_es.pdf,AND,1990,PP,es,"- Facilitar la publicidad de la actividad parlamentaria, promoviendo espacios televisivos y agilizando la publicación y difusión de las actas de las sesiones.",23
AND_1990_PP_es.pdf,AND,1990,PP,es,- Completar el proceso informatizador iniciado y dotar al Parlamento de los medios materiales y humanos que permitan un trabajo eficaz a sus miembros.,24
AND_1990_PP_es.pdf,AND,1990,PP,es,Proceder a su traslado definitivo a la sede del hospital de las Cinco Llagas.,14
AND_1990_PP_es.pdf,AND,1990,PP,es,- Regular un sistema estable de retribución de los parlamentarios estableciendo las incompatibilidades exigidas por la eficacia y transparencia de su función.,22
AND_1990_PP_es.pdf,AND,1990,PP,es,Son bien conocidas las reiteradas iniciativas del Partido Popular para restablecer una composición del Consejo General del Poder Judicial que garantice su independencia y elimine las actuales cortapisas a su legítimo protagonismo.,32
AND_1990_PP_es.pdf,AND,1990,PP,es,"Su éxito futuro repercutirá, sin duda, en una mejora de la Justicia para todos los andaluces.",16
AND_1990_PP_es.pdf,AND,1990,PP,es,Las transferencias realizadas por la Administración Central en los servicios relativos a esta función se encuentran muy por debajo de las previsiones del Estatuto de Andalucía.,26
AND_1990_PP_es.pdf,AND,1990,PP,es,"En éste, como en cualquier otro ámbito, sería irresponsable todo intento de ampliación de competencias mientras la Administración Pública andaluza continúe sufriendo el marasmo antes denunciado.",26
AND_1990_PP_es.pdf,AND,1990,PP,es,"Iniciados los frutos de la reforma administrativa propuesta, el Partido Popular de Andalucía es partidario de consumar transferencias pendientes y ejercer en su integridad el ámbito competencial estatutario.",28
AND_1990_PP_es.pdf,AND,1990,PP,es,"- El Partido Popular de Andalucía considera imprescindible la elaboración de un Libro Blanco de la Justicia en Andalucía, con el asesoramiento de las Asociaciones Profesionales de Jueces, Fiscales, Colegios de Abogados, representantes de los Cuerpos de funcionarios judiciales, Departamentos Universitarios etc, para evaluar el impacto sobre Andalucía de las poco meditadas reformas orgánicas de los últimos años.",58
AND_1990_PP_es.pdf,AND,1990,PP,es,"De acuerdo con sus conclusiones, y en sintonía con la reciente jurisprudencia constitucional, se promoverá la revisión de la demarcación territorial de los órganos jurisdicionales de Andalucía.",27
AND_1990_PP_es.pdf,AND,1990,PP,es,"A tal efecto se incluirá una propuesta de Mapa Judicial de Andalucía, que comprenderá los deseables incrementos de Planta y, en concreto el establecimiento de Juzgados de lo Penal en ciudades importantes distintas a las capitales de provincias.",38
AND_1990_PP_es.pdf,AND,1990,PP,es,Se acompañará igualmente un catálogo de necesidades personales y materiales.,10
AND_1990_PP_es.pdf,AND,1990,PP,es,"- El Partido Popular de Andalucía, ante la peculiar composición del Tribunal Superior de la Comunidad, único cuya sede se sitúa en capital distinta de la del Ejecutivo se opondrá a todo intento de asignación competencial o dotación de plazas que haga aparecer al Tribunal Superior de Justicia como un forzado anexo funcional del Ejecutivo autonómico.",56
AND_1990_PP_es.pdf,AND,1990,PP,es,"- Dadas las exigüas competencias de la Sala de lo Civil y Penal del Tribunal Superior, se promoverán para su elevación a las Cortes Generales, proposiciones que permitan incrementar sus competencias, descargando su actual agobio a las Salas del Tribunal Supremo.",41
AND_1990_PP_es.pdf,AND,1990,PP,es,"- El Partido Popular se compromete a crear en el primer año de la Legislatura el Consejo Consultivo de Andalucía, que ha de informar los reglamentos dictados en ejecución de leyes estatales y la revisión de actos declarativos de derechos en que se aprecie nulidad o manifiesta infracción de ley.",50
AND_1990_PP_es.pdf,AND,1990,PP,es,"Llamativamente, el proyecto de ley presentado en el Parlamento fue paralizado en Comisión por discrepancias internas del Grupo Socialista.",19
AND_1990_PP_es.pdf,AND,1990,PP,es,"Se deba estar paralisis a falta de interés por la creación de tan decisivo órgano de control, o a falta de voluntad política para mantener el compromiso de situar su sede en capital distinta de la de la Comunidad Autónoma, su creación resulta inaplazable.",44
AND_1990_PP_es.pdf,AND,1990,PP,es,- El Partido Popular de Andalucía propone un reforzamiento presupuestario de los servicios de Protección al Menor.,17
AND_1990_PP_es.pdf,AND,1990,PP,es,"La situación actual de este servicio, prácticamente el único transferido en relación a la Justicia, es todo un símbolo de la gestión socialista: como es sabido, un juez ha decidido poner en libertad a todos los menores, con amplio historial delictivo, acogidos en un centro de la Junta de Andalucía, ante la seguridad de que en él había menos posibilidades que en la calle de lograr los objetivos de reeducación e inserción social deseables.",74
AND_1990_PP_es.pdf,AND,1990,PP,es,"Se agilizarán, igualmente los trámites relativos a la adopción de menores, facilitando así un beneficioso ambiente familiar.",17
AND_1990_PP_es.pdf,AND,1990,PP,es,- El Partido Popular de Andalucía considera que hechos como los arriba señalados condicionan la responsable petición de ampliaciones de transferencias.,21
AND_1990_PP_es.pdf,AND,1990,PP,es,Se hallan pendientes las relativas a política penitenciaria.,8
AND_1990_PP_es.pdf,AND,1990,PP,es,"A la espera de que los frutos de la reforma administrativa propuesta permitan solicitar dicha transferencia, se arbitrarán los medios para colaborar en la mejora de las pésimas condiciones materiales de los centros penitenciarios.",34
AND_1990_PP_es.pdf,AND,1990,PP,es,"A la vez, se recabará del Gobierno Central su ubicación fuera de los cascos urbanos.",15
AND_1990_PP_es.pdf,AND,1990,PP,es,"- El Partido Popular de Andalucía exigirá, igualmente, medidas eficaces que garanticen la seguridad ciudadana, que se halla bajo mínimos en nuestra Comunidad Autónoma, muy especialmente en sus ciudades de mayor atractivo turístico.",33
AND_1990_PP_es.pdf,AND,1990,PP,es,"- Sin perjuicio de las medidas sanitarias, a las que se alude en otro capítulo de este Programa se reclamarán acciones coordinadas para combatir el tráfico, distribución y consumo público de drogas.",32
AND_1990_PP_es.pdf,AND,1990,PP,es,"Como es sabido, Andalucía se ha convertido en principal punto de entrada de dicho tráfico y soporta las consecuencias inmediatas de tan grave lacra social.",25
AND_1990_PP_es.pdf,AND,1990,PP,es,"Los datos estadísticos sobre la incidencia de este lamentable fenómeno imponen un obligado cambio de estrategia, para erradicar las consecuencias de una de las medidas más frívolas e inconscientes de la reforma penal socialista.",34
AND_1990_PP_es.pdf,AND,1990,PP,es,"- En materia de Protección Civil, consideramos necesario un programa educativo, a través de campañas de información y cursos en centros docentes, que haga consciente al ciudadano de la necesaria previsión ante situaciones de riesgo y la actitud adecuada en momentos de crisis.",43
AND_1990_PP_es.pdf,AND,1990,PP,es,"El Partido Popular de Andalucía propone una red de asistencia con equipos de Protección Civil en el ámbito municipal capaces de ejecutar un Plan Autonómico de Emergencia, que regule las fórmulas de colaboración, ante diversas situaciones, de las fuerzas de seguridad dependientes del Estado y de los municipios y su coordinación con instituciones y grupos sociales.",56
AND_1990_PP_es.pdf,AND,1990,PP,es,Se elaborarán planes específicos relativos a las zonas de alto riesgo de riadas y a las de especial incidencia de movimientos sísmicos.,22
AND_1990_PP_es.pdf,AND,1990,PP,es,"Se establecerá, igualmente, un diseño operativo específico en relación a todo el ámbito de influencia de la Expo-.",18
AND_1990_PP_es.pdf,AND,1990,PP,es,El Partido Popular de Andalucía es partidario de la ampliación exhaustiva de los ámbitos competenciales previstos por nuestro Estatuto de Autonomía.,21
AND_1990_PP_es.pdf,AND,1990,PP,es,"Considera imprescindible evitar la repetición de los graves errores cometidos, bajo gestión socialista, a la hora de valorar los servicios transferidos, así como revisar eficazmente los déficits de financiación provocados.",30
AND_1990_PP_es.pdf,AND,1990,PP,es,"Por otra parte, sólo los frutos de la reforma administrativa propuesta permitirán recabar nuevas transferencias sin incurrir en grave irresponsabilidad, dada la experiencia ofrecida por los años de gobierno autonómico socialista.",31
AND_1990_PP_es.pdf,AND,1990,PP,es,"- El Partido Popular de Andalucía declara su neta oposición a todo planteamiento neocentralista, proponiendo un sistema equilibrado, respetuoso con la autonomía provincial y municipal.",25
AND_1990_PP_es.pdf,AND,1990,PP,es,- Entendemos que todo ejercicio de la autonomía lleva consigo un compromiso de solidaridad.,14
AND_1990_PP_es.pdf,AND,1990,PP,es,"Conscientes de los desequilibrios territoriales de Andalucía, y sin perjuicio de la grave responsabilidad del Gobierno Central al respecto, apoyaremos la puesta en práctica de un Fondo de Compensación Interprovincial, a semejanza del previsto en la Constitución para una relación solidaria entre las Comunidades Autónomas.",45
AND_1990_PP_es.pdf,AND,1990,PP,es,"Semejante tarea asumirán, en sus ámbitos de competencia, las Diputaciones provinciales.",11
AND_1990_PP_es.pdf,AND,1990,PP,es,"- La coordinación autonómica dentro de la Comunidad Andaluza se basará en la supresión de exclusivismos competenciales, Articulando un consenso mediante convenios de cooperación entre las Administraciones implicadas.",28
AND_1990_PP_es.pdf,AND,1990,PP,es,"Es preciso superar la política socialista que, apelando a una presunta coordinación, ha procedido a concentrar masivamente competencias en la Junta, ignorando la autonomía de Diputaciones y Municipios, para delegarlas ocasionalmente después, sin la adecuada cobertura financiera.",37
AND_1990_PP_es.pdf,AND,1990,PP,es,"Para evitar fenómenos ya experimentados de ineficacia, duplicidad de servicios y prestaciones de escaso nivel, así como ocasionales despilfarros, consideramos exigencia inicial mínima el cumplimiento de la actual Ley de Diputaciones, convertida hoy en su versión práctica socialista en una pobre caricatura.",42
AND_1990_PP_es.pdf,AND,1990,PP,es,"La experiencia de un juego efectivo de sus previsiones permitiría, en el curso de la Legislatura, reformas que clarifiquen y potencien la autonomía provincial.",24
AND_1990_PP_es.pdf,AND,1990,PP,es,"- Proponemos la constitución de una Comisión Territorial de la Administración local, de acuerdo con lo previsto en la Ley de Bases correspondiente, que armonice los intereses públicos que concurren en los casos de competencia coincidente o compartida.",38
AND_1990_PP_es.pdf,AND,1990,PP,es,"Le correspondería la programación de las actividades y servicios compartidos, dosificando la participación en la gestión de las tres Administraciones, con arreglo a los principios de descentralización y acercamiento al ciudadano.",31
AND_1990_PP_es.pdf,AND,1990,PP,es,"Articularía, igualmente, la correspondiente cobertura económico-financiera, evitando la dispersión asistemática de convenios de colaboración aislados o subvenciones descontroladas e ineficaces.",20
AND_1990_PP_es.pdf,AND,1990,PP,es,"- El Partido Popular de Andalucía propone un sistema flexible que combine, de acuerdo con exigencias funcionales y ambientales, la implantación de estructuras comarcales, especialmente en zonas rurales, con el recurso a las áreas metropolitanas, en zonas como la Bahía de Cadiz o la Costa del Sol, con el acuerdo siempre de los Ayuntamientos afectados.",55
AND_1990_PP_es.pdf,AND,1990,PP,es,"Debe huirse de toda rigidez uniformista, condenada inevitablemente a la parálisis burocrática.",12
AND_1990_PP_es.pdf,AND,1990,PP,es,Se establecerán criterios rigurosos y objetivos para la alteración de términos municipales.,12
AND_1990_PP_es.pdf,AND,1990,PP,es,"Cuando éstos se cumplan, han de surgir nuevos Ayuntamientos y no las pedanías encubiertas incluidas en un proyecto que los socialistas no se han atrevido a cursar.",27
AND_1990_PP_es.pdf,AND,1990,PP,es,"- Sin incurrir en demagogías al uso, respetando las competencias de política exterior del Gobierno central, el Partido Popular de Andalucía, sensible a los problemas específicos que, como consecuencia de los Tratados internacionales suscritos por España, afectan a los municipios andaluces de Rota y Morón, apoyará en contacto con sus Ayuntamientos iniciativas que mejoren sus condiciones sociales.",57
AND_1990_PP_es.pdf,AND,1990,PP,es,Similar actitud mantendrá en relación a los municipios del Campo de Gibraltar.,12
AND_1990_PP_es.pdf,AND,1990,PP,es,"- El Partido Popular de Andalucía considera indispensable la inmediata puesta en marcha del Consejo Económico y Social de Andalucía, con representación de todos los agentes sociales significativos: Centrales Sindicales sin discriminación alguna, Organizaciones Empresariales, Colegios Profesionales, Cámaras de Comercio y de la Propiedad.",44
AND_1990_PP_es.pdf,AND,1990,PP,es,"- Proponemos la aprobación de una Ley de Colegios Profesionales de Andalucía, rechazada hasta el momento por el Grupo Socialista, para desarrollar el artículo .",25
AND_1990_PP_es.pdf,AND,1990,PP,es,"de nuestro Estatuto, en consenso con los grupos profesionales afectados, haciendo posible el estable diálogo social que propugnamos.",18
AND_1990_PP_es.pdf,AND,1990,PP,es,"El Partido Popular de Andalucía considerá que la Televisión autonómica ha de diseñarse como un servicio público de carácter cultural, con arreglo a criterios de eficiencia y austeridad.",28
AND_1990_PP_es.pdf,AND,1990,PP,es,"Se evitarán imitaciones reduplicativas, que llevarían a una competencia tan innecesaria como desleal y a una dependencia económica de la publicidad empobrecedora de sus contenidos.",25
AND_1990_PP_es.pdf,AND,1990,PP,es,Una Televisión Autonómica sólo se justifica si contribuye a vertebrar cultural e informativamente a Andalucía.,15
AND_1990_PP_es.pdf,AND,1990,PP,es,"La gestión socialista del Canal Sur ha imitado los defectos de la televisión estatal, logrando incluso superarlos con notable mérito.",20
AND_1990_PP_es.pdf,AND,1990,PP,es,"La desmesura en el gasto y el descontrol de su funcionamiento la han convertido en pieza fundamental de los nuevos planteamientos de pandereta, que presentan a Andalucía como la tierra de la picaresca y la frivolidad en el manejo de los fondos públicos.",43
AND_1990_PP_es.pdf,AND,1990,PP,es,"Todo ello ha llevado a una duda permanente sobre los administradores de la R.T.V.A.; al despilfarro de su presupuesto, que supera los veinte mil millones de ptas; al desorden administrativo, con gran número de cargos de libre designación, así como contratos de servicios que encubren irregularmente contrataciones laborales permanentes; al derroche de medios en la contratación de producciones, en beneficio de Sociedades constituidas a tal efecto.",66
AND_1990_PP_es.pdf,AND,1990,PP,es,"Se ha osbtaulizado sistemáticamente el control de la gestión por parte del Consejo de Administración, incurriendo los Directores Generales en evidente falta de respeto en sus informes al Parlamento, opiniones e informativos, siendo notoria la ausencia de líderes andaluces sindicales y políticos, dentro de una tónica de escaso pluralismo, extendida a los programas de opinión.",55
AND_1990_PP_es.pdf,AND,1990,PP,es,El escaso nivel de los programas educativos y culturales traslada a la opinión pública una visión de Andalucía tópica y trasnochada.,21
AND_1990_PP_es.pdf,AND,1990,PP,es,"Por todo ello, el Partido Popular de Andalucía propone: - Reformar la ley de la R.T.V.A., garantizando su independencia del Gobierno Autonómico y su supervisión por parte del Consejo de Administración y de la Comisión Parlamentaria correspondiente.",37
AND_1990_PP_es.pdf,AND,1990,PP,es,"El Consejo de Administración, elegirá de entre sus miembros por mayoría de tres quintos al Director General.",17
AND_1990_PP_es.pdf,AND,1990,PP,es,Este deberá comparecer mensualmente ante la Comisión Parlamentaria de control.,10
AND_1990_PP_es.pdf,AND,1990,PP,es,"- Racionalizar la organización interna y relación de puestos de trabajo, sustituyendo la libre designación por criterios profesionales de mérito y capacidad.",22
AND_1990_PP_es.pdf,AND,1990,PP,es,- Ampliar la cobertura hasta extenderla a todo el territorio andaluz.,11
AND_1990_PP_es.pdf,AND,1990,PP,es,"Reducir el presupuesto de explotación, dedicando las horas de programación a espacios de calidad cultural y educativa.",17
AND_1990_PP_es.pdf,AND,1990,PP,es,- Acrecentar el pluralismo político y social en espacios informativos y de opinión.,13
AND_1990_PP_es.pdf,AND,1990,PP,es,- Limitar la publicidad y adecuar sus tarifas a las vigentes en el mercado.,14
AND_1990_PP_es.pdf,AND,1990,PP,es,Sacar a concurso público las frecuencias radiofónicas.,7
AND_1990_PP_es.pdf,AND,1990,PP,es,"- Iniciar estudios legales para que, bajo determinadas condiciones, la Televisión Andaluza pueda ser gestionada por entidades privadas.",18
AND_1990_PP_es.pdf,AND,1990,PP,es,"- Crear un servicio, dependiente del Parlamento de Andalucía que controle la aparición de los diversos líderes y grupos políticos y sociales, respetando los criterios informativos de los profesionales del medio.",31
AND_1990_PP_es.pdf,AND,1990,PP,es,"- El Partido Popular de Andalucía considera indispensable, para garantizar la libre comunicación que fundamenta el orden democrático: - La creación de un Colegio Profesional de Periodistas, para que los profesionales, en ejercicio de una libre adscripción, se vean protegidos de intromisiones de los poderes públicos y de todo intrusismo laboral.",51
AND_1990_PP_es.pdf,AND,1990,PP,es,"- Elaborar una Ley de la Publicidad Institucional, que corrija los actuales abusos y discriminaciones en el empleo de los fondos públicos destinados a tal fin.",26
AND_1990_PP_es.pdf,AND,1990,PP,es,El PARTIDO POPULAR DE ANDALUCIA considera como objetivo prioritario de su programa el desarrollo de una auténtica política social.,19
AND_1990_PP_es.pdf,AND,1990,PP,es,"No una actuación marginal o de mera beneficencia, sino una actuación eficaz que transforme y haga más justas y equilibradas todas las políticas sectoriales incluidas en nuestro proyecto político para Andalucía.",31
AND_1990_PP_es.pdf,AND,1990,PP,es,"Para hacerla realidad, será preciso acudir a la raíz de los problemas, erradicando las causas que provocan las desigualdades y marginaciones mediante las oportunas medidas preventivas.",26
AND_1990_PP_es.pdf,AND,1990,PP,es,"Es decisivo reconocer y promocionar el papel protagonista que en estas materias corresponde a la sociedad, y sobre todo a la familia.",22
AND_1990_PP_es.pdf,AND,1990,PP,es,"Para propiciar la participación de entidades de iniciativa social nos proponemos modificar la Ley , de de abril, de Servicios Sociales de Andalucía, sobre todo sus Títulos IV a VI.",30
AND_1990_PP_es.pdf,AND,1990,PP,es,"Han de adoptarse medidas urgentes, dado el estado en que se encuentran los Servicios Sociales en Andalucía, tras el manifiesto fracaso de la política socialista que mantiene en nuestra Comunidad una altísima tasa de paro; y que no ha sido capaz de desarrollar la Ley de Servicios Sociales mediante conciertos con instituciones privadas, aportando la financiación adecuada o poniendo en marcha los Consejos de Servicios Sociales.",66
AND_1990_PP_es.pdf,AND,1990,PP,es,Un aspecto sobresaliente de nuestra región es la existencia de una importante fuerza laboral desempleada o subempleada.,17
AND_1990_PP_es.pdf,AND,1990,PP,es,"Esta situación, junto con la pobreza y marginación social, constituye no solamente un gravísimo problema ético, sino un colosal obstáculo para el desarrollo económico y social de Andalucía.",28
AND_1990_PP_es.pdf,AND,1990,PP,es,"Todo nuestro programa gravita, por consiguiente, en el ofrecimiento de un Proyecto Global de Desarrollo para Andalucía, capaz de inducir un crecimiento sostenido autónomo, absorber las bolsas de trabajo desempleadas y erradicar la pobreza y la marginación hoy existentes.",39
AND_1990_PP_es.pdf,AND,1990,PP,es,"Para hacer posible este crecimiento serán imprescindibles medidas de tipo económico que eleven la aportación del PIB andaluz al total nacional, cambiar las condiciones económicas para que la creación de empleo sea real, fomentar el diálogo social y hacer menos rígidas las estructuras, estimular vocaciones de empresarios, así como el cooperativismo y el asociacionismo laboral.",55
AND_1990_PP_es.pdf,AND,1990,PP,es,"Junto a estas medidas, es necesario implantar programas para facilitar la incorporación de colectivos afectados de una manera especial por el desempleo, como son las mujeres (sobre todo las que llegan tardíamente al mundo laboral), los jóvenes, los minusválidos y los residentes en zonas rurales.",45
AND_1990_PP_es.pdf,AND,1990,PP,es,"Para llevar a cabo los programas de creación de empleo se propone: - Potenciar el Plan Andalucía Joven, orientándolo hacia campos profesionales de mayor utilidad.",25
AND_1990_PP_es.pdf,AND,1990,PP,es,"- Actuar sobre la Formación Profesional, tanto reglada como ocupacional, adecuando sus enseñanzas a las demandas del mercado de trabajo.",20
AND_1990_PP_es.pdf,AND,1990,PP,es,"- Reciclar a los jóvenes con titulaciones sin salida profesional, mediante cursos que permitan su cualificación en campos más competitivos.",20
AND_1990_PP_es.pdf,AND,1990,PP,es,- Facilitar el acceso de las mujeres que trabajan en tareas domésticas a cursos de Formación Profesional Ocupacional.,18
AND_1990_PP_es.pdf,AND,1990,PP,es,- Favorecer la creación de centros especiales de empleo para minusválidos.,11
AND_1990_PP_es.pdf,AND,1990,PP,es,Andalucía es la segunda Comunidad Autónoma con mayor número de emigrantes de toda España.,14
AND_1990_PP_es.pdf,AND,1990,PP,es,andaluces residen en el extranjero.,5
AND_1990_PP_es.pdf,AND,1990,PP,es,Al Partido Popular de Andalucía le preocupa las condiciones de vida de estos andaluces fuera de su tierra.,18
AND_1990_PP_es.pdf,AND,1990,PP,es,"Desde el gobierno de la Junta, pondrá en marcha un programa de protección de los intereses andaluces en el exterior dirigido a las siguientes metas: - Para la juventud emigrante, se propone incrementar y agilizar la concesión de becas en Andalucía destinadas a hijos y nietos de emigrantes, así como los programas de estancia y formación temporal en Andalucía.",59
AND_1990_PP_es.pdf,AND,1990,PP,es,"- Para nuestros mayores, integración en el Sistema de Seguridad Social a los que hubieran cumplido años cuando regresen a Andalucía, hayan cotizado o no.",25
AND_1990_PP_es.pdf,AND,1990,PP,es,"- Desarrollar un amplio programa de Formación Profesional para emigrantes andaluces, que facilite su regreso e incorporación a la vida andaluza.",21
AND_1990_PP_es.pdf,AND,1990,PP,es,"- Crear Unidades de Servicio al Emigrante Andaluz, que estarán dotadas de personal cualificado en las áreas jurídica, laboral y asistencial.",21
AND_1990_PP_es.pdf,AND,1990,PP,es,"Estas oficinas prestarán todos aquellos servicios que necesiten los andaluces emigrantes: apoyo en el cobro de pensiones, orientación sobre inversiones en España, asesoría laboral en los contratos temporales, apoyo logístico y de guardería, ayudas para el retorno a España, etc.",40
AND_1990_PP_es.pdf,AND,1990,PP,es,"Se establecerá un servicio periódico de difusión cultural y de información sobre acontecimientos sociales, políticos y culturales de los andaluces.",20
AND_1990_PP_es.pdf,AND,1990,PP,es,"- Aportar respaldo económico a las Casas y Centros Andaluces en el extranjero, facilitando la creación de bibliotecas y videotecas sobre temas andaluces.",23
AND_1990_PP_es.pdf,AND,1990,PP,es,Igualmente se pondrá en marcha un programa que facilite a nuestros emigrantes la recepción de prensa andaluza.,17
AND_1990_PP_es.pdf,AND,1990,PP,es,- Durante los actos de se facilitará la asistencia de los andaluces emigrantes.,13
AND_1990_PP_es.pdf,AND,1990,PP,es,La particular incidencia en Andalucía de carencias sociales difícilmente concebibles en el ámbito europeo exige la inmediata puesta en marcha de fórmulas capaces de garantizar cobertura mínima a todos los ciudadanos.,31
AND_1990_PP_es.pdf,AND,1990,PP,es,Las recomendaciones comunitarias sobre el establecimiento de ingresos mínimos al alcance de todos los ciudadanos han encontrado eco en Comunidades Autónomas españolas capaces de asumir por su potencial económico y la consiguiente escasez de población afectadas por dichas carencias tal cobertura.,41
AND_1990_PP_es.pdf,AND,1990,PP,es,"Por idénticas razones, el Gobierno andaluz no podría actuar del mismo modo, ni sería justo que asumiera las consecuencias de años de discriminación, sin la obligada asistencia de la Administración Central.",31
AND_1990_PP_es.pdf,AND,1990,PP,es,Similar objetivo parece suscribir las propuestas surgidas en el mundo sindical en favor de un mal llamado salario social.,19
AND_1990_PP_es.pdf,AND,1990,PP,es,"En una Andalucía que experimenta los mayores índices nacionales de desempleo, calificar de salario a estas obligadas fórmulas de cobertura social mínima no parece un prodigio de oportunidad.",28
AND_1990_PP_es.pdf,AND,1990,PP,es,"El Partido Popular de Andalucía defiende el establecimiento inmediato, con el apoyo de la Administración Central, de una fórmula de cobertura social que contemple detenidamente la situación de la unidad familiar, contrarrestando así su actual penalización.",36
AND_1990_PP_es.pdf,AND,1990,PP,es,Plantear en Andalucía desde una perspectiva meramente individual la subsanación de carencias básicas supondría desconocer radicalmente nuestra realidad social.,19
AND_1990_PP_es.pdf,AND,1990,PP,es,"Por todo ello, sin perjuicio de la necesidad de acciones sociales complementarias, proponemos la puesta a disposición de una renta familiar garantizada de .",24
AND_1990_PP_es.pdf,AND,1990,PP,es,"mensuales, que se incrementarán en .",6
AND_1990_PP_es.pdf,AND,1990,PP,es,por cada persona a su cargo.,6
AND_1990_PP_es.pdf,AND,1990,PP,es,Tendrán derecho a ella todos los ciudadanos que no dispongan de tales ingresos por ninguna otra vía.,17
AND_1990_PP_es.pdf,AND,1990,PP,es,"Esta medida ha de complementarse con un cambio radical de la política familiar, que desborda las competencias de la Comunidad Autónoma, en concordancia con las exigencias de una elemental justicia y en sintonía con la actitud actual de los gobiernos comunitarios.",41
AND_1990_PP_es.pdf,AND,1990,PP,es,Andalucía se halla hoy prácticamente bajo un estado de excepción social.,11
AND_1990_PP_es.pdf,AND,1990,PP,es,A buena parte de los andaluces se les niega el disfrute de elementales derechos económicos y sociales.,17
AND_1990_PP_es.pdf,AND,1990,PP,es,"Lo que es peor, se les anima implícitamente a aceptar tal situación, e incluso se favorecen sistemas que hagan pensar que es realmente buscada y deseada por los propios ciudadanos.",30
AND_1990_PP_es.pdf,AND,1990,PP,es,"El de los que, faltos de todo otro horizonte, se acogen al subsidio agrario tienen entre y años, mientras menos del llega a superar los .",26
AND_1990_PP_es.pdf,AND,1990,PP,es,"Esta situación exige una doble respuesta positiva: una eficaz política de empleo y un planteamiento de los subsidios sustitutorios que, al margen de demagógicas amenazas (si no ganamos lo quitarán.",30
AND_1990_PP_es.pdf,AND,1990,PP,es,") deje muy claros tres aspectos de su situación actual: es insuficiente en su cuantía, discrimina a los hombres del campo en relación a los desempleados de otros sectores y está sometido a unos trámites (las jornadas y sus correspondientes firmas) que sitúan a sus preceptores, y a todos los implicados en el proceso, en situaciones tan innecesariamente complicadas como poco dignas.",62
AND_1990_PP_es.pdf,AND,1990,PP,es,El Partido Popular de Andalucía no dudará en abordar decididamente estos aspectos.,12
AND_1990_PP_es.pdf,AND,1990,PP,es,"La eficacia de una política de empleo en el ámbito rural, disuasoria de la subsidición depende de tres factores: cualificación profesional previa, nivel de remuneración competitivo y estabilidad laboral.",29
AND_1990_PP_es.pdf,AND,1990,PP,es,Todo ello exige la creación de una infraestructura de explotaciones agrícolas y empresas transformadas capaces de cumplir tales objetivos.,19
AND_1990_PP_es.pdf,AND,1990,PP,es,"A ello contribuirán medidas a las que se alude en otros capítulos de este Programa: creación de industrias que permitan desarrollar ciclos completos y faciliten el acercamiento de los productos a los centros de consumo, generando mayor valor añadido; modernización de las empresas agrarias, con creación de empleo estable; facilitar el acceso de jóvenes agricultores a la propiedad; formación profesional que proporcione una cualificación integral; compensación al empresario por la utilización extensiva de mano de obra; impedir caída salarial por exceso de oferta de mano de obra no cualificada en períodos de alto desempleo.",94
AND_1990_PP_es.pdf,AND,1990,PP,es,"Hasta que no logren tales objetivos es evidente que han de mantenerse los mecanismos de subsidio actuales, corrigiendo la triple deficiencia apuntada.",22
AND_1990_PP_es.pdf,AND,1990,PP,es,Sugerir que un rival político pueda hacer lo contrario es tan malintencionado y absurdo como asegurar que estaría dispuesto a volar las carreteras.,23
AND_1990_PP_es.pdf,AND,1990,PP,es,"El Partido Popular de Andalucía propone, en concreto, estas medidas: - Aumento de la dotación del actual subsidio agrario hasta equipararlo a todos los efectos al de otros sectores productivos.",30
AND_1990_PP_es.pdf,AND,1990,PP,es,"- Eliminación de la actual discriminación, que reduce a veinte días al mes su posible percepción.",16
AND_1990_PP_es.pdf,AND,1990,PP,es,"- Replanteamiento del sistema actual, basado en la existencia de un número de jornadas trabajadas (certificadas por las famosas firmas, que originan una espiral de actitudes forzadas), sustituyéndolo por otro más simple, basado en una doble disponibilidad: para el trabajo y para la formación.",44
AND_1990_PP_es.pdf,AND,1990,PP,es,"Todo el que, estando dispuesto a trabajar no recibe empleo, mostrándose a la vez disponible para participar en cursos de cualificación y reciclaje, recibirá el subsidio indefinidamente.",27
AND_1990_PP_es.pdf,AND,1990,PP,es,"Los medios técnicos, al uso en cualquier país de nuestro entorno, garantizarán la absoluta agilidad para pasar de la situación de subsidiado a la de empleado cuantas veces sea preciso, en casos de empleo eventual.",35
AND_1990_PP_es.pdf,AND,1990,PP,es,"- Para afrontar desajusté en el replanteamiento del sistema, el Partido Popular de Andalucía suscribe una fórmula de garantía: se establecerán las compensaciones necesarias para que a lo largo de los años de la próxima Legislatura nadie deje de percibir, al menos, un volumen de ingresos equivalente a las prestaciones recibidas en los últimos doce meses.",56
AND_1990_PP_es.pdf,AND,1990,PP,es,"- El Plan de Empleo Rural (PER) se mantiene, como una fuente más de oferta de empleos, eliminando igualmente todo tipo de firmas, ya que el trabajo desarrollado no es condición para el futuro cobro del subsidio, sino que se limita a interrumpir ocasionalmente su percepción.",46
AND_1990_PP_es.pdf,AND,1990,PP,es,Se arbitrarán las medidas para evitar que sus programas coincidan con épocas de oferta estacional de empleos agrarios.,18
AND_1990_PP_es.pdf,AND,1990,PP,es,"La política dirigida a la juventud en nuestra Comunidad Autónoma ha de partir necesariamente de la participación de los jóvenes, mediante la descentralización y por la coordinación entre los distintos organismos y administraciones públicas.",34
AND_1990_PP_es.pdf,AND,1990,PP,es,"En este sentido, deberá llevarse a cabo desde el gobierno regional una tarea de: - Información y asesoramiento.",18
AND_1990_PP_es.pdf,AND,1990,PP,es,"- Puesta en marcha del Programa de turismo juvenil, mediante los oportunos convenios.",13
AND_1990_PP_es.pdf,AND,1990,PP,es,"- Fomento del asociacionismo juvenil, de las residencias, de los albergues, los intercambios y la formación de un amplio movimiento cultural no intervenido.",23
AND_1990_PP_es.pdf,AND,1990,PP,es,- Potenciación del Consejo Andaluz de la Juventud.,8
AND_1990_PP_es.pdf,AND,1990,PP,es,- Creación de instalaciones deportivas en todas las comarcas y municipios de Andalucía.,13
AND_1990_PP_es.pdf,AND,1990,PP,es,"Asimismo, teniendo la Comunidad Autónoma competencia exclusiva en la promoción de actividades y servicios para la Juventud, y siendo objetivo básico de su Estatuto la garantía de puestos de trabajo para las jóvenes generaciones de andaluces, el Partido Popular de Andalucía propone: - Fomentar el cooperativismo en el medio rural, estableciendo créditos blandos y financiación oficial.",56
AND_1990_PP_es.pdf,AND,1990,PP,es,"- Orientar al joven rural, a través de campaña y cursos sobre actividades y empleos alternativos, hacia el sector de servicios agroindustriales y de artesanías.",25
AND_1990_PP_es.pdf,AND,1990,PP,es,- Ampliar de seis a nueve semanas los beneficios del Plan Andalucía Joven.,13
AND_1990_PP_es.pdf,AND,1990,PP,es,- Fomentar planes especiales de vivienda juvenil en régimen de alquiler.,11
AND_1990_PP_es.pdf,AND,1990,PP,es,"- Potenciar la formación profesional, especialmente en aquellos sectores donde Andalucía tiene carencias.",13
AND_1990_PP_es.pdf,AND,1990,PP,es,- Defender una progresiva regionalización del Servicio Militar.,8
AND_1990_PP_es.pdf,AND,1990,PP,es,"- Articular una política formativa, que sensibilice a los jóvenes ante las toxicomanías y crear programas de atención sanitaria adecuados para los drogodependientes.",23
AND_1990_PP_es.pdf,AND,1990,PP,es,- Promover centros subvencionados de rehabilitación y posterior reinserción de toxicómanos.,11
AND_1990_PP_es.pdf,AND,1990,PP,es,El Partido Popular de Andalucía entiende que el protagonismo del deporte corresponde a la sociedad y no a los poderes públicos.,21
AND_1990_PP_es.pdf,AND,1990,PP,es,"Por ello, desde el gobierno de la Junta apoyará decididamente a Federaciones, Clubs y Asociaciones deportivas.",16
AND_1990_PP_es.pdf,AND,1990,PP,es,"Igualmente se compromete a: - Poner en marcha un plan de actuación que corrija la actual descoordinación de iniciativas, el atraso en material de instalaciones y la escadez de técnicos y monitores especializados.",33
AND_1990_PP_es.pdf,AND,1990,PP,es,- Integrar y Desarrollar la actividad física y deportiva en todo el sistema educativo.,14
AND_1990_PP_es.pdf,AND,1990,PP,es,- A poner un especial interés en las actividades deportivas para minusválidos y sectores sociales más necesitados.,17
AND_1990_PP_es.pdf,AND,1990,PP,es,"- Fomentar el asociacionismo deportivo en todas sus manifestaciones, como marco idóneo para la práctica deportiva.",16
AND_1990_PP_es.pdf,AND,1990,PP,es,"- Coordinar toda la gestión deportiva con las entidades locales y provinciales, apoyando sus actuaciones.",15
AND_1990_PP_es.pdf,AND,1990,PP,es,"- Planificar y construir una red adecuada de instalaciones deportivas, apoyar iniciativas para atraer a Andalucía campeonatos nacionales e internacionales.",20
AND_1990_PP_es.pdf,AND,1990,PP,es,- Difundir el conocimiento y la enseñanza del deporte fomentando la creación de escuelas deportivas.,15
AND_1990_PP_es.pdf,AND,1990,PP,es,El Partido Popular de Andalucía considera especialmente preocupante e injusto el estado de abandono en que se encuentran un número importante de personas mayores en nuestra Comunidad Autónoma.,28
AND_1990_PP_es.pdf,AND,1990,PP,es,"Propone las siguientes medidas de gobierno para este colectivo: - Implantar un sistema de Acogida Familiar de Ancianos, como alternativa al tradicional de las residencias de la Tercera Edad.",29
AND_1990_PP_es.pdf,AND,1990,PP,es,Este sistema se dirigirá a integrar a las personas mayores en familias de su mismo entorno social.,17
AND_1990_PP_es.pdf,AND,1990,PP,es,"- Promover un verdadero sistema de ayuda a domicilio, que incluya cuidados sanitarios elementales y que evite al anciano el alejamiento de su medio familiar y de conveniencia.",28
AND_1990_PP_es.pdf,AND,1990,PP,es,- Contemplar un programa de compensaciones económicas a las unidades familiares que atiendan en su seno personas de la tercera edad.,21
AND_1990_PP_es.pdf,AND,1990,PP,es,"- Creación, en los Centros de Salud, de unidades de atención geriátrica, con servicios de medicina preventiva y asistencial, acompañado de la extensión gratuita de prestaciones sanitarias no cubiertas en la actualidad.",32
AND_1990_PP_es.pdf,AND,1990,PP,es,- Promover campañas de formación al prejubilado.,7
AND_1990_PP_es.pdf,AND,1990,PP,es,- Proporcionar ayudas para eliminar las barreras arquitectónicas y funcionales en los hogares donde existan personas de la tercera edad.,20
AND_1990_PP_es.pdf,AND,1990,PP,es,"- Favorecer un voluntariado de personas de la tercera edad que quieran colaborar, en la medida de sus posibilidades, en materias educativas y asistenciales (Colegios, Escuelas Taller, Centros Ocupacionales Guarderías, etc.).",31
AND_1990_PP_es.pdf,AND,1990,PP,es,- De manera especial se atenderá a los ancianos inválidos concertando con la iniciativa social las plazas necesarias para cuidar a las personas de este colectivo.,26
AND_1990_PP_es.pdf,AND,1990,PP,es,"- Diseñar un amplio programa de hogares tutelados y minirresidencias, que permitan a este colectivo una vida digna e independiente.",20
AND_1990_PP_es.pdf,AND,1990,PP,es,Evitaremos la asistencia institucional masificada.,5
AND_1990_PP_es.pdf,AND,1990,PP,es,"El Partido Popular de Andalucía tiene un decidido empeño en hacer realidad la igualdad social de los minusválidos físicos, psíquicos y sensoriales.",22
AND_1990_PP_es.pdf,AND,1990,PP,es,"Por eso, además de reconocer el derecho que los propios afectados o sus familias Dener a ser protagonistas en el diseño de la política social que necesitan, propone las siguientes medidas: - Creación de Unidades de estimulación precoz en todas las cabeceras de comarcas.",44
AND_1990_PP_es.pdf,AND,1990,PP,es,- Modificar los requisitos exigidos para acceder a las ayudas que se indican en la Ley de Integración Social del Minusválido para que puedan acceder a ellas un mayor número de minusválidos.,32
AND_1990_PP_es.pdf,AND,1990,PP,es,- Establecer de manera inmediata conciertos con asociaciones e instituciones sociales que se dediquen a la atención de minusválidos.,19
AND_1990_PP_es.pdf,AND,1990,PP,es,- Promover la creación de una red suficiente de hogares tutelados para minusválidos.,13
AND_1990_PP_es.pdf,AND,1990,PP,es,"- Eliminar las barreras arquitectónicas y funcionales que aún persisten en edificios públicos y transportes colectivos, incentivando la supresión de las barreras en el sector privado.",26
AND_1990_PP_es.pdf,AND,1990,PP,es,- Extensión a los colectivos de minusválidos de las campañas de vacaciones pagadas y visitas a balnearios que ahora existen sólo para las personas de la tercera edad.,28
AND_1990_PP_es.pdf,AND,1990,PP,es,- Aprobar las disposiciones legales necesarias para que se contemple un cupo de plazas para minusválidos en cuantas oposiciones o concursos se convoquen en nuestra Comunidad Autónoma.,27
AND_1990_PP_es.pdf,AND,1990,PP,es,- Igualmente se reservarán plazas para minusválidos en actos culturales y deportivos promovidos por las administraciones públicas.,17
AND_1990_PP_es.pdf,AND,1990,PP,es,- Se incrementarán las ayudas y subvenciones a las asociaciones de autocuidado.,12
AND_1990_PP_es.pdf,AND,1990,PP,es,"- Especial atención se pondrá en nuestra acción de gobierno a los minusválidos psíquicos profundos y los grandes inválidos, creando o concertando centros específicos para su atención y cuidado.",29
AND_1990_PP_es.pdf,AND,1990,PP,es,- Las residencias adjuntas a centros específicos de Educación Especial de E.G.B. y F.P. tendrán el mismo tratamiento legal y económico que las Residencias Escolares y las Escuelas Hogares.,29
AND_1990_PP_es.pdf,AND,1990,PP,es,"El Partido Popular de Andalucía prestará especial atención a los colectivos de minorías étnicas existentes en nuestra comunidad, impulsando una política social que tenga presente sus propias características culturales y sociales y sus especiales formas de vida.",37
AND_1990_PP_es.pdf,AND,1990,PP,es,De manera significativa se atenderá a la comunidad gitana mejorando los servicios para su atención y procurando una mayor eficacia.,20
AND_1990_PP_es.pdf,AND,1990,PP,es,"Para los colectivos africanos, se dictarán las normas oportunas, hasta conseguir normalizar su situación legal y laboral.",17
AND_1990_PP_es.pdf,AND,1990,PP,es,"Igualmente se establecerá un programa de atención a transeúntes sean o no pertenecientes a estos colectivos, con albergues e instituciones que tengan como fin ayudarles a abandonar su precaria situación.",30
AND_1990_PP_es.pdf,AND,1990,PP,es,"La acción de Gobierno del Partido Popular de Andalucía extenderá los beneficios de su política social a todos los colectivos que los necesiten, tales como infancia, marginada, mujeres maltratadas, exreclusos, etc.",31
AND_1990_PP_es.pdf,AND,1990,PP,es,"A tal fin se tomarán las siguientes medidas: - Potenciación de las instituciones que atienden a niños, sobre todo las que lo hagan en régimen de pisos tutelados.",28
AND_1990_PP_es.pdf,AND,1990,PP,es,- Medidas legales contra aquellos adultos que obliguen a los niños a ejercer la mendicidad.,15
AND_1990_PP_es.pdf,AND,1990,PP,es,"- Las inspecciones de trabajo prestarán especial atención para impedir el trabajo de menores de años y vigilará las condiciones de trabajo de los jóvenes, especialmente de los que tienen la categoría de aprendices, para que no produzcan abusos y se cumplan las disposiciones sobre seguridad e higiene.",48
AND_1990_PP_es.pdf,AND,1990,PP,es,- Se creará una oficina para la atención de las familias de los interesados en instituciones penitenciarias y para la reinserción social de los exreclusos.,25
AND_1990_PP_es.pdf,AND,1990,PP,es,"Para que esta política social sea realmente eficaz, es necesario que se pongan a su disposición todos los recursos posibles coordinando políticas sectoriales: educación, trabajo, cultura, salud, etc.",28
AND_1990_PP_es.pdf,AND,1990,PP,es,Es preciso evitar que se produzcan descoordinaciones o duplicaciones de los servicios.,12
AND_1990_PP_es.pdf,AND,1990,PP,es,"Para evitar esta situación proponemos incluir los Servicios Sociales entre las competencias de la Consejería de Gobernación, haciendo depender de ella el Instituto Andaluz de Servicios Sociales (I.A.S.S.).",28
AND_1990_PP_es.pdf,AND,1990,PP,es,Desde la Consejería de Gobernación se establecerán de una forma más eficaz en cada provincia las funciones de coordinación y planificación que asigna la Ley de Servicios Sociales de Andalucía a la Administración Autonómica.,34
AND_1990_PP_es.pdf,AND,1990,PP,es,"El Partido Popular de Andalucía recabará la participación de todos los sectores implicados en los servicios sociales, poniendo en marcha con carácter urgente los Consejos de Servicios Sociales, establecidos por la Ley en y aún no constituidos.",37
AND_1990_PP_es.pdf,AND,1990,PP,es,Igualmente primará la existencia de voluntariado social.,7
AND_1990_PP_es.pdf,AND,1990,PP,es,"Reconocemos el papel protagonista de la iniciativa social, rechazando que se la conciba como subsidiaria de los poderes públicos.",19
AND_1990_PP_es.pdf,AND,1990,PP,es,"La invitaremos a una mayor participación incentivándola y ofreciendo conciertos y ayudas económicas para mantenimiento, construcción y equipamiento.",18
AND_1990_PP_es.pdf,AND,1990,PP,es,"Igualmente se apoyarán Servicios Sociales Comunitarios, integrando todos los recursos, estatales o no, que existan en cada ámbito de trabajo social.",21
AND_1990_PP_es.pdf,AND,1990,PP,es,"De manera general, se considerarán las ayudas a domicilio como forma de acción preferente, incluyendo servicios de salud, geriátricos y de servicios domésticos.",23
AND_1990_PP_es.pdf,AND,1990,PP,es,- El Partido Popular de Andalucía se compromete a garantizar la efectiva igualdad de todos los andaluces en el ejercicio de la libertad de enseñanza.,25
AND_1990_PP_es.pdf,AND,1990,PP,es,"- Los centros estatales han de contar con personal y medios materiales que posibiliten la máxima calidad de su enseñanza, evitando concebirlos como oferta de fácil acceso pero ajena a atractivos de dotación y rendimientos cualitativos.",36
AND_1990_PP_es.pdf,AND,1990,PP,es,"Con respecto al pluralismo ideológico, somos abiertamente contrarios a todo monopolio escolar o intento de escuela única, sea cual sea su signo.",22
AND_1990_PP_es.pdf,AND,1990,PP,es,"- Consideramos que los padres, y en su caso los alumnos, son los principales protagonistas del proceso educativo.",18
AND_1990_PP_es.pdf,AND,1990,PP,es,"El derecho de los padres a elegir la formación que desean para sus hijos exige una efectiva posibilidad de elección de centro y modelo educativo, así como su participación directa en la marcha del mismo.",35
AND_1990_PP_es.pdf,AND,1990,PP,es,"- El profesorado tiene derecho a disponer de los medios necesarios para poder llevar a cabo con calidad su tarea y gozar, a la vez, del respeto y dignidad social que su ejercicio merece.",34
AND_1990_PP_es.pdf,AND,1990,PP,es,"Ello excluye de raíz toda discriminación retributiva con el resto de los funcionarios, así como la posibilidad de ejercer la libertad de cátedra sin más límites que los derivados de la Constitución.",32
AND_1990_PP_es.pdf,AND,1990,PP,es,"El Partido Popular de Andalucía apoyará la homologación retributiva de los docentes, sea cual sea el tipo de centro donde ejerzan su labor.",23
AND_1990_PP_es.pdf,AND,1990,PP,es,"- Defendemos la coexistencia de centros estatales de enseñanza junto a otros creados libremente por la iniciativa social, en la proporción que decidan los propios ciudadanos en ejercicio de su libertad.",31
AND_1990_PP_es.pdf,AND,1990,PP,es,"Los fondos públicos se dedicarán a mejorar la calidad de los centros estatales y a suscribir los conciertos que justifiquen la demanda social, basados en un cálculo realista del costo del puesto escolar.",33
AND_1990_PP_es.pdf,AND,1990,PP,es,"En ningún caso se utilizarán para crear centros sin demanda social conocida, ni para ninguna otra práctica de competencia trucada, que obligue a los andaluces a escolarizarse en un centro ajeno a su elección.",34
AND_1990_PP_es.pdf,AND,1990,PP,es,"Dentro del sucursalismo que ha caracterizado la gestión del Gobierno Autonómico socialista, al ámbito educativo ha sufrido una perjudicial y soterrada política de confrontación entre centros estatales y los creados por la iniciativa social.",34
AND_1990_PP_es.pdf,AND,1990,PP,es,"Mientras otras Comunidades Autónomas se ha esforzado por mejorar la calidad de todos los centros, mejorando sus dotaciones y elevando los módulos de los conciertos, en Andalucía se ha seguido la pauta socialista de creación masiva de centros estatales en zonas escolarizadas y ofertas discriminatorias de gratuidad reservada sólo a los centros estatales.",53
AND_1990_PP_es.pdf,AND,1990,PP,es,Se ha creado así un falso e injusto dilema que tiende a identificar Estado con gratuidad e iniciativa social con calidad.,21
AND_1990_PP_es.pdf,AND,1990,PP,es,"El profesorado estatal ha visto desoídas sus reivindicaciones, mientras función docente experimentaba del modo más variado la obsesión socialista por el copo y politización de la Administración Pública: comisiones de servicios, selección sesgada de los nuevos inspectores, caprichoso reparto de subvenciones y ayudas.",43
AND_1990_PP_es.pdf,AND,1990,PP,es,"- El Partido Popular de Andalucía defiende una igualdad efectiva, entendida como la posibilidad de todos a acceder a los diferentes niveles de enseñanza según su capacidad personal, sin verse condicionados por factores sociales, económicos o geográficos.",37
AND_1990_PP_es.pdf,AND,1990,PP,es,"- Promoveremos, en consecuencia, la gratuidad de la Enseñanza Infantil, Básica y Secundaria en todo tipo de centros.",18
AND_1990_PP_es.pdf,AND,1990,PP,es,En los restantes niveles la gratuidad se reconocerá en función de las circunstancias personales del alumno.,16
AND_1990_PP_es.pdf,AND,1990,PP,es,"Toda escolarización será gratuita entre los y años, sin perjuicio de que sólo sea obligatoria desde los .",18
AND_1990_PP_es.pdf,AND,1990,PP,es,"- En los centros promovidos por la iniciativa social la gratuidad se llevará a cabo mediante el actual sistema de conciertos, mientras éste subsista en todo el Estado.",28
AND_1990_PP_es.pdf,AND,1990,PP,es,"Sin perjuicio de ellos el Partido Popular de Andalucía mantiene su propósito de dar paso a fórmulas de subvención o desgravación que conviertan a los padres en destinatarios inmediatos de la ayuda estatal, con libertad para asignar tales recursos al centro de su preferencia.",44
AND_1990_PP_es.pdf,AND,1990,PP,es,"- Se prestará especial atención a la escolarización en las zonas marginadas, tanto rurales como urbanas, así como a la Educación Permanente de Adultos y la Educación Especial, facilitando los medios para evitar toda discriminación personal por razones de capacidad económica.",41
AND_1990_PP_es.pdf,AND,1990,PP,es,"El Partido Popular de Andalucía, convencido del papel central que corresponde a la familia en todo el proceso educativo, considera que ha de ser principal protagonista de la Educación Infantil.",30
AND_1990_PP_es.pdf,AND,1990,PP,es,"Una adecuada atención, mediante ayudas familiares realistas neutralizará desigualdades y evitará obstáculos al ejercicio de la libertad, haciendo innecesarias posteriores fórmulas compensatorias, más costosas y de dudosa eficacia.",28
AND_1990_PP_es.pdf,AND,1990,PP,es,"Se apoyará, cuando así los padres lo deseen, mediante las correspondiente ayudas, la permanencia en el ámbito familiar durante los tres primeros años.",23
AND_1990_PP_es.pdf,AND,1990,PP,es,"Se garantizará la gratuidad a partir de los cuatro años en todo tipo de centros, terminando con la discriminación impuesta por el Gobierno autonómico socialista.",25
AND_1990_PP_es.pdf,AND,1990,PP,es,El Partido Popular de Andalucía asume también los siguientes compromisos: - de escolarización de los niños de a años.,19
AND_1990_PP_es.pdf,AND,1990,PP,es,"- Creación y dotación de .- nuevos puestos escolares en centros estatales o promovidos por la iniciativa social, mediante el oportuno concierto.",22
AND_1990_PP_es.pdf,AND,1990,PP,es,- Establecimiento de una proporción de alumnos por profesor.,9
AND_1990_PP_es.pdf,AND,1990,PP,es,- El Partido Popular de Andalucía considera necesario destinar a lo largo de la próxima Legislatura .,17
AND_1990_PP_es.pdf,AND,1990,PP,es,"millones de pesetas complementarios para mejora, conservación y dotación de los actuales centros docentes.",14
AND_1990_PP_es.pdf,AND,1990,PP,es,"- Se aplicarán criterios de racionalidad al material escolar, especializando al profesorado para que pueda logre su óptimo aprovechamiento.",19
AND_1990_PP_es.pdf,AND,1990,PP,es,"Se arbitrarán los medios oportunos para que todo centro escolar cuente con biblioteca, medios audiovisuales e informáticos, laboratorios y campos de deportes.",22
AND_1990_PP_es.pdf,AND,1990,PP,es,- Se aumentará la dotación de Profesorado por centro con un profesor de apoyo por cada ocho unidades o fracción.,20
AND_1990_PP_es.pdf,AND,1990,PP,es,Las plantillas de cada centro y la especialidad del Profesorado se adecuarán a las necesidades docentes.,16
AND_1990_PP_es.pdf,AND,1990,PP,es,- Se establecerá una proporción de alumnos por profesor.,9
AND_1990_PP_es.pdf,AND,1990,PP,es,"- Se potenciará la enseñanza de los idiomas, dotando a los centros de profesorado efectivamente especializado.",16
AND_1990_PP_es.pdf,AND,1990,PP,es,"Todo centro contará, al menos, con un profesor de Educación Física, incrementándose su número por cada diez unidades.",18
AND_1990_PP_es.pdf,AND,1990,PP,es,Todo centro tendrá un profesor de Enseñanzas Musicales.,8
AND_1990_PP_es.pdf,AND,1990,PP,es,- Se establecerán acuerdos con los Ayuntamientos para erradicar el actual absentismo escolar.,13
AND_1990_PP_es.pdf,AND,1990,PP,es,"Todos estos objetivos se considerarían aplicables a la Enseñanza Primaria, de prosperar el proyecto de reforma actualmente en trámite en las Cortes Generales.",23
AND_1990_PP_es.pdf,AND,1990,PP,es,"- Frente al actual nivel de escolarización del , el Partido Popular de Andalucía se propone alcanzar en el cuatrienio - el de escolarización en las enseñanzas medias.",28
AND_1990_PP_es.pdf,AND,1990,PP,es,- Crearemos y dotaremos .,5
AND_1990_PP_es.pdf,AND,1990,PP,es,de ellos para Formación Profesional y .,7
AND_1990_PP_es.pdf,AND,1990,PP,es,para Secundaria y Bachillerato.,4
AND_1990_PP_es.pdf,AND,1990,PP,es,"Estos puestos se crearán en centros estatales o, mediante los oportunos conciertos, promovidos por la iniciativa social.",17
AND_1990_PP_es.pdf,AND,1990,PP,es,"- Se establecerá una proporción de alumnos por profesor, frente a los actuales, con objeto de lograr una mayor calidad de enseñanza.",22
AND_1990_PP_es.pdf,AND,1990,PP,es,"- Dotaremos convenientemente servicios de orientación escolar y profesional, con la finalidad de ayudar a los alumnos a adoptar conscientemente sus decisiones y lograr, con ello, una mejor inserción en el mundo profesional.",33
AND_1990_PP_es.pdf,AND,1990,PP,es,"- En las zonas de montaña o marginadas el transporte escolar gratuito se ampliará a la Formación Profesional, Secundaria y Bachillerato.",21
AND_1990_PP_es.pdf,AND,1990,PP,es,"- Adecuaremos las especialidades impartidas en los centros de Formación Profesional a las demandas de su entorno, en estrecho contacto con las empresas y teniendo en cuenta previsiones fiables sobre posibilidades de empleo.",33
AND_1990_PP_es.pdf,AND,1990,PP,es,Se establecerán para sus alumnos prácticas remuneradas mediante convenios con las empresas.,12
AND_1990_PP_es.pdf,AND,1990,PP,es,"Estos objetivos serán aplicables a las Enseñanzas Secundarias y al Bachillerato, de prosperar en el Parlamento Nacional la reforma proyectada, aunque el Partido Popular de Andalucía se muestre partidario de una Enseñanza Secundaria durante el período - años y un bachillerato que abarque los - años, evitando el modelo empobrecido planteado por la reforma socialista.",55
AND_1990_PP_es.pdf,AND,1990,PP,es,Todo ello sin perjuicio de la extensión de la obligatoriedad de la enseñanza hasta los años reiteradamente reclamada desde la oposición a lo largo de las dos últimas Legislaturas.,29
AND_1990_PP_es.pdf,AND,1990,PP,es,"El Partido Popular de Andalucía considera imprescindible una EDUCACIÓN PERMANENTE DE ADULTOS, destinada a facilitar el desarrollo de las posibilidades personales de los andaluces mayores de años que, por cualquier razón, no han seguido un proceso educativo regular o quieran reciclarse.",41
AND_1990_PP_es.pdf,AND,1990,PP,es,"Esta educación deberá ser impartida por profesores especializados, para no ser un simple remedio de las destinadas a los menores.",20
AND_1990_PP_es.pdf,AND,1990,PP,es,"- La EDUCACIÓN PERMANENTE DE ADULTOS se impartirá en locales, específicamente habilitados al efecto, con similares exigencias de calidad a las requeridas para otras enseñanzas.",25
AND_1990_PP_es.pdf,AND,1990,PP,es,"Eliminaremos su ubicación, actualmente frecuente, en lugares inapropiados.",8
AND_1990_PP_es.pdf,AND,1990,PP,es,"- Esta educación será gratuita, gracias a las enmiendas que el Partido Popular de Andalucía presentó al tramitarse recientemente la ley ahora en vigor.",24
AND_1990_PP_es.pdf,AND,1990,PP,es,- La proporción profesor por alumno nunca será superior a .,11
AND_1990_PP_es.pdf,AND,1990,PP,es,- Los centros que imparten enseñanzas técnico-profesionales organizarán cursos para el reciclaje profesional de adultos.,15
AND_1990_PP_es.pdf,AND,1990,PP,es,- Incrementaremos las cantidades asignadas en los presupuestos de a estos objetivos en mil millones de pesetas.,17
AND_1990_PP_es.pdf,AND,1990,PP,es,"El Partido Popular de Andalucía considera que la Educación Especial ha de procurar que las personas que, por deficiencias psíquicas o físicas no pueden seguir en condiciones ordinarias el sistema educativo, logren una independencia personal y una efectiva integración en la sociedad.",42
AND_1990_PP_es.pdf,AND,1990,PP,es,- Asumimos el compromiso de una total escolarización de los disminuidos en los niveles obligatorios de enseñanza.,17
AND_1990_PP_es.pdf,AND,1990,PP,es,A tal fin se aumentarán los recursos presupuestarios en .,10
AND_1990_PP_es.pdf,AND,1990,PP,es,- Los alumnos afectados asistirán a clase en aulas integradas cuando sus condiciones lo permitan.,15
AND_1990_PP_es.pdf,AND,1990,PP,es,Tales aulas contarán con la ayuda de personal especializado y profesores de apoyo.,13
AND_1990_PP_es.pdf,AND,1990,PP,es,"- Cuando ambas exigencias no sean realizables, el alumno permanecerá en centros especializados, de tiempo completo, que contarán con reeducador de psicomotricidad y la asistencia médica oportuna.",27
AND_1990_PP_es.pdf,AND,1990,PP,es,"- Se facilitará que los alumnos que, por la propia naturaleza de su deficiencia, no puedan desplazarse de modo habitual sean escolarizados en sus domicilios con la atención de profesores especializados.",31
AND_1990_PP_es.pdf,AND,1990,PP,es,- Crearemos y pondremos en funcionamiento un Instituto Andaluz de Recuperación e Integración del Disminuido.,15
AND_1990_PP_es.pdf,AND,1990,PP,es,"- El Partido Popular de Andalucía propone la creación y dotación a lo largo del cuatrienio -, de veinticinco escuelas de idiomas con capacidad para veinte mil puestos escolares, para reforzar los contenidos ofertados a los alumnos y facilitar la especialización de profesores.",43
AND_1990_PP_es.pdf,AND,1990,PP,es,- Nos comprometemos a crear y dotar veinte mil puestos escolares para aquellos andaluces que quieran cursar Enseñanzas Musicales.,19
AND_1990_PP_es.pdf,AND,1990,PP,es,"- Pondremos en funcionamiento nuevos centros de Áreas Aplicadas y Oficios Artísticos, teniendo asimismo en cuenta la creciente importancia de la Decoración, el Diseño y el Arte Publicitario.",28
AND_1990_PP_es.pdf,AND,1990,PP,es,"Igualmente, el Partido Popular de Andalucía velará por rescatar aquellos saberes artesanales en vías de extinción propios de nuestra Comunidad.",20
AND_1990_PP_es.pdf,AND,1990,PP,es,"- Crearemos y dotaremos Escuelas de Artes Aplicadas a la Restauración, para atender la demanda de especialistas generada por el Plan General de Bienes Culturales.",25
AND_1990_PP_es.pdf,AND,1990,PP,es,- Crearemos y dotaremos .,5
AND_1990_PP_es.pdf,AND,1990,PP,es,puestos escolares para impartir enseñanzas de Arte Dramático y Danza.,10
AND_1990_PP_es.pdf,AND,1990,PP,es,"El Partido Popular de Andalucía respetará del modo más estricto la autonomía universitaria, poniendo fin a las actuales cortapisas presupuestarias, que obligan a las Universidades a negociar con la Junta medios indispensables para el elemental cumplimiento de sus funciones.",39
AND_1990_PP_es.pdf,AND,1990,PP,es,Se posibilitará el acceso a los estudios superiores en virtud de la capacidad intelectual de los aspirantes.,17
AND_1990_PP_es.pdf,AND,1990,PP,es,"El deseable pluralismo en el mismo ámbito geográfico de centros universitarios estatales o promovidos por la iniciativa social, facilitará su libre elección así como el propio ejercicio de su autonomía en la admisión de alumnos.",35
AND_1990_PP_es.pdf,AND,1990,PP,es,El Partido Popular de Andalucía considera que las posibilidades de estudios universitarios siguen hoy siendo escasas para quienes no procedan de clases media-alta.,23
AND_1990_PP_es.pdf,AND,1990,PP,es,"Para evitar esta injusticia social, incrementaremos sustancialmente el presupuesto destinado a becas, con especial atención a los solicitantes procedentes de zonas geográficas alejadas de los centros de estudios.",28
AND_1990_PP_es.pdf,AND,1990,PP,es,Se promoverán iniciativas para que las Cortes elaboren medidas legales que posibiliten la desgravación fiscal de los gastos familiares dedicados a costear dichos estudios.,24
AND_1990_PP_es.pdf,AND,1990,PP,es,Igualmente se firmarán convenios con entidades crediticias que faciliten el otorgamiento de préstamos reembolsables para quienes cursen estudios.,18
AND_1990_PP_es.pdf,AND,1990,PP,es,"Potenciaremos una campaña de información al alumnado que le lleve a valorar la importancia y posibilidades profesionales de los títulos de Diplomado, evitando la proliferación de estudios innecesariamente prolongados, sin posterior utilidad práctica, que llevan a miles de titulados andaluces a engrosar las listas del paro o subempleo.",48
AND_1990_PP_es.pdf,AND,1990,PP,es,"Desde esta perspectiva impulsaremos la creación de Escuelas Universitarias de Ingeniería Técnica, Informática, Jóptica.",14
AND_1990_PP_es.pdf,AND,1990,PP,es,"Toda creación de nuevos centros universitarios exigirá el estudio y puesta en práctica de un plan objetivo de promoción y formación de Profesorado, que garantice la calidad de sus enseñanzas.",30
AND_1990_PP_es.pdf,AND,1990,PP,es,"El Partido Popular de Andalucía considera decisivo un mayor entronque entre las Universidades y su entorno social, evitando todo intento de reclusión en órganos burocráticos de nula flexibilidad.",28
AND_1990_PP_es.pdf,AND,1990,PP,es,"Estimulará y promoverá, igualmente, la creación de centros universitarios por la iniciativa social.",13
AND_1990_PP_es.pdf,AND,1990,PP,es,"Sólo un incremento de la oferta universitaria evitará la actual masificación de los centros estatales y podrá equiparar los niveles de escolarización universitaria de Andalucía a los del resto de España, sin sacrificar la calidad de enseñanza.",37
AND_1990_PP_es.pdf,AND,1990,PP,es,"La Junta de Andalucía, representada en la Delegación Española para la Universidad Euroárabe, urgirá al gobierno español para que relance el citado proyecto, hasta lograr su inmediata puesta en práctica.",30
AND_1990_PP_es.pdf,AND,1990,PP,es,El Partido Popular de Andalucía considera imprescindible una constante actualización de los profesores.,13
AND_1990_PP_es.pdf,AND,1990,PP,es,Un Plan General de formación del profesorado permitirá su constante adecuación a las necesidades educativas actuales.,16
AND_1990_PP_es.pdf,AND,1990,PP,es,- Se crearán Centros de Investigación y Experimentación Pedagógica en contacto con las Universidades.,14
AND_1990_PP_es.pdf,AND,1990,PP,es,"Se constituirá un centro experimental por comarca, para el estudio de alternativas e innovaciones didácticas y pedagógicas.",17
AND_1990_PP_es.pdf,AND,1990,PP,es,"- Se potenciará la figura del profesor-tutor, disminuyendo su carga docente para hacer posible, con realismo, función tan decisiva para la calidad de enseñanza.",24
AND_1990_PP_es.pdf,AND,1990,PP,es,"- Se evaluarán los rendimientos del sistema educativo por medio de la inspección técnica, cuyos integrantes se seleccionarán con criterios profesionales de mérito y capacidad, desempeñando su tarea con la estabilidad propia de todo funcionario.",35
AND_1990_PP_es.pdf,AND,1990,PP,es,"El Partido Popular de Andalucía promoverá medidas efectivas que signifiquen socialmente las tareas docentes, atrayendo hacia ellas a los mejores alumnos: - Todo profesor, salvo casos excepcionales, se dedicará a tareas docentes.",32
AND_1990_PP_es.pdf,AND,1990,PP,es,Las funciones de otro tipo serán encomendadas a personal técnico o administrativo.,12
AND_1990_PP_es.pdf,AND,1990,PP,es,"- Los profesores que, buscando su constante perfeccionamiento, asistan a cursos, seminarios, etc., serán debidamente retribuidos contabilizándose tales horas como lectivas.",21
AND_1990_PP_es.pdf,AND,1990,PP,es,"Los que ostenten cargos directivos asistirán a cursos específicos de formación, percibiendo dietas similares al resto de los funcionarios.",19
AND_1990_PP_es.pdf,AND,1990,PP,es,"- No se concederán comisiones de servicios con carácter excepcional, siempre a través de concurso público de méritos.",18
AND_1990_PP_es.pdf,AND,1990,PP,es,"- Hasta que el Gobierno Central desbloquee la modificación de los textos legales correspondientes, la Junta de Andalucía asumirá la responsabilidad civil y la defensa jurídica del Profesorado por incidencias derivadas del ejercicio de sus funciones.",36
AND_1990_PP_es.pdf,AND,1990,PP,es,"- Se aumentará el cupo de profesores para sustituciones, evitando con efectividad perturbaciones en la enseñanza, que serán subsanadas en un plazo máximo de horas.",25
AND_1990_PP_es.pdf,AND,1990,PP,es,- En un plazo de años desaparecerán los profesores provisionales.,10
AND_1990_PP_es.pdf,AND,1990,PP,es,"Hoy cuentan por miles los profesionales que, aprobada una oposición, pasan años en constante desplazamiento sin destino definitivo.",18
AND_1990_PP_es.pdf,AND,1990,PP,es,El Partido Popular de Andalucía considera al profesorado como pieza clave para la calidad del sistema universitario.,17
AND_1990_PP_es.pdf,AND,1990,PP,es,"Un Programa de Formación del Profesorado Universitario garantizará la total cobertura de las plazas previsiblemente necesarias en un plazo de años: Se concederán ayudas y becas, cuyos beneficiarios no podrán en ningún caso asumir plenas responsabilidades docentes, ni prestar otra colaboración que la exigida por su propio proceso formativo.",49
AND_1990_PP_es.pdf,AND,1990,PP,es,"Se impulsará el perfeccionamiento continuado del profesorado universitario, así como su promoción profesional, evitando las corruptelas que desvinían hoy las figuras legalmente previstas camuflando el trasvase de carga docente a profesores en formación.",33
AND_1990_PP_es.pdf,AND,1990,PP,es,"El Partido Popular de Andalucía, ante la insuficiencia de los recursos económicos destinados a la educación, el escaso aprovechamiento de los centros docentes y la evolución de la tasa de natalidad, propone: - Planificar de manera rigurosa las necesidades de escolarización y la oferta real de puestos escolares.",48
AND_1990_PP_es.pdf,AND,1990,PP,es,Resulta irracional y fruto de un prejuicio sectario no utilizar la capacidad de los centros de iniciativa social mientras se construyen centros estatales sin demanda social que lo justifique.,29
AND_1990_PP_es.pdf,AND,1990,PP,es,- Proponemos un aumento del en las cantidades consignadas en los presupuestos de para el equipamiento de los centros facilitando así una mejora de la calidad de su enseñanza.,29
AND_1990_PP_es.pdf,AND,1990,PP,es,"- Se establecerá un control racional sobre las cantidades destinadas a subvencionar proyectos de innovación, experiencias pedagógicas, seminarios permanentes, etc., con participación de representantes del profesorado en los trámites de concesión, eliminando la subjetividad y descontrol hoy habituales.",38
AND_1990_PP_es.pdf,AND,1990,PP,es,"El Partido Popular de Andalucía entiende la cultura como un conjunto de manifestaciones que constituyen no sólo la identidad de nuestro pueblo, aquilatada a lo largo de milenios, sino también uno de sus más preciados patrimonios.",36
AND_1990_PP_es.pdf,AND,1990,PP,es,"Entendemos nuestra cultura como punto de encuentro de todos los andaluces, medio de progreso social e instrumento aglutinador y solidario de todas sus gentes.",24
AND_1990_PP_es.pdf,AND,1990,PP,es,"Apostamos por una cultura de todos y para todos, plural, viva y dinámica.",13
AND_1990_PP_es.pdf,AND,1990,PP,es,Cena de proyección universal.,4
AND_1990_PP_es.pdf,AND,1990,PP,es,"Rechazamos todo intento de cultura fabricada o inducida, monopolizada por cualquier grupo o corriente particularista.",15
AND_1990_PP_es.pdf,AND,1990,PP,es,"Por ello, nos proponemos los siguientes objetivos: - Recuperar, conservar y difundir la cultura andaluza desde las instituciones sociales y estatales, evitando todo provincianismo excluyente.",25
AND_1990_PP_es.pdf,AND,1990,PP,es,"- Estimular el interés de los andaluces por conocer y mejorar su entorno: medio ambiente, patrimonio arquitectónico, legados documentales, artísticos, folklóricos y lingüísticos.",23
AND_1990_PP_es.pdf,AND,1990,PP,es,"- Favorecer el desarrollo de actividades culturales en todos los lugares de Andalucía, para evitar el trato desigual que sufren los núcleos menos poblados o los más alejados de los grandes centros urbanos.",33
AND_1990_PP_es.pdf,AND,1990,PP,es,"- Promover ayudas y el marco legal necesario para mantener y recuperar aspectos muy importantes de la cultura material andaluza que están totalmente desprotegidos: bordados, cerámica, tejidos, cestería, repujado del cuero, etc., que constituyen modos y medios de vida de muchos de nuestros pueblos.",44
AND_1990_PP_es.pdf,AND,1990,PP,es,"- Facilitar la conservación e inventario de archivos municipales y de instituciones públicas, sociales y religiosas que encierran importante información, inútil y perdida por desconocida y no investigada.",28
AND_1990_PP_es.pdf,AND,1990,PP,es,- Potenciar los intercambios culturales con otras comunidades autónomas y con países extranjeros.,13
AND_1990_PP_es.pdf,AND,1990,PP,es,"- Garantizar la formación de personal especializado para un mejor servicio y rendimiento de los bienes culturales: excavaciones, archivos, bibliotecas y museos.",22
AND_1990_PP_es.pdf,AND,1990,PP,es,"- Atender el mantenimiento y mejora de los centros culturales, facilitando la multiplicación de actividades, evitando la infrautilización de centros recreativos, supliendo la actual insuficiencia de salas de conciertos, etc.",30
AND_1990_PP_es.pdf,AND,1990,PP,es,- Propiciar la publicación de obras que difundan la investigación y el legado cultural de las mujeres y hombres de Andalucía.,21
AND_1990_PP_es.pdf,AND,1990,PP,es,"- Establecer programas de recuperación de las relaciones con los judíos sefardíes, revitalizando esas viejas raíces culturales.",17
AND_1990_PP_es.pdf,AND,1990,PP,es,"Nuestra situación cultural, tras los últimos años de Gobierno autonómico socialista, es bien distinta.",14
AND_1990_PP_es.pdf,AND,1990,PP,es,"Se ha practicado una política cultural dirigista y excluyente, olvidando a los barrios periféricos y núcleos menos poblados.",18
AND_1990_PP_es.pdf,AND,1990,PP,es,"Se ha pretendido cambiar los comportamientos y valores sociales, atropellando el sentir popular.",13
AND_1990_PP_es.pdf,AND,1990,PP,es,Se ha protegido y difundido una cultura oficial de consumo.,10
AND_1990_PP_es.pdf,AND,1990,PP,es,"Se ha obstaculizado la participación social, convirtiendo al ciudadano en mero espectador.",12
AND_1990_PP_es.pdf,AND,1990,PP,es,Se ha disfrazado demagógicamente como cultura de progreso lo que era animación electoral interesada.,14
AND_1990_PP_es.pdf,AND,1990,PP,es,Todo ello con improvisaciones y despilfarro que han hecho poco rentables los recursos invertidos.,14
AND_1990_PP_es.pdf,AND,1990,PP,es,Es preciso elaborar un PLAN DE MUSEOS que acabe con la actual situación: cerrados o paralizados por obras interminables.,19
AND_1990_PP_es.pdf,AND,1990,PP,es,"- El personal de Museos debe tener una preparación específica, para que cumplan su función como centros de investigación y cultura.",21
AND_1990_PP_es.pdf,AND,1990,PP,es,"Igualmente hay que elaborar catálogos científicos para el estudioso o experto, así como libros de divulgación, más asequibles en su contenido a visitantes ocasionales.",24
AND_1990_PP_es.pdf,AND,1990,PP,es,"- Los Directores de Museos no pueden desempeñar su función a largo plazo si se encuentran en situación provisional, de ahí la urgencia de proveer las plazas de ese cargo con carácter fijo.",33
AND_1990_PP_es.pdf,AND,1990,PP,es,- Los Museos deben tener incorporadas instalaciones adecuadas y medios técnicos para la restauración y conservación de sus fondos.,19
AND_1990_PP_es.pdf,AND,1990,PP,es,"- Es preciso ampliar y mejorar el sistema de visitas explicadas, sobre todo para los alumnos de Centros de Enseñanza.",20
AND_1990_PP_es.pdf,AND,1990,PP,es,- La limpieza es un requisito importante que se echa en falta en muchos museos andaluces.,16
AND_1990_PP_es.pdf,AND,1990,PP,es,Por ello es preciso dotar a estos centros de personal suficiente e instalaciones sanitarias modernas.,15
AND_1990_PP_es.pdf,AND,1990,PP,es,"- Es conveniente coordinar los programas de los Museos Municipales, de modo que exposiciones itinerantes puedan servir como medio de difusión recíproca de fondos.",24
AND_1990_PP_es.pdf,AND,1990,PP,es,- La publicidad y señalización de los Museos hoy deficiente ha de ser mejorada.,14
AND_1990_PP_es.pdf,AND,1990,PP,es,"- Los legados y donaciones que en gran parte se encuentran poco atendidos, es preciso cuidarlos, propiciando su incremento mediante acuerdos con distintos sectores sociales.",25
AND_1990_PP_es.pdf,AND,1990,PP,es,"El Partido Popular de Andalucía pondrá en marcha un PLAN DE BIBLIOTECAS, para superar su estado actual: se adquieren libros duplicados, sin control; la mayor parte del personal no es especialista.",31
AND_1990_PP_es.pdf,AND,1990,PP,es,"Hay que dotar a las Bibliotecas de profesionales expertos que cataloguen, revisen y actualicen los fondos bibliográficos, para facilitar el trabajo del lector e investigador.",25
AND_1990_PP_es.pdf,AND,1990,PP,es,Son imprescindibles instalaciones donde se puedan fotocopiar y en su caso microfilmar fondos bibliográficos; sobre todo cuando su antigüedad no permita el préstamo.,23
AND_1990_PP_es.pdf,AND,1990,PP,es,"- Hay que mejorar las dotaciones y las instalaciones de las bibliotecas de barrios periféricos, para garantizar la apertura de estos centros sin interrupciones, superando sus condiciones precarias.",28
AND_1990_PP_es.pdf,AND,1990,PP,es,"- Es preciso y urgente atender las deficiencias de espacio, iluminación y mobiliario que padecen de las bibliotecas de nuestros pueblos, para propiciar una auténtica igualdad de oportunidades.",28
AND_1990_PP_es.pdf,AND,1990,PP,es,"- Cuando la riqueza de los fondos así lo aconseje, hay que propiciar la automatización de los Archivos, porque de ellos se deriva un gran beneficio para el investigador.",29
AND_1990_PP_es.pdf,AND,1990,PP,es,"Andalucía dispone de uno sólo, habiendo sido su proyecto financiado por la iniciativa social.",14
AND_1990_PP_es.pdf,AND,1990,PP,es,"- Hay que hacer accesibles los fondos deocumentales de los archivos de los pueblos andaluces, elaborando una guía-censo y procediendo a la catalogación de los fondos de archivos parroquiales, cofradías e instituciones sociales que, en algunos casos, no pueden hoy poner a disposición de los estudiosos su patrimonio documental.",49
AND_1990_PP_es.pdf,AND,1990,PP,es,- Es preciso un control selectivo y cualitativo de las ediciones que realiza la Junta de Andalucía.,17
AND_1990_PP_es.pdf,AND,1990,PP,es,"Convocatorias de subvenciones, realizadas en tiempo y forma, han de garantizar la objetividad de los criterios de selección evitando la arbitrariedad o amiguismo.",23
AND_1990_PP_es.pdf,AND,1990,PP,es,"- Las donaciones de fondos deben adecuarse a las características de las bibliotecas receptoras, evitando envíos indiscriminados.",17
AND_1990_PP_es.pdf,AND,1990,PP,es,"- Hay que promocionar la difusión de la lectura entre los jóvenes, incentivando el hábito de leer en tiempos de ocio.",21
AND_1990_PP_es.pdf,AND,1990,PP,es,"- Hay que promocionar fuera de la Comunidad, los libros editados en Andalucía, estableciendo de intercambio con otras Comunidades Autónomas.",20
AND_1990_PP_es.pdf,AND,1990,PP,es,"El Partido Popular de Andalucía se propone: - Aumentar la participación ciudadana en las actividades teatrales, musicales y de danza, generando su interés y facilitando el acceso a estas manifestaciones.",30
AND_1990_PP_es.pdf,AND,1990,PP,es,"- Garantizar la regularidad de actividades teatrales y musicales a lo largo de todo el año, para dar respuesta a la demanda social con pluralidad de opciones.",27
AND_1990_PP_es.pdf,AND,1990,PP,es,"- Difundir por todos los rincones de Andalucía el teatro, el canto y el baile, con una política de subvenciones justa y no despilfarradora.",24
AND_1990_PP_es.pdf,AND,1990,PP,es,"- Promover el teatro, la música y la danza, con apoyos complementarios a los centros de enseñanza donde se imparten estas materias, creando grupos activos interesados.",26
AND_1990_PP_es.pdf,AND,1990,PP,es,"- Establecer unos mecanismos de intercambio de actuación de grupos artísticos, musicales y de danza con los de otras Comunidades Autónomas o países extranjeros.",24
AND_1990_PP_es.pdf,AND,1990,PP,es,"- Atender de forma especial al teatro, música y danza de nuestra tierra, como forma estética de identidad propia.",19
AND_1990_PP_es.pdf,AND,1990,PP,es,- Fomentar la creación de filmotecas y videotecas que recojan en documentos visuales este tipo de manifestaciones.,17
AND_1990_PP_es.pdf,AND,1990,PP,es,"El Partido Popular de Andalucía no admite que las conmemoraciones de se reduzcan en nuestra tierra a la realización de actividades y servicios carreteras, red ferroviaria, electrificación, construcción de puentes, etc. que deberían de ser objetivo usual de una política de gobierno.",42
AND_1990_PP_es.pdf,AND,1990,PP,es,"Los andaluces no pretendemos sólo vivir de cara al , queremos prepararnos para que el siglo XXI reciba desde nuestra tierra una nueva aportación vivificadora.",25
AND_1990_PP_es.pdf,AND,1990,PP,es,"- El Partido Popular considera que el V Centenario, afectando a Andalucía y a España, rememora hechos que cambiaron la mentalidad y la dinámica del mundo.",26
AND_1990_PP_es.pdf,AND,1990,PP,es,"Por ello, Andalucía debe conmemorarlos diversificando los actos en sus ocho provincias y compartiendo su celebración no sólo con las demás Comunidades Autónomas del Estado, sino con todos los países del mundo.",32
AND_1990_PP_es.pdf,AND,1990,PP,es,- Los andaluces no estamos dispuestos a aceptar que esta efemérides acabe siendo capitalizada por un partido o ideología.,19
AND_1990_PP_es.pdf,AND,1990,PP,es,"El V Centenario y la Expo del son para nosotros asuntos de Estado, y sus inversiones deben ser controladas por el Parlamento de Andalucía y las Cortes Generales.",28
AND_1990_PP_es.pdf,AND,1990,PP,es,- El Partido Popular entiende que debe ser una ocasión privilegiada para proyectar la imagen de Andalucía y España y para acercarnos a las Comunidades y países extranjeros.,28
AND_1990_PP_es.pdf,AND,1990,PP,es,"Sin duda alguna, los países de la América Hispana encontrarán así una inmejorable oportunidad para estrechar lazos con Europa a través de nuestras actividades.",24
AND_1990_PP_es.pdf,AND,1990,PP,es,"- El Pabellón de Andalucía debe mostrar la vinculación de nuestra Comunidad con la empresa americana, y muy especialmente de aquellas ciudades que tuvieron especial participación en ella: sirviendo, a la vez, para mostrar nuestra evolución, modernización y perspectivas de futuro.",41
AND_1990_PP_es.pdf,AND,1990,PP,es,"Este Pabellón será el lugar oportuno para dar a conocer nuestra historia y debe servir para profundizar en el conocimiento de Andalucía, evitando una exhibición superficial y efímera.",28
AND_1990_PP_es.pdf,AND,1990,PP,es,El Partido Popular de Andalucía considera que las conmemoraciones de deben constituir el punto de partida de una futura revitalización de las relaciones de España con los países americanos.,29
AND_1990_PP_es.pdf,AND,1990,PP,es,"Este esfuerzo orientado al Siglo XXI, debe traducirse en la puesta en marcha de instituciones culturales, educativas y de cooperación internacional, que encontrarían en Andalucía su sede natural.",28
AND_1990_PP_es.pdf,AND,1990,PP,es,"En concreto, la Junta de Andalucía debe dirigirse al gobierno central para que propicie, en colaboración con la Comunidad Europea y las organizaciones americanas competentes el nacimiento de una Universidad Euroamericana, dedicada a investigación y estudios de postgraduado, con sede en Andalucía.",42
AND_1990_PP_es.pdf,AND,1990,PP,es,"El Partido Popular propone un Plan de Salud para Andalucía eficaz y en libertad, basado en los siguientes principios: - Promover una asistencia de calidad, siempre en continuo aumento.",29
AND_1990_PP_es.pdf,AND,1990,PP,es,- Elaborar un Plan de Salud basado en el derecho a la libre elección de médicos y centro asistencial.,19
AND_1990_PP_es.pdf,AND,1990,PP,es,"- Conseguir para Andalucía idénticas cotas de calidad asistencial que las Comunidades Autónomas más avanzadas, poniéndolas al alcance de todos los andaluces, sea cual sea su condición económica.",28
AND_1990_PP_es.pdf,AND,1990,PP,es,"- Desarrollar la cualificación de los profesionales de nuestra Sanidad, propiciando un ambiente de motivación, competencia e ilusión por el trabajo.",21
AND_1990_PP_es.pdf,AND,1990,PP,es,"- Aprovechar al máximo todos los recursos, humanos y materiales disponibles en Andalucía, para conseguir una eficaz cobertura de las necesidades asistenciales.",22
AND_1990_PP_es.pdf,AND,1990,PP,es,"- Programar una política responsable del gasto sanitario, evitando el continuo aumento de los costes mediante un sistema mixto (estatal y promovido por la iniciativa social) que permita que el Servicio Andaluz de Salud obtenga para el ciudadano el mayor provecho del dinero destinado a objetivos de tanta trascendencia.",49
AND_1990_PP_es.pdf,AND,1990,PP,es,"Tras largos años de gestión socialista, la situación desalentadora de la Sanidad andaluza exige un especial esfuerzo renovador.",18
AND_1990_PP_es.pdf,AND,1990,PP,es,A Andalucía le cabe el dudoso privilegio de haber servido como laboratorio singularmente dócil a los dogmatismos de la reforma socialista.,21
AND_1990_PP_es.pdf,AND,1990,PP,es,"Como pago, se encuentra con una Sanidad colapsada, masificados los ambulatorios y las urgencias de los hospitales, con injustificables listas de espera, movida a golpes de improvisación.",27
AND_1990_PP_es.pdf,AND,1990,PP,es,"Se ha hecho insoportable la politización de sus estructuras operativas con la continua creación de cargos designios a dedo y un alarmante aumento de los costes, sin paralela mejora de los índices de calidad asistencial.",35
AND_1990_PP_es.pdf,AND,1990,PP,es,"Todo ello ha llevado a una deuda en progresivo aumento, que supera hoy los .",15
AND_1990_PP_es.pdf,AND,1990,PP,es,"La carencia de programación lleva a situaciones contradictorias: coexistiendo listas de espera y médicos en paro, mientras se cierran hospitales, los enfermos son atendidos en comedores se asiste al cierre de quirófanos por falta de anestesistas o enfermeras.",38
AND_1990_PP_es.pdf,AND,1990,PP,es,"El propio Partido Socialista ha reconocido su fracaso, mientras en recientes encuestas los andaluces otorgan la más baja calificación a la salud entre los servicios públicos de la Comunidad.",29
AND_1990_PP_es.pdf,AND,1990,PP,es,"Fiel al proyecto nacional de reorganización sanitaria, el Partido Popular de Andalucía plantea en el ámbito de la atención primaria una estrategia basada en los siguientes criterios: - Libre capacidad de elección del médico por parte del enfermo.",38
AND_1990_PP_es.pdf,AND,1990,PP,es,"- Mantenimiento de los médicos de cabecera de los pueblos cerca de sus enfermos, que no tendrán que desplazarse para ser atendidos.",22
AND_1990_PP_es.pdf,AND,1990,PP,es,"- Creación de una Red de Apoyo a dichos médicos, con ayudantes y servicios de guardia que no les obligue a estar en servicio permanente indefinido.",26
AND_1990_PP_es.pdf,AND,1990,PP,es,"Nada más alejado de este modelo que la reforma socialista, de la que era piedra angular la atención primaria.",19
AND_1990_PP_es.pdf,AND,1990,PP,es,"Su fracaso se ha debido a una atención polarizada en la medicina preventiva con detrimento de la asistencial, un desequilibrio entre el intento de universalización asistencial y la reducción presupuestaria, la escasa operatividad de los medios de diagnóstico, por insuficiente dotación, la desnaturalización de los centros de Salud proyectados, que han acabado convertidos en inconfesados Ambulatorios.",56
AND_1990_PP_es.pdf,AND,1990,PP,es,"Todo ello ha provocado un éxodo de los enfermos buscando asistencia primaria en las urgencias de los centros hospitalarios, masificándolas y agobiando el funcionamiento del conjunto.",26
AND_1990_PP_es.pdf,AND,1990,PP,es,"Para superar esta situación el Partido Popular de Andalucía mantiene una total confianza en la capacidad regeneradora de sus modelos proponiendo en concreto: - Atención primaria basada en la capacidad de elección del médico general o especialista, así como del lugar de asistencia, gracias a un modelo de participación y aprovechamiento universal de todos los medios humanos y materiales disponibles vinculados al estado o promovidos por la iniciativa social.",69
AND_1990_PP_es.pdf,AND,1990,PP,es,"- Consolidación del médico de cabecera e incremento de las posibilidades de diagnóstico y tratamiento en el mismo pueblo, incrementando las posibilidades de comunicación.",24
AND_1990_PP_es.pdf,AND,1990,PP,es,"- Sustitución de los actuales Centros de Salud en Centros de Apoyo Sanitario, al servicio de los profesionales residentes en los pueblos de la comarca, dotados de imprescindibles medios de diagnóstico que permitan solucionar los problemas asistenciales en el más cercano entorno del paciente y su familia.",47
AND_1990_PP_es.pdf,AND,1990,PP,es,"- Servicios de guardia durante las horas en todos los centros de apoyo, evitando la masificación de las urgencias en los hospitales y los penosos y costosos desplazamientos de los enfermos.",31
AND_1990_PP_es.pdf,AND,1990,PP,es,"- Realización en los Centros de Apoyo Sanitario de las consultas de especialidad, dotadas de medios de inves tigación diagnóstica, evitando que el ciudadano haya de acudir a los centros hospitalarios, distantes y congestionados.",34
AND_1990_PP_es.pdf,AND,1990,PP,es,"En dichos Centros de Apoyo se desarrollarán los necesarios programas preventivos: inmunizaciones, salud materno-infantil, escolar, geriátrica, así como los relativos a drogodependencia, abastecimiento de agua potable, saneamientos básicos y nutrición.",30
AND_1990_PP_es.pdf,AND,1990,PP,es,"- Servicio de urgencias domiciliarias atendido por personal médico y de enfermería, con el correspondiente apoyo técnico de comunicación, diagnóstico y transporte.",22
AND_1990_PP_es.pdf,AND,1990,PP,es,Todo ello permitirá garantizar: - Cobertura asistencial a la totalidad de la población.,13
AND_1990_PP_es.pdf,AND,1990,PP,es,"- Control de la calidad asistencial por parte de los pacientes, gracias a una total capacidad de elección que sustituya a la sectorización impuesta por la reforma socialista.",28
AND_1990_PP_es.pdf,AND,1990,PP,es,"- Rapidez en la atención a los enfermos, eliminando definitivamente las listas de espera.",14
AND_1990_PP_es.pdf,AND,1990,PP,es,- Alivio de la dramática situación de paro de titulados médicos.,11
AND_1990_PP_es.pdf,AND,1990,PP,es,- Menor coste con mejor calidad.,6
AND_1990_PP_es.pdf,AND,1990,PP,es,"El Partido Popular de Andalucía propone una nueva ordenación de la asistencia hospitalaria dentro de su Plan de Salud para Andalucía, basada en dos puntos centrales: - Integración de una red hospitalaria mixta con centros estatales o promovidos por la iniciativa social.",42
AND_1990_PP_es.pdf,AND,1990,PP,es,- Libre elección del centro hospitalario.,6
AND_1990_PP_es.pdf,AND,1990,PP,es,La actual dotación de camas hospitalarias (.,7
AND_1990_PP_es.pdf,AND,1990,PP,es,) sitúa a Andalucía por debajo de los índices habituales en los países de nuestro entorno.,16
AND_1990_PP_es.pdf,AND,1990,PP,es,"La reforma socialista, lejos de superar esta situación, ha ocasionado un declinar del número de camas concertadas en centros promovidos por iniciativa social.",23
AND_1990_PP_es.pdf,AND,1990,PP,es,Ante esta situación el Partido Popular de Andalucía propone un nuevo modelo que garantice: - Libertad de elección del centro asistencial.,21
AND_1990_PP_es.pdf,AND,1990,PP,es,"- Aumento correlativo del número de camas disponibles, promoviendo la oferta social.",12
AND_1990_PP_es.pdf,AND,1990,PP,es,- Mejora de la calidad asistencial en un ambiente de estímulo y competencia profesional.,14
AND_1990_PP_es.pdf,AND,1990,PP,es,- Inclusión de la asistencia psiquiátrica en el modelo asistencial hospitalario.,11
AND_1990_PP_es.pdf,AND,1990,PP,es,"- El Partido Popular de Andalucía, para integrar la adecuada red mixta de centros hospitalarios, propone: - Terminación del mapa hospitalario andaluz.",22
AND_1990_PP_es.pdf,AND,1990,PP,es,"- Atención especial a la creación y funcionamiento de hospitales de cuidados prolongados y hospitales para enfermos crónicos, particularmente en nuestra Comunidad.",22
AND_1990_PP_es.pdf,AND,1990,PP,es,- Creación en nuestros hospitales de unidades de diagnóstico y tratamiento del sida.,13
AND_1990_PP_es.pdf,AND,1990,PP,es,- Creación de Unidades Geriátricas en los centros hospitalarios.,9
AND_1990_PP_es.pdf,AND,1990,PP,es,"- Dotación a los hospitales comarcales con medios de diagnóstico y terapéuticos de especialidades básicas, así como de UVI debidamente equipada.",21
AND_1990_PP_es.pdf,AND,1990,PP,es,- Provisión de los medios diagnósticos de tecnología avanzada que precise cada hospital de acuerdo con su nivel.,18
AND_1990_PP_es.pdf,AND,1990,PP,es,"La atención hospitalaria de las enfermedades psíquicas se adecuarán al siguiente modelo: creación de unidades de pacientes psíquicos agudos en los hospitales generales; apoyo extra hospitalario mediante Equipos de Salud Mental situados en los centros de atención primaria; promoción de Unidades de Día hospitalarias y Centros de Terapia de Grupos; creación de Unidades de Salud Mental para crónicos, organizadas según patologías.",61
AND_1990_PP_es.pdf,AND,1990,PP,es,"Todo ello permitirá sin traumas el cierre efectivo de los tradicionales manicomios, sin que dicha medida ocasione el práctico abandono de los pacientes crónicos incurables.",25
AND_1990_PP_es.pdf,AND,1990,PP,es,Andalucía sufre las consecuencias de un espectacular aumento de los casos de drogadicción.,13
AND_1990_PP_es.pdf,AND,1990,PP,es,Su situación geográfica le ha convertido en víctima preferente de una lacra impulsada por una frívola reforma penal socialista.,19
AND_1990_PP_es.pdf,AND,1990,PP,es,"Por otra parte, los andaluces, tras situar a la droga como el problema más grave después del paro, no dudan en atribuir tal situación a ineficacia e ineptitud de la administración.",31
AND_1990_PP_es.pdf,AND,1990,PP,es,"Sin perjuicio de las medidas legales oportunas resultan imprescindibles medidas sanitarias, con arreglo a las siguientes estrategias: - Campaña de disuasión del consumo de drogas, alcohol y tabaco.",28
AND_1990_PP_es.pdf,AND,1990,PP,es,- Plan Social de rehabilitación y de inserción de los drogadictos.,11
AND_1990_PP_es.pdf,AND,1990,PP,es,"- Asistencia en los centros de atención primaria, dotándolos de equipo médico adecuado.",13
AND_1990_PP_es.pdf,AND,1990,PP,es,"Unidad de ingreso ubicada en las dedicadas a pacientes agudos en los hospitales generales, para tratamiento de síndrome de abstinencia y curas de desintoxicación.",24
AND_1990_PP_es.pdf,AND,1990,PP,es,- Unidades de rehabilitación en Centros de Atención a drogodependientes.,10
AND_1990_PP_es.pdf,AND,1990,PP,es,Fomento y promoción de talleres ocupacionales y una red de hogares tutelados.,12
AND_1990_PP_es.pdf,AND,1990,PP,es,- Colaboración entre equipos de los centros de atención primaria y los servicios médicos penitenciarios.,15
AND_1990_PP_es.pdf,AND,1990,PP,es,Cooperación con las familias afectadas por toxicomanías.,7
AND_1990_PP_es.pdf,AND,1990,PP,es,"El Partido Popular de Andalucía propone la incorporación de los profesionales de la farmacia a la actividad asistencial de equipo planteada para nuestra Comunidad, bien en los Centros de apoyo sanitario o en las instituciones hospitalarias, bien en las oficinas de farmacia.",42
AND_1990_PP_es.pdf,AND,1990,PP,es,Todo ellos a través de las siguientes medidas: - Ampliación del servicio farmacéutico hospitalario.,14
AND_1990_PP_es.pdf,AND,1990,PP,es,"- Aprovechamiento y unificación de las funciones de inspección, evaluación, control y gestión de la prestación farmacéutica en el sistema de la salud.",23
AND_1990_PP_es.pdf,AND,1990,PP,es,"- Actualización de la normativa sobre botiquines, especialmente en las zonas turísticas desprovistas de oficinas de farmacia.",17
AND_1990_PP_es.pdf,AND,1990,PP,es,"El Partido Popular de Andalucía propone un diseño moderno de la Enfermería, plenamente integrada en la asistencia sanitaria de nuestra Comunidad, a través de las siguientes medidas: - Actualización de la normativa reguladora de la profesión, adaptándola a las funciones asistenciales, administrativas e investigadoras que le son propias.",48
AND_1990_PP_es.pdf,AND,1990,PP,es,- Puesta en marcha de los ciclos universitarios previstos en la legislación vigente pero aún no desarrollados.,17
AND_1990_PP_es.pdf,AND,1990,PP,es,"- Promoción de las especialidades y titulaciones de la Enfermería, existentes ya en nuestro entorno internacional e inéditos aún en España.",21
AND_1990_PP_es.pdf,AND,1990,PP,es,- Extender a los titulados en Enfermería el sistema de libre elección por parte de los pacientes.,17
AND_1990_PP_es.pdf,AND,1990,PP,es,"El Partido Popular de Andalucía considera de interés especial para la sociedad la actividad de los Colegios Profesionales de Médicos y Enfermería, velando por dichas actividades y generando proyectos de continuas mejoras en la calidad de nuestra Sanidad.",38
AND_1990_PP_es.pdf,AND,1990,PP,es,"El Partido Popular de Andalucía ante el grave problema suscitado por la abundancia de los profesionales de la Sanidad en paro, propone un programa acelerado de formación en la especialidad de médicos de familia, el aumento de las plazas ofertadas en la convocatoria del MIR y el apoyo a cuantas iniciativas favorezcan su reciclaje de acuerdo con la oferta que el sistema mixto de salud vaya generando.",67
AND_1990_PP_es.pdf,AND,1990,PP,es,"De acuerdo con los objetivos propuestos, el Partido Popular de Andalucía resume su oferta sanitaria en las siguientes medidas: .",20
AND_1990_PP_es.pdf,AND,1990,PP,es,Potenciación del médico de familia.,5
AND_1990_PP_es.pdf,AND,1990,PP,es,"Dotación de los Centros de Apoyo Sanitario con los medios de investigación necesarios para que las patologías mayoritarias puedan ser diagnosticadas y tratadas en el ámbito de residencia del paciente, evitando desplazamientos injustificados y la masificación de los hospitales.",39
AND_1990_PP_es.pdf,AND,1990,PP,es,"Promoción y fomento de iniciativas sociales que aumenten nuestra disponibilidad en camas hospitalarias, descongestionando los hospitales de tercer nivel.",19
AND_1990_PP_es.pdf,AND,1990,PP,es,"Puesta en marcha de una red de centros dedicados a enfermedades de la tercera edad, capaces de asumir cuidados geriátricos prolongados.",21
AND_1990_PP_es.pdf,AND,1990,PP,es,Inclusión de la asistencia psiquiátrica en la Sanidad Pública.,9
AND_1990_PP_es.pdf,AND,1990,PP,es,"Fomento de la asistencia de apoyo a domicilio para pacientes crónicos y de la tercera edad: enfermería, asistentes sociales, psicólogos, fisioterapeutas.",21
AND_1990_PP_es.pdf,AND,1990,PP,es,"Especialización de la enfermería, de acuerdo con las variedades asistenciales que configuran el mapa de una medicina actualizada.",18
AND_1990_PP_es.pdf,AND,1990,PP,es,Dotación a los hospitales de tercer nivel de tecnología de diagnóstico y terapéutica.,13
AND_1990_PP_es.pdf,AND,1990,PP,es,Meticuloso cuidado en la revisión y reparación de nuestras tecnologías hospitalarias.,11
AND_1990_PP_es.pdf,AND,1990,PP,es,Potenciación de las capacidades profesionales de los farmacéuticos en la atención de los pacientes de nuestra Comunidad.,17
AND_1990_PP_es.pdf,AND,1990,PP,es,"Nuestra Comunidad Autónoma necesita, de modo inmediato, que se instrumente una política económica capaz de posibilitar el equilibrio del conjunto de nuestro sistema productivo.",24
AND_1990_PP_es.pdf,AND,1990,PP,es,"Urge corregir los grandes desequilibrios, sectoriales y territoriales que sufre nuestra economía.",12
AND_1990_PP_es.pdf,AND,1990,PP,es,"Esta política de reconversión de nuestro aparato productivo ha de apuntar, a medio plazo, a objetivos que garanticen cambios estructurales adecuados.",21
AND_1990_PP_es.pdf,AND,1990,PP,es,"No se trata, pues, de rentabilizar a corto plazo unos resultados económicos positivos, como fruto de una bonanza coyuntural.",19
AND_1990_PP_es.pdf,AND,1990,PP,es,"En la definición de dichos objetivos habrá que tener en cuenta, junto a los puntos fuertes y débiles de nuestros sectores productivos, un conjunto de variables que, no formando parte de la producción propiamente dicha, condicionan el grado de competitividad del sistema.",42
AND_1990_PP_es.pdf,AND,1990,PP,es,"Entre ellas ocupan lugar especial la carencia de infraestructuras de comunicaciones, ya que su actual situación dificulta la adecuada articulación territorial de los centros productivos de Andalucía, entre sí y con el exterior.",33
AND_1990_PP_es.pdf,AND,1990,PP,es,"Asimismo, resulta cada día más evidente la necesidad de adecuar el grado de formación de nuestro capital humano a los requerimientos de los nuevos métodos de producción.",27
AND_1990_PP_es.pdf,AND,1990,PP,es,"Por último, para superar el retraso que en tecnología productiva presenta nuestro sistema económico, es necesario desarrollar una tecnología autóctona eficiente, a partir de una asimilación inteligente de las exteriores.",30
AND_1990_PP_es.pdf,AND,1990,PP,es,Ello exige la implantación de una infraestructura investigadora que facilite asistencia y apoyo técnico a los distintos centros productivos.,19
AND_1990_PP_es.pdf,AND,1990,PP,es,La meta final de estas políticas será el reajuste del tradicional peso relativo a los distintos sectores de producción en el conjunto de la economía andaluza.,26
AND_1990_PP_es.pdf,AND,1990,PP,es,"De esta forma nuestro grado de bienestar será menos vulnerable ante variaciones coyunturales, dependientes de factores tan dispares como la climatología o las decisiones de los tour-operators internacionales.",28
AND_1990_PP_es.pdf,AND,1990,PP,es,La corrección de los desequilibrios económicos territoriales de Andalucía ha de combinarse con una adecuada articulación entre los distintos sectores productivos.,21
AND_1990_PP_es.pdf,AND,1990,PP,es,"Al depender la potenciación económica de un área geográfica de su capacidad de generar valor añadido, resultará proporcional al grado de integración productiva de los diferentes sectores económicos, entre sí y con los de zonas geográficas adyacentes.",37
AND_1990_PP_es.pdf,AND,1990,PP,es,El horizonte temporal para la instrumentación de esta política viene marcado ineludiblemente por la puesta en marcha de las medidas configuradoras del Mercado Interior Europeo de .,27
AND_1990_PP_es.pdf,AND,1990,PP,es,"A partir de esta fecha, que cobra el carácter de punto sin retorno, o nuestra economía se aclimata a los nuevos métodos de producción y comercialización o nuestra Comunidad se verá sometida a una situación económica colonial.",37
AND_1990_PP_es.pdf,AND,1990,PP,es,Es evidente que el industrial es el sector productivo sobre el que pivota el necesario equilibrio de la economía andaluza.,20
AND_1990_PP_es.pdf,AND,1990,PP,es,"El peso relativo en el conjunto de nuestra economía del sector agrícola y el de servicios, así como su vulnerabilidad ante ciertas variables exógenas, obliga a potenciar el desarrollo del sector industrial andaluz como elemento moderador de las variaciones experimentadas.",40
AND_1990_PP_es.pdf,AND,1990,PP,es,"Esta potenciación exige una serie de medidas específicas, entre las que cabe destacar: - La formulación de una política de suelo industrial, que evite los procesos de especulación, aumente su oferta y proporcione la infraestructura de servicios necesaria para la ubicación de centros productivos.",44
AND_1990_PP_es.pdf,AND,1990,PP,es,"- La potenciación de una industria de manipulación y transformación de productos agrarios y ganaderos que, posibilitando la articulación entre los distintos sectores productivos, desarrolle la economía de áreas geográficas más deprimidas, generando mayor valor añadido en nuestra región.",39
AND_1990_PP_es.pdf,AND,1990,PP,es,- La difusión y asimilación de nuevas técnicas productivas.,9
AND_1990_PP_es.pdf,AND,1990,PP,es,"Para ello se hace preciso el desarrollo de una infraestructura de difusión de conocimientos, así como la promoción y desarrollo de la investigación científica aplicada.",25
AND_1990_PP_es.pdf,AND,1990,PP,es,- Potenciar la industria de ID (Investigación y Desarrollo) con el objeto de reducir nuestra elevada dependencia del resto de España y del mundo en nuevas tecnologías.,27
AND_1990_PP_es.pdf,AND,1990,PP,es,"- Adecuar la oferta de Formación Profesional, reglada y ocupacional, a las necesidades de capacitación que demanda nuestra industria.",19
AND_1990_PP_es.pdf,AND,1990,PP,es,- Establecer los necesarios mecanismos administrativos que posibiliten una coordinación ágil y eficaz entre la Comunidad Autónoma y la Administración Central.,21
AND_1990_PP_es.pdf,AND,1990,PP,es,"Ello permitirá un mejor aprovechamiento de las ayudas financieras de la Comunidad Europea, tanto en materia de política industrial como en la dotación para infraestructura de apoyo y para la formación.",31
AND_1990_PP_es.pdf,AND,1990,PP,es,"- Diseño de líneas de financiación privilegiada para el sector industrial, que garanticen el volumen de recursos suficientes a un coste equiparable a los tipos de interés aplicados en el resto de la Comunidad Europea.",35
AND_1990_PP_es.pdf,AND,1990,PP,es,Siendo el sector Servicios el que presenta tradicionalmente mayor participación en el conjunto de nuestra economía ( del PIB andaluz) resulta fundamental mantener su nivel de actividad global y promocionar los subsectores específicos con mayor potencial de desarrollo.,38
AND_1990_PP_es.pdf,AND,1990,PP,es,"- Se hace preciso acometer la implantación de canales eficientes de comercialización, que garanticen la llegada de los productos andaluces tanto a los mercados exteriores como interiores.",27
AND_1990_PP_es.pdf,AND,1990,PP,es,"- En la vertiente exterior, es necesaria una mayor coordinación entre los distintos organismos con competencia en esta materia, a fin de posibilitar un incremento sustancial de las exportaciones andaluzas.",30
AND_1990_PP_es.pdf,AND,1990,PP,es,"- En la vertiente interior, es preciso abordar una profunda modernización y mejora de las instalaciones comerciales especializadas, que posibilite su función social dentro de las profundas transformaciones que está sufriendo la distribución comercial en su conjunto.",37
AND_1990_PP_es.pdf,AND,1990,PP,es,"- El Partido Popular de Andalucía promoverá iniciativas que mejoren las posibilidades de financiación del sector comercial favoreciendo la autofinanciación, facilitando los tipos de interés a corto y largo plazo, necesarios para la pequeña y mediana empresa y subvencionando medidas que tiendan a mejorar la competitividad.",46
AND_1990_PP_es.pdf,AND,1990,PP,es,- Se apoyará la promoción de centros que agrupen pequeños establecimientos capaces de ofrecer una oferta diversificada y competitiva.,19
AND_1990_PP_es.pdf,AND,1990,PP,es,"- Se actualizará la normativa referente a Ferias y Exposiciones, para favorecer su fecunda coordinación, evitando dispersión o reduplicaciones poco funcionales.",21
AND_1990_PP_es.pdf,AND,1990,PP,es,"El subsector turístico, con una participación en el PIB andaluz cercana al , mantiene una oferta de puestos de trabajos directos altamente significativa en nuestra Comunidad.",26
AND_1990_PP_es.pdf,AND,1990,PP,es,"Asimismo presenta un fuerte grado de articulación con otros sectores productivos, especialmente el de la Construcción o los subsectores de Comercio y Transportes.",23
AND_1990_PP_es.pdf,AND,1990,PP,es,"Para su adecuada potenciación el Partido Popular de Andalucía propone: - Mejorar el actual nivel de infraestructuras de comunicación y de equipamientos sociales, dado su directa incidencia sobre el desarrollo de la actividad turística.",34
AND_1990_PP_es.pdf,AND,1990,PP,es,"- Elaborar un Plan de Promoción Turística Exterior de Andalucía, coordinando esfuerzos de la Administración Central, Autonómica y Local, para dirigirlas a la captación de turismo de calidad.",28
AND_1990_PP_es.pdf,AND,1990,PP,es,"- Elevar el nivel de Formación Profesional de los trabajadores del sector que, procediendo en su mayoría de otros subsectores productivos, desarrollan su actividad frecuentemente de forma autodidacta, al no disponer de escuelas de Formación adecuadas y en número suficiente.",40
AND_1990_PP_es.pdf,AND,1990,PP,es,- Buscar fórmulas alternativas al concepto clásico de turismo potenciando aquellas que contribuyen a evitar su estacionalidad.,17
AND_1990_PP_es.pdf,AND,1990,PP,es,"Para ello sería preciso promocionar, entre otras: - La actividad congresual.",11
AND_1990_PP_es.pdf,AND,1990,PP,es,- El turismo en el seno del campo andaluz (agroturismo).,10
AND_1990_PP_es.pdf,AND,1990,PP,es,- El turismo interior dirigido a la tercera edad.,9
AND_1990_PP_es.pdf,AND,1990,PP,es,- El aprovechamiento turístico de la caza y la pesca.,10
AND_1990_PP_es.pdf,AND,1990,PP,es,- Las actividades de turismo de circuito y los cruceros marítimos.,11
AND_1990_PP_es.pdf,AND,1990,PP,es,- Para todo ello será necesario un apoyo firme y decidido de la Junta de Andalucía en materia de financiación para modernizar los alojamientos y otros servicios complementarios.,28
AND_1990_PP_es.pdf,AND,1990,PP,es,"El Partido Popular de Andalucía, para el logro de estos objetivos, propone las siguientes medidas: - Potenciación del Consejo Andaluz del Turismo reforzando sus competencias.",25
AND_1990_PP_es.pdf,AND,1990,PP,es,"- Constituir una Comisión Inter-Conserjerías para redactar proyectos especiales de obras, de especial envergadura en zonas turísticas.",17
AND_1990_PP_es.pdf,AND,1990,PP,es,- Elaborar un plan progresivo y permanente de Formación Profesional con la colaboración de empresas y sindicatos.,17
AND_1990_PP_es.pdf,AND,1990,PP,es,"- Aplicar al turismo la tarifa reducida en la determinación de IVA, para armonizar precios y costes con la CEE a partir de .",24
AND_1990_PP_es.pdf,AND,1990,PP,es,- Coordinar esfuerzos promocionales de las Administraciones y las empresas privadas.,11
AND_1990_PP_es.pdf,AND,1990,PP,es,Programar específicamente una penetración sistemática en los grandes mercados de USA y Japón.,13
AND_1990_PP_es.pdf,AND,1990,PP,es,- Ayudar a cortijos y casas de labor que lo soliciten para instalar habitaciones con servicios modernos para la oferta de turismo rural.,23
AND_1990_PP_es.pdf,AND,1990,PP,es,- Potenciar el desarrollo de campos de golf y puertos deportivos.,11
AND_1990_PP_es.pdf,AND,1990,PP,es,Andalucía necesita el apoyo de entidades financieras capaces de promover el desarrollo económico propiciado en este programa.,17
AND_1990_PP_es.pdf,AND,1990,PP,es,"Dentro del lógico juego de las reglas de una Economía Social de Mercado, resulta evidente la peculiaridad actual de las Cajas de Ahorro andaluzas.",24
AND_1990_PP_es.pdf,AND,1990,PP,es,"No sólo por su arraigo histórico y social, sino también por su peculiar estructura y por los recientes intentos de intervención política en decisiones de gran transcendencia para su papel futuro.",31
AND_1990_PP_es.pdf,AND,1990,PP,es,El Partido Popular de Andalucía considera que las Asambleas Generales de las Cajas de Ahorros han de ver respetada su independencia.,21
AND_1990_PP_es.pdf,AND,1990,PP,es,"Cualquier consideración de conveniencia política, en aras del interés general, ha de tener como escenario un debate abierto en el Parlamento Andaluz.",22
AND_1990_PP_es.pdf,AND,1990,PP,es,"En concreto, la política de fusiones propiciadas a escondidas desde instancias socialistas, plantea graves riesgos: reforzamiento del grado de oligopolio existente contra los principios de la Economía Social de Mercado; incremento del grado de intervencionismo político; riesgos de pérdidas de cuotas de mercado, etc.",44
AND_1990_PP_es.pdf,AND,1990,PP,es,"Todo ello debe ser valorado, teniendo como alternativa la posible ampliación de funciones de la Confederación de Cajas de Ahorro andaluzas con el objeto de reforzar las economías de escala.",30
AND_1990_PP_es.pdf,AND,1990,PP,es,"El Partido Popular de Andalucía, consciente del papel de las pequeñas y medianas empresas como motor de la economía y solución al paro, considera que la Junta de Andalucía ha de facilitar su viabilidad y existencias, favoreciendo un entorno favorable.",40
AND_1990_PP_es.pdf,AND,1990,PP,es,"Para ello ha de concentrar su acción en las siguientes medidas: - Esfuerzo inversor en infraestructura de comunicaciones, evitando todo desequilibrio segregacionista.",22
AND_1990_PP_es.pdf,AND,1990,PP,es,Planes de conservación que impidan su deterioro.,7
AND_1990_PP_es.pdf,AND,1990,PP,es,- Garantizar financiación con coste equiparable a los tipos de interés más competitivo de los países comunitarios.,17
AND_1990_PP_es.pdf,AND,1990,PP,es,- Fomento de la investigación e innovación tecnológica para mejorar la competitividad y favorecer la capacidad exportadora.,17
AND_1990_PP_es.pdf,AND,1990,PP,es,- Coordinación entre las diversas Administraciones para abrir canales de comercialización que dinamicen las exportaciones.,15
AND_1990_PP_es.pdf,AND,1990,PP,es,"El Partido Popular de Andalucía, convencido de las posibilidades de futuro del sector agrario andaluz, considera necesario su relanzamiento, partiendo de un doble punto de referencia: - Nuestra pertenencia a la Comunidad Económica Europea, que obliga a coordinar y complementar con los programas comunitarios nuestros objetivos.",46
AND_1990_PP_es.pdf,AND,1990,PP,es,- La necesaria participación de los agricultores y sus organizaciones en la fijación de tales objetivos políticos.,17
AND_1990_PP_es.pdf,AND,1990,PP,es,"En concreto, el Partido Popular de Andalucía propone los siguientes objetivos: - Mejorar el nivel y calidad de vida de la población del campo acercando sus rentas a las del resto de los sectores productivos y aumentando los márgenes obtenidos de las explotaciones.",43
AND_1990_PP_es.pdf,AND,1990,PP,es,"- Aumentar la competitividad, modernizando las explotaciones agrarias, mejorando la calidad de su producción fomentando la industrialización y los canales comerciales.",21
AND_1990_PP_es.pdf,AND,1990,PP,es,- Orientar la producción con efectividad hacia las demandas del mercado interior y exterior.,14
AND_1990_PP_es.pdf,AND,1990,PP,es,- Dotar al medio rural de equipamientos que disminuyan las diferencias de calidad de vida entre campo y ciudad.,19
AND_1990_PP_es.pdf,AND,1990,PP,es,"- Fomentar la investigación en todos los niveles de la producción agrícola, así como la Formación Profesional de los agricultores.",20
AND_1990_PP_es.pdf,AND,1990,PP,es,"- Fomentar la participación de las organizaciones agrarias fomentando las explotaciones familiares en asociacionismo agrario y, en particular, el cooperativismo.",20
AND_1990_PP_es.pdf,AND,1990,PP,es,- Impulsar una política social que mejore las prestaciones a la población agraria y su gestión.,16
AND_1990_PP_es.pdf,AND,1990,PP,es,"En resumen, el Partido Popular de Andalucía aspira a que los andaluces contemos con un sector agrario moderno y competitivo, donde los agricultores y ganaderos tengan niveles de renta similares a los de otros sectores, vinculando a la industria de medios de producción y de transformación y capaz de mantener una estructura social y económica equilibrada, preservando a la vez nuestro medio ambiente y nuestra calidad de vida.",68
AND_1990_PP_es.pdf,AND,1990,PP,es,"Tras ocho años de gobierno socialista en Andalucía y España, ha crecido el pesimismo, el desánimo y la incertidumbre entre los hombres del campo andaluz, a pesar de las ventajas que ofrecía nuestra incorporación a la Comunidad Europea y del ambiente de crecimiento económico general.",45
AND_1990_PP_es.pdf,AND,1990,PP,es,"En ello ha influido la mala negociación socialista de nuestro Tratado de Adhesión, así como la nula defensa de nuestras producciones por parte de las autoridades andaluzas.",27
AND_1990_PP_es.pdf,AND,1990,PP,es,La política agraria de la Junta de Andalucía se ha caracterizado por un intervencionismo que ha asfixiado todo intento de participación de las organizaciones agrarias.,25
AND_1990_PP_es.pdf,AND,1990,PP,es,"Su obsesión ha sido el fracasado proyecto de Reforma Agraria, cuyos objetivos productivistas en clara contradicción con la política comunitaria se han apoyado más en amenazas que en el fomento de la actividad empresarial.",34
AND_1990_PP_es.pdf,AND,1990,PP,es,Su nefasta actuación en temas de sanidad animal (peste equina) y la falta de una clara política de apoyo a la investigación agraria cierran un cuadro manifiestamente mejorable.,28
AND_1990_PP_es.pdf,AND,1990,PP,es,"En concreto, para el logro de los objetivos propuestos, se precisa un radical cambio de política en relación a las medidas estructurales con que la Comunidad Europea pretende compensar los efectos de su política de precios.",36
AND_1990_PP_es.pdf,AND,1990,PP,es,"Como experiencias que no deben repetirse hasta citar: - La Junta se ha limitado a aplicar los módulos nacionales en las indemnizaciones para zonas de montaña y desfavorecidas, a pesar de su abundancia en nuestra Comunidad.",36
AND_1990_PP_es.pdf,AND,1990,PP,es,"- La lentitud y escaso apoyo a la tramitación de las ayudas a la transformación y comercialización, solicitadas directamente por el agricultor, han hecho que su número decrezca paulatinamente.",29
AND_1990_PP_es.pdf,AND,1990,PP,es,"- Se ha excluido a determinadas zonas de los mecanismos de retiradas de tierras y extensificación, para poder dar vía libre a una desfasada Reforma Agraria.",26
AND_1990_PP_es.pdf,AND,1990,PP,es,"- Se ha impedido en la práctica la aplicación de las Ayudas al cese de la actividad impidiendo, por ejemplo, en una población agraria envejecida como la andaluza, que el agricultor jubilado ceda sus tierras a sus hijos.",38
AND_1990_PP_es.pdf,AND,1990,PP,es,- Han encontrado escaso desarrollo las ayudas a las agrupaciones de productores.,12
AND_1990_PP_es.pdf,AND,1990,PP,es,"La Junta ha creado su propia sociedad comercializadora (COPASA), fracasada por falta de profesionalidad.",14
AND_1990_PP_es.pdf,AND,1990,PP,es,"Las ayudas a Entidades Asociativas Agrarias se han otorgado por razones de afinidad política, llegando a superar los límites fijados por el Parlamento Andaluz.",24
AND_1990_PP_es.pdf,AND,1990,PP,es,"- No se ha mostrado voluntad política para aplicar ayudas a las ventas, decisivas para compensar los efectos de la política de precios.",23
AND_1990_PP_es.pdf,AND,1990,PP,es,"- Las ayudas a la incorporación de jóvenes agricultores se han convertido en claro ejemplo de obstaculización burocrática: sólo solicitudes, cuando en Cataluña o Aragón superan las .",28
AND_1990_PP_es.pdf,AND,1990,PP,es,"Se establecen los módulos más bajos de Europa: mientras los jóvenes agricultores de el País Vasco pueden tener años, los andaluces envejecen por decreto a los .",27
AND_1990_PP_es.pdf,AND,1990,PP,es,"Transferidas a la Comunidad Europea las competencias sobre política de ordenación de las producciones agrarias, la Junta de Andalucía debe, no obstante, participar junto al gobierno central en la fijación de sus prioridades.",33
AND_1990_PP_es.pdf,AND,1990,PP,es,"El Partido Popular de Andalucía propone la apertura de una Oficina Permanente en Bruselas, para la defensa de nuestras producciones, en coordinación con las actuaciones de las restantes Administraciones.",29
AND_1990_PP_es.pdf,AND,1990,PP,es,"Considera, igualmente, necesario acelerar la integración de nuestra agricultura en la Política Agraria Común, cerrando por adelantado nuestro período transitorio con motivo de la entrada en vigor del Acta Unica.",30
AND_1990_PP_es.pdf,AND,1990,PP,es,"Se evitaría así que tras esa fecha, permanezcan trabas y limitaciones a la libre circulación de nuestros productos.",18
AND_1990_PP_es.pdf,AND,1990,PP,es,"Asimismo, dada la pésima negociación de nuestro Tratado de Adhesión, resulta imprescindible actualizar, en negociación continuada con las instancias comunitarias, los siguientes aspectos: - Supresión de las tasas de corresponsabilidad y suplementarias, en los sectores de cereales y leche de vacuno al ser nuestro país importador de la CEE y no producir excedente alguno.",54
AND_1990_PP_es.pdf,AND,1990,PP,es,"- Supresión de las obligadas importaciones de maíz y sorgo, consecuencia del acuerdo CEE-EE.UU., limitándolas a lo necesario para el suministro de piensos a nuestra ganadería.",26
AND_1990_PP_es.pdf,AND,1990,PP,es,"- Supresión del mecanismo complementario de los intercambios, en frutas y hortalizas, integrando dicho sector antes de la entrada en vigor del Acta Unica.",24
AND_1990_PP_es.pdf,AND,1990,PP,es,"- Reforzamiento del principio de la preferencia comunitaria, evitando a nuestros productos peores condiciones en el mercado comunitario que los de países terceros.",23
AND_1990_PP_es.pdf,AND,1990,PP,es,"- Establecimiento de Organizaciones Comunes de Mercado, en leguminosas, frutos secos y aceitunas.",13
AND_1990_PP_es.pdf,AND,1990,PP,es,"- Incremento de las cuotas de producción y de las cantidades máximas garantizadas en producciones, como algodón, oleaginosas o aceite de oliva, en los que la CEE es deficitaria.",29
AND_1990_PP_es.pdf,AND,1990,PP,es,"- Reducción, a través de la Política Agraria Común, del actual desequilibrio entre Andalucía, como zona desfavorecida y productora principal de determinados productos, y la mayoría de las regiones comunitarias.",30
AND_1990_PP_es.pdf,AND,1990,PP,es,"El Partido Popular de Andalucía se compromete a una modernización de las estructuras agrarias, que permita la formación de empresas agrícolas capaces de garantizar una vida digna del agricultor.",29
AND_1990_PP_es.pdf,AND,1990,PP,es,"Para ello procederá al desarrollo exhaustivo de las previsiones del RD , para mejora de la eficacia de la estructura agraria, eliminando trabas administrativas y burocráticas e incrementando dotaciones presupuestarias al servicio de estos objetivos: - Aplicar en todo el territorio andaluz los programas comunitarios de jubilación anticipada de los agricultores y retirada de tierras y extensión de cultivos.",59
AND_1990_PP_es.pdf,AND,1990,PP,es,- Plena y urgente adopción de las normas comunitarias sobre zonas desfavorecidas y de montaña.,15
AND_1990_PP_es.pdf,AND,1990,PP,es,- Compensación con fondos públicos a los agricultores con explotaciones afectadas por medidas de protección de la naturaleza.,18
AND_1990_PP_es.pdf,AND,1990,PP,es,"- Actuaciones de concentración parcelaria, que mejoren la viabilidad y competitividad de nuestras explotaciones.",14
AND_1990_PP_es.pdf,AND,1990,PP,es,"Encauzar en esta dirección la Ley de Reforma Agraria Andaluza, con ayudas a la comercialización, transformación e industrialización, regadíos, repoblaciones forestales y defensa del medio ambiente.",26
AND_1990_PP_es.pdf,AND,1990,PP,es,"- Máxima utilización de las facilidades financieras comunitarias en materia de estructuras agrarias, presentando programas operativos prácticos dentro de los objetivos de los fondos estructurales, tras su reforma.",28
AND_1990_PP_es.pdf,AND,1990,PP,es,"El Partido Popular de Andalucía, propone un Plan de mejora de la sanidad animal y vegetal, que erradique la peste equina o porcina y evite cierres de fronteras para determinadas producciones, que están limitando gravemente el potencial desarrollo de nuestra economía agraria.",42
AND_1990_PP_es.pdf,AND,1990,PP,es,Dicho Plan habrá de llevarse a cabo en coordinación con el Gobierno Central y las demás Comunidades Autónomas.,18
AND_1990_PP_es.pdf,AND,1990,PP,es,"Tal objetivo exige como complemento las siguientes medidas: - Establecimiento por vía reglamentaria de controles más rigurosos en las ganaderías de producción, así como un control especial sanitario del tránsito con África.",32
AND_1990_PP_es.pdf,AND,1990,PP,es,"- Organización de cursos para la formación de los agricultores en la correcta utilización de fertilizantes, plaguicidas y productos zoosanitarios.",20
AND_1990_PP_es.pdf,AND,1990,PP,es,- Creación de una red de laboratorios para sanidad animal y vegetal.,12
AND_1990_PP_es.pdf,AND,1990,PP,es,- Dotación presupuestaria para la reposición de animales y la implantación de centros de recría.,15
AND_1990_PP_es.pdf,AND,1990,PP,es,"El Partido Popular de Andalucía considera imprescindible una mejora de las comunicaciones con los grandes centros de consumo de productos agrarios, un aumento de la industrialización de las producciones y una mejora en su comercialización que permita aumentar su valor añadido.",41
AND_1990_PP_es.pdf,AND,1990,PP,es,"Ello resulta decisivo dada la vocación exportadora de la agricultura andaluza, al complementar sus producciones mediterráneas a las continentales del norte de la Comunidad Europea.",25
AND_1990_PP_es.pdf,AND,1990,PP,es,"- Fomento de proyectos industriales, confinanciándolos al amparo de los programas comunitarios de Ayudas Estructurales del FEOGA.",17
AND_1990_PP_es.pdf,AND,1990,PP,es,"- Mejora de la comercialización de los productos agrarios, fomentando la concentración de la oferta a través de las Agrupaciones de Productores previstas en los reglamentos comunitarios.",27
AND_1990_PP_es.pdf,AND,1990,PP,es,Apoyo a sus iniciativas mediante estudios de mercado y campañas publicitarias.,11
AND_1990_PP_es.pdf,AND,1990,PP,es,Formación de personal cualificado para su dirección.,7
AND_1990_PP_es.pdf,AND,1990,PP,es,"- Mejora de la infraestructura de comunicaciones y transporte, tanto entre las diversas zonas andaluzas como con el resto de España y la Comunidad Europea.",25
AND_1990_PP_es.pdf,AND,1990,PP,es,"El Partido Popular de Andalucía impulsará un Programa integral de desarrollo y mejora de la calidad de vida en el ámbito rural basado en las siguientes medidas: - Ejecución de un plan de electrificación rural de la mayor parte de las explotaciones, que permita reestructurarlas y mejorar su competitividad.",49
AND_1990_PP_es.pdf,AND,1990,PP,es,"- Realización de un plan cuatrienal de telefonía, que posibilite la instalación de teléfonos públicos y privados en todos los núcleos de población.",23
AND_1990_PP_es.pdf,AND,1990,PP,es,"- Rehabilitación de viviendas rurales, mejorando los actuales incentivos.",9
AND_1990_PP_es.pdf,AND,1990,PP,es,"- Mejora de las comunicaciones comarcales y rurales, para acercar los productos agrarios a los mercados, evitando las actuales limitaciones de tonelaje.",22
AND_1990_PP_es.pdf,AND,1990,PP,es,- Plan de instalación de riegos y modernización de las instalaciones existentes.,12
AND_1990_PP_es.pdf,AND,1990,PP,es,"Mejora de los actuales canales de distribución, para un mejor aprovechamiento del agua disponible.",14
AND_1990_PP_es.pdf,AND,1990,PP,es,"- Planes de formación profesional permanente de agricultores y ganaderos, jóvenes y adultos, para permitirles acceder a las innovaciones técnicas.",20
AND_1990_PP_es.pdf,AND,1990,PP,es,"- Mejora de la asistencia sanitaria en el medio rural, con especial atención a la tercera edad, dado su fuerte incremento.",21
AND_1990_PP_es.pdf,AND,1990,PP,es,- Programa de jubilación anticipada a los años para los trabajadores del campo y medidas incentivadoras de la incorporación de jóvenes a las empresas agrarias.,25
AND_1990_PP_es.pdf,AND,1990,PP,es,Para todo ello se recurrirá al Plan de Desarrollo Regional establecido por la CEE para las regiones subdesarrolladas.,18
AND_1990_PP_es.pdf,AND,1990,PP,es,"El Partido Popular de Andalucía considera a la investigación y experimentación agrarias como pilares básicos para el progreso-futuro de nuestra actividad agrícola, ganadera y forestal.",25
AND_1990_PP_es.pdf,AND,1990,PP,es,Para superar esta asignatura pendiente de nuestro sector agrario se precisan: - Aumento de la dotación presupuestaria para lograr un relanzamiento de la investigación agraria.,25
AND_1990_PP_es.pdf,AND,1990,PP,es,"- Fijación, con ayuda de las organizaciones agrarias, de los objetivos prioritarios a llevar a cabo, en coordinación con los programas nacionales del INIA y del CSIC.",27
AND_1990_PP_es.pdf,AND,1990,PP,es,"- Publicación y difusión eficaz, a través de la Agencia de Extensión Agraria de los resultados aplicables al sector agrario andaluz.",21
AND_1990_PP_es.pdf,AND,1990,PP,es,El Partido Popular de Andalucía potenciará los órganos representativos de los agricultores y ganaderos bloqueados por falta de voluntad política del gobierno.,22
AND_1990_PP_es.pdf,AND,1990,PP,es,"Por razones de concertación social y de eficacia habrá de acordarse con las organizaciones agrarias la acción política en los siguientes ámbitos: - Simplificación burocrática en todos los trámites relativos a explotaciones agrícolas y ganaderas, tanto en materia laboral y fiscal como en la solicitud de ayudas.",47
AND_1990_PP_es.pdf,AND,1990,PP,es,"- Convocatoria inmediata de elecciones libres para Cámaras Agrarias, potenciándolas como vías de oferta de información y servicios a los agricultores y ganaderos.",23
AND_1990_PP_es.pdf,AND,1990,PP,es,Se armonizará su función con la de las Organizaciones Profesionales Agrarias.,11
AND_1990_PP_es.pdf,AND,1990,PP,es,"- Rehabilitación del Consejo Asesor Agrario, como eje central de una política de diálogo y concertación.",16
AND_1990_PP_es.pdf,AND,1990,PP,es,"- Clarificación de la política fiscal, haciéndola transparente, no discriminatoria y adecuada a la menor capacidad contributiva del sector agrario.",20
AND_1990_PP_es.pdf,AND,1990,PP,es,- Prevención de situaciones catastróficas y de climatologías irregulares.,9
AND_1990_PP_es.pdf,AND,1990,PP,es,"Mejora de la aplicación de los seguros agrarios hasta conseguir en todos los cultivos un nivel similar, al menos, al aplicado hoy a los cereales.",25
AND_1990_PP_es.pdf,AND,1990,PP,es,"El Partido Popular de Andalucía, dentro de una preocupación global por la conservación del medio ambiente y el respeto escrupuloso del equilibrio ecológico, propone una política forestal que permita luchar eficazmente contra la erosión e incrementar las masas forestales existentes.",40
AND_1990_PP_es.pdf,AND,1990,PP,es,"Esta política de reforestación, cuyo alto coste es bien conocido resulta imprescindible en Andalucía, antes de que la actual situación se haga insuperable.",23
AND_1990_PP_es.pdf,AND,1990,PP,es,"Para ello propone las siguientes medidas: - Erradicación de los incendios forestales, mediante un incremento de las dotaciones para vigilancia de bosques y reservas naturales, una reorganización más operativa de la administración forestal autonómica y una mayor eficacia en las sanciones administrativas por imprudencia temeraria.",45
AND_1990_PP_es.pdf,AND,1990,PP,es,"- Establecimiento de una comisión de expertos que estudie y evalúe el impacto medioambiental de las explotaciones relacionadas con el sector forestal, para su progresiva racionalización.",26
AND_1990_PP_es.pdf,AND,1990,PP,es,"- Puesta en marcha con carácter de urgencia, de un plan de repoblación forestal destinado a incrementar en un nuestra superficie arbolada.",22
AND_1990_PP_es.pdf,AND,1990,PP,es,"El Partido Popular de Andalucía denuncia las graves consecuencias que la deficiente negociación de nuestro Tratado de Adhesión a la Comunidad Europea ha acarreado a los pescadores andaluces, particularmente en lo relativo a cuotas de captura y licencias de pesca.",40
AND_1990_PP_es.pdf,AND,1990,PP,es,"Para superar esta situación propone las siguientes medidas: - Reactivación de las Cofradías de Pescadores, derogando el decreto que ha llevado a su práctica eliminación.",25
AND_1990_PP_es.pdf,AND,1990,PP,es,"- Reapertura del diálogo con el sector pesquero, bloqueado por la falta de representatividad del Consejo Asesor de Pesca creado caprichosamente por la Junta.",24
AND_1990_PP_es.pdf,AND,1990,PP,es,"- Renovación y reestructuración de la flota pesquera, mediante la adecuada coordinación de ayudas comunitarias, estatales y autonómicas.",18
AND_1990_PP_es.pdf,AND,1990,PP,es,Aperturas de líneas de crédito blandas a largo plazo.,9
AND_1990_PP_es.pdf,AND,1990,PP,es,Promoción de buques tipo que abaraten los costes y permitan renovar los existentes y mejorar las condiciones de vida y seguridad en la mar.,24
AND_1990_PP_es.pdf,AND,1990,PP,es,"- Apertura de nuevos caladeros, que permitan la amortización de los buques.",12
AND_1990_PP_es.pdf,AND,1990,PP,es,"Protección de las costas, fomentando con ayuda de la acuicultura la repoblación de nuestros caladeros.",15
AND_1990_PP_es.pdf,AND,1990,PP,es,"- Regulación del mercado, evitando ventas clandestinas al por mayor en beneficio exclusivo de los intermediarios.",16
AND_1990_PP_es.pdf,AND,1990,PP,es,- Jubilación anticipada a los años para los trabajadores en pesqueros al día y a partir de los años para los que faenen en turnos de navegación de más de una quincena.,32
AND_1990_PP_es.pdf,AND,1990,PP,es,- Reforma de la educación náutico-pesquera.,6
AND_1990_PP_es.pdf,AND,1990,PP,es,Adecuación de las actuales enseñanzas y promoción de titulaciones específicas.,10
AND_1990_PP_es.pdf,AND,1990,PP,es,"El Partido Popular de Andalucía promueve una política global de Medio Ambiente, que combina actuaciones ecológicas con el control de emisiones industriales, haciendo especial hincapié en medidas positivas, que eviten la atribución a las propuestas medioambientales de un contenido meramente limitativo.",41
AND_1990_PP_es.pdf,AND,1990,PP,es,"Para ello se proponen las siguientes medidas: - Implantación de la normativa europea sobre controles de emisión industrial, sin otros límites cautelares que los exigidos por el peligro de cierre de determinadas industrias en período de expansión.",37
AND_1990_PP_es.pdf,AND,1990,PP,es,- Potenciación de la vigilancia fluvial para controlar el vertido de residuos industriales en cauces públicos.,16
AND_1990_PP_es.pdf,AND,1990,PP,es,En toda futura concesión la toma de agua de cada industria se efectuará aguas abajo del punto de vertido.,19
AND_1990_PP_es.pdf,AND,1990,PP,es,"- Forestación de montes y sierras con especies de crecimiento rápido en la fase inicial y más tarde, a su abrigo, especies autóctonas.",23
AND_1990_PP_es.pdf,AND,1990,PP,es,"- Reducción de impuestos a explotaciones de alcornocales, con una densidad mínima de árboles por hectárea.",16
AND_1990_PP_es.pdf,AND,1990,PP,es,Promoción de nuevas plantaciones.,4
AND_1990_PP_es.pdf,AND,1990,PP,es,"- Creación de fincas-reservas, para ampliar la superficie actual de anidamiento fuera de los enclaves protegidos.",16
AND_1990_PP_es.pdf,AND,1990,PP,es,"En ellas no se practicará la caza durante la vigencia del acuerdo, quedando la guardia a cargo de la Administración.",20
AND_1990_PP_es.pdf,AND,1990,PP,es,Para el fomento de esta figura se otorgarán ayudas y desgravaciones fiscales.,12
AND_1990_PP_es.pdf,AND,1990,PP,es,"- Compensación, con ayuda de los Fondos Europeos, a los municipios colindantes con zonas protegidas, impulsando en ellos el desarrollo de actividades compatibles.",23
AND_1990_PP_es.pdf,AND,1990,PP,es,"- Puesta en marcha de programas específicos sobre contaminación acústica, que alcanza en Andalucía uno de los niveles más altos de Europa.",22
AND_1990_PP_es.pdf,AND,1990,PP,es,"En concreto, se elaborará una normativa común y se asignarán medios humanos y materiales para aplicarla eficazmente a vehículos de motor, bares con música y motores industriales.",27
AND_1990_PP_es.pdf,AND,1990,PP,es,"- Tratamiento racional de los residuos urbanos, ofreciendo compensaciones a los municipios afectados y confiriendo carácter temporal a los vertederos, destinados luego a convertirse en zona arbolada.",27
AND_1990_PP_es.pdf,AND,1990,PP,es,- Constitución de mancomunidades de municipio para la construcción y mantenimiento de depuradoras de agua residuales.,16
AND_1990_PP_es.pdf,AND,1990,PP,es,- Reforestación de terrenos afectados por grandes obras de infraestructura: terraplenes y desmontes de carreteras o superficies libres en grandes cruces.,21
AND_1990_PP_es.pdf,AND,1990,PP,es,"- Protección forestal de las cuencas que abastecen los embalses andaluces, evitando aterramientos rápidos y retrasando el efecto de las avenidas.",21
AND_1990_PP_es.pdf,AND,1990,PP,es,"Especial protagonismo dentro de los problemas medioambientales de Andalucía ha cobrado el cementerio de residuos nucleares de El Cabril, que la convierte en la única Comunidad Autónoma que soporta tales instalaciones, a pesar de no existir en su territorio ninguna central nuclear, ni instalaciones que generen tales residuos, salvo los escasos producidos en centros médicos.",55
AND_1990_PP_es.pdf,AND,1990,PP,es,"Como es sabido, el Parlamento Andaluz se ha manifestado en dos ocasiones en contra de este almacén de residuos nucleares de media y baja actividad, apoyando en ambos casos con sus votos al Partido Popular de Andalucía en dichas resoluciones.",40
AND_1990_PP_es.pdf,AND,1990,PP,es,"Mantenemos nuestra oposición a dichas instalaciones, por no haberse demostrado técnicamente la idoneidad del lugar elegido, ni tampoco la inexistencia de otras zonas del territorio español más seguras y apropiadas.",30
AND_1990_PP_es.pdf,AND,1990,PP,es,"Las obras que se están realizando, al haberse elegido una técnica de construcción en superficie, están produciendo deterioros irreparables en una zona de alto interés ecológico.",26
AND_1990_PP_es.pdf,AND,1990,PP,es,"El sistema de barreras de hormigón no garantiza el carácter totalmente estanco de los almacenes ni, por tanto, la imposibilidad de emisiones radioactivas en supuestos de catástrofe o accidente.",29
AND_1990_PP_es.pdf,AND,1990,PP,es,"El Partido Popular de Andalucía paralizará las obras que se vienen realizando en El Cabril, encargando a un comité de expertos internacionales los estudios geológicos y de impacto ambiental que permiten adoptar una decisión definitiva.",35
AND_1990_PP_es.pdf,AND,1990,PP,es,"El Partido Popular de Andalucía muestra su honda preocupación por las consecuencias a que está llevando la política, dirigida desde las más altas instancias gubernamentales, relativa al Parque de Doñana.",30
AND_1990_PP_es.pdf,AND,1990,PP,es,"Como es sabido, estudios realizados con la ayuda de modelos matemáticos por el Instituto Geológico y Minero pronostican para el año un descenso de la capa freática de hasta diez metros, desecación de zonas como Santa Olalla y Dulce, así como del arroyo de La Rocina, salvo en caso de grandes crecidas, desecación del pozo artesiano del que se nutre hoy Palacio, etc.",63
AND_1990_PP_es.pdf,AND,1990,PP,es,"Expertos de reconocido prestigio internacional se muestran pesimistas, si no se produce un cambio radical de actitud, alertando ante el peligro futuro de una combustión espontánea de las capas de turba, que llevaría a una calcinación similar a la experimentada por las Tablas de Daimiel.",45
AND_1990_PP_es.pdf,AND,1990,PP,es,El reciente informe realizado por el Fondo Internacional para Defensa de la Naturaleza (WWF) no resulta más tranquilizador.,18
AND_1990_PP_es.pdf,AND,1990,PP,es,"Ante esta situación se propone: - Simplificación de la actual maraña de organismos implicados en la gestión del Parque, para lograr eficacia y coherencia.",24
AND_1990_PP_es.pdf,AND,1990,PP,es,"- Máxima transparencia informativa, evitando que prosperen modos de gobierno propios de quien considera que, a la hora de las responsabilidades de gobierno, su función consiste sólo en oír y nunca en aclarar sus decisiones.",35
AND_1990_PP_es.pdf,AND,1990,PP,es,Sólo este cambio de actitud podrá generar confianza en los implicados y facilitar el máximo de colaboración por parte de la comunidad científica.,23
AND_1990_PP_es.pdf,AND,1990,PP,es,"- Realización de un estudio por parte de una Comisión Internacional de Expertos que analice la situación de las aguas subterráneas, el impacto producido por el Plan Almonte-Marismas y los marcos de actuación de cualquier aprovechamiento agrícola o turístico futuro.",40
AND_1990_PP_es.pdf,AND,1990,PP,es,"- Puesta en marcha de acciones inmediatas para la extracción de aguas subterráneas contaminadas con pesticidas, aceleración del control monitorizado de los pozos existentes y otras medidas de urgencia que frenen el actual proceso de deterioro.",36
AND_1990_PP_es.pdf,AND,1990,PP,es,"- Condicionamiento de cualquier proyecto en la zona a la realización de un estudio hidrogeológico, calculando la variación de la superficie freática y de la relación agua dulce-marina en un plazo de años, así como otros aspectos medioambientales relevantes.",39
AND_1990_PP_es.pdf,AND,1990,PP,es,"El Partido Popular de Andalucía, consciente de que uno de los grandes activos inmateriales de nuestra tierra es su Medio Ambiente, contribuirá a su mejor conocimiento y a su conservación y potenciación mediante fórmulas positivas y contribuirá a erradicar toda imagen negativa o limitativa de estas tareas.",47
AND_1990_PP_es.pdf,AND,1990,PP,es,Es difícil encontrar algún aspecto de la vida andaluza que no resulte condicionado por la situación actual de sus infraestructuras.,20
AND_1990_PP_es.pdf,AND,1990,PP,es,"El Partido Popular de Andalucía considera por ello inaplazable una particular atención a este aspecto instrumental, que limita hoy la mayor parte de las posibilidades de crecimientos y expansión de nuestra Comunidad.",32
AND_1990_PP_es.pdf,AND,1990,PP,es,"El Partido Popular de Andalucía considera necesario conservar los aspectos positivos de la distribución actual de la población andaluza, diseminada en buena parte en elementos de población distanciados unos ó km.",31
AND_1990_PP_es.pdf,AND,1990,PP,es,"Es preciso potenciar estos centros, reduciendo los efectos negativos de las grandes aglomeraciones urbanas.",14
AND_1990_PP_es.pdf,AND,1990,PP,es,"Pero, a la vez, hay que garantizar niveles adecuados a las zonas más deprimidas, facilitar una mejor relación entre la costa y el interior y potenciar la organización comarcal.",29
AND_1990_PP_es.pdf,AND,1990,PP,es,"Al servicio de estos objetivos se plantean las siguientes medidas: - Profundizar en la política de comercialización, como instrumento adecuado para solucionar los problemas de los municipios.",27
AND_1990_PP_es.pdf,AND,1990,PP,es,"Facilitar su colaboración en Mancomunidades y Agrupaciones, para acometer obras de abastecimiento, saneamiento de aguas, tratamiento de residuos, etc.",19
AND_1990_PP_es.pdf,AND,1990,PP,es,"- Fijar una relación en el equipamiento de servicios públicos (sanitarios, educativos, culturales), que defina la dotación adecuada para los diferentes niveles de población.",24
AND_1990_PP_es.pdf,AND,1990,PP,es,Establecer las prioridades para la ejecución de tal programa.,9
AND_1990_PP_es.pdf,AND,1990,PP,es,"- Plantear en las zonas de menor dinamismo económico alternativas que permitan aprovechar al máximo sus posibilidades: caza, turismo ecológico y de naturaleza, industria del corcho, etc. - Dedicar especial atención a los enlaces costa-interior, descongestionando la zona litoral y extendiendo sus beneficios económicos hacia el interior, trasladando las actividades económicas necesitan de grandes superficies: distribución, servicio auxiliares, almacenes de materiales de obra, etc.",64
AND_1990_PP_es.pdf,AND,1990,PP,es,"Construir para ello un gran eje litoral que, por necesidades funcionales y de eficacia, debe transcurrir varios kms.",18
AND_1990_PP_es.pdf,AND,1990,PP,es,hacia el interior con enlaces hacia la costa en los centros principales.,12
AND_1990_PP_es.pdf,AND,1990,PP,es,"El Partido Popular de Andalucía considera que la construcción de carreteras debe abordarse como instrumento más de la política económica y no limitarse exclusivamente a atender una demanda que, por lo demás, en muchos itinerarios no está mínimamente atendida.",39
AND_1990_PP_es.pdf,AND,1990,PP,es,"La estrategia general debe centrarse en unos ejes básicos de urgente construcción, complementados con alternativas que alivien su actual congestión.",20
AND_1990_PP_es.pdf,AND,1990,PP,es,Tal esfuerzo obliga a marginar el triunfalismo con que se están abordando determinadas obras.,14
AND_1990_PP_es.pdf,AND,1990,PP,es,"No sólo estamos muy por debajo de nuestras necesidades, sino que algunos de los tramos de carretera puestos en servicio resultan insuficientes ya para el tráfico actual.",27
AND_1990_PP_es.pdf,AND,1990,PP,es,"Será preciso completar los ejes básicos, aumentando su ritmo de ejecución, ya que su rentabilidad social justifica ampliamente sus costos.",20
AND_1990_PP_es.pdf,AND,1990,PP,es,La consolidación de las comarcas exige contar con una red que aglutine los diferentes núcleos y permitan la conexión con las grandes vías de comunicación.,25
AND_1990_PP_es.pdf,AND,1990,PP,es,"Los ejes básicos, en dirección norte-sur, son los siguientes: - Madrid - Sevilla - Cádiz, para enlacer directamente Andalucía con Extremadura, Castilla - León y la Cornisa Cantábrica.",28
AND_1990_PP_es.pdf,AND,1990,PP,es,"Este eje incorpora la autopista Sevilla - Salamanca, incluida ya en el Programa Nacional del Partido Popular así como el enlace Sevilla - Lisboa a través de Aracena y Rosal de la Frontera.",33
AND_1990_PP_es.pdf,AND,1990,PP,es,"- Córdoba - Antequera - Málaga, fundamental para la vertebración de la Andalucía Central y para el desarrollo de importantes poblaciones del sur de la provincia de Córdoba.",28
AND_1990_PP_es.pdf,AND,1990,PP,es,"Incluye la autopista Córdoba - Antequera, contemplada en nuestro Programa Nacional.",11
AND_1990_PP_es.pdf,AND,1990,PP,es,"- Bailén - Jaén - Granada - Motril, que completa las comunicaciones de Andalucía Oriental con vértice en Granada.",19
AND_1990_PP_es.pdf,AND,1990,PP,es,Incluida como autopista en nuestro Programa Nacional.,7
AND_1990_PP_es.pdf,AND,1990,PP,es,"- Ecija - Osuna - Campillos - Málaga, con ramales de comunicación a Ronda, Marchena, Fuengirola y Benalmádena - Torremolinos, diversificados los accesos a Málaga y la Costa del Sol Occidental, que es la zona de mayor crecimiento económico y demográfico de Andalucía.",43
AND_1990_PP_es.pdf,AND,1990,PP,es,"Los ejes transversales, en dirección aproximada este-oeste, son: - Sevilla - Córdoba - Bailén.",14
AND_1990_PP_es.pdf,AND,1990,PP,es,"El ramal hacia Despeñaperros debe completarse con otro por Linares, Navas de San Juan, Santiesteban del Puerto hasta Albacete, y de allí a Valencia.",24
AND_1990_PP_es.pdf,AND,1990,PP,es,"Fundamental para unir el Valle del Guadalquivir con la salida natural hacia Europa, por el eje del Mediterráneo.",18
AND_1990_PP_es.pdf,AND,1990,PP,es,- Huelva - Sevilla - Antequera - Granada - Baza.,10
AND_1990_PP_es.pdf,AND,1990,PP,es,"Actualmente retrasado en su tramo final, sirve de enlace con el eje mediterráneo, debiendo continuar por el otro extremo mediante el tramo Huelva - Ayamonte, incluido como autopista en nuestro Programa Nacional.",32
AND_1990_PP_es.pdf,AND,1990,PP,es,"Su financiación, tras los oportunos trámites, debe ser asumida por la Administración Central.",13
AND_1990_PP_es.pdf,AND,1990,PP,es,- Eje litoral: es la gran asignatura pendiente de nuestras infraestructuras.,11
AND_1990_PP_es.pdf,AND,1990,PP,es,"Implica una doble actuación: - Realizar un tramo Huércal Overa - Almería - Málaga - Algeciras, incluido como autopista en nuestro Programa Nacional.",23
AND_1990_PP_es.pdf,AND,1990,PP,es,"- Realizar un estudio actualizado de la red de comunicaciones, por carretera y ferrocarril de todo el litoral.",18
AND_1990_PP_es.pdf,AND,1990,PP,es,La autopista debe situarse algunos km.,6
AND_1990_PP_es.pdf,AND,1990,PP,es,al interior y el ferrocarril acercarse lo más posible a los grandes núcleos de población.,15
AND_1990_PP_es.pdf,AND,1990,PP,es,"- Este eje se completa con la autopista Cádiz - Algeciras, incluida en nuestro Programa Nacional.",16
AND_1990_PP_es.pdf,AND,1990,PP,es,"- Antequera-Campillos-Arcos-Jérez, que completa el enlace Jérez-Cartagena y facilita el acceso de Cádiz hacia el centro de Andalucía.",18
AND_1990_PP_es.pdf,AND,1990,PP,es,- Los Barrios-Jérez necesario para facilitar el acceso al Puerto de Algeciras.,12
AND_1990_PP_es.pdf,AND,1990,PP,es,"Todos estos itinerarios, que no están programados, deben incorporarse al próximo Plan de Carreteras con fechas fijas de comienzo y terminación.",21
AND_1990_PP_es.pdf,AND,1990,PP,es,"El Partido Popular continuará sus iniciativas parlamentarias, dentro y fuera del ámbito andaluz, para hacerlo posible.",16
AND_1990_PP_es.pdf,AND,1990,PP,es,"La red comarcal deberá modernizarse desde las correspondientes cabeceras de comarca, facilitando el enlace con sus núcleos significativos.",18
AND_1990_PP_es.pdf,AND,1990,PP,es,Se elaborará un Plan General de supresión de travesías urbanas y correspondientes accesos a núcleos de población.,17
AND_1990_PP_es.pdf,AND,1990,PP,es,"Sin perjuicio de otras medidas sobre seguridad vial, se elaborará con carácter de urgencia un plan de eliminación de puntos negros en las redes generales, comarcales y locales.",28
AND_1990_PP_es.pdf,AND,1990,PP,es,El Partido Popular de Andalucía constata que la red actual andaluza de ferrocarril es insuficiente y antigua.,17
AND_1990_PP_es.pdf,AND,1990,PP,es,"En su mayor parte cuenta con más de un siglo y mantiene los radios trazados originales, con efectos claramente negativos para la actividad económica.",24
AND_1990_PP_es.pdf,AND,1990,PP,es,En tal situación las actuaciones que han de llevarse a cabo tienen asegurada su rentabilidad social y económica.,18
AND_1990_PP_es.pdf,AND,1990,PP,es,Resulta obvio que el ferrocarril será cada vez más competitivo.,10
AND_1990_PP_es.pdf,AND,1990,PP,es,"Los programas actualmente en marcha dejan coexistir escasas líneas con la tecnología más avanzada, mientras la casi totalidad apenas se moderniza.",21
AND_1990_PP_es.pdf,AND,1990,PP,es,El Partido Popular de Andalucía denuncia los grandes desequilibrios acentuados por este planteamiento.,13
AND_1990_PP_es.pdf,AND,1990,PP,es,"Para evitarlos propone la siguiente alternativa: - Realizar, en negociación entre la Junta y la Administración Central, un esquema de red ideal para Andalucía y su programa de ejecución.",29
AND_1990_PP_es.pdf,AND,1990,PP,es,"- Modernizar y equiparar los tramos actuales coincidentes con ella, con especial atención al Valle del Guadalquivir y algunos tramos del enlace transversal como Sevilla-Granada, prolongado hasta Murcia, reabriendo el tramo Guadix-Almendricos en nuestro Programa Nacional.",36
AND_1990_PP_es.pdf,AND,1990,PP,es,"- Introducción y extensión de la vía doble, prácticamente inexistente en Andalucía, sin la que el ferrocarril no puede desarrollar todas sus posibilidades.",23
AND_1990_PP_es.pdf,AND,1990,PP,es,"Tal desdoblamiento podría coincidir con la construcción paralela de líneas de ancho europeo, hasta lograr su definitivo desdoble.",18
AND_1990_PP_es.pdf,AND,1990,PP,es,"- Como ocurre por carretera, la movilidad de personas y mercancías en la costa sólo será adecuada si se cuenta con una línea litoral desde Almería hasta Huelva, como lo demuestra el éxito del tramo Málaga-Fuengirola.",36
AND_1990_PP_es.pdf,AND,1990,PP,es,"El Partido Popular de Andalucía reitera los compromisos incluidos en su Programa Nacional, que aparte de los señalados son: - Eje transversal oeste o (Ruta de la Plata): Sevilla-Cáceres-Salamanca-León-Gijón.",29
AND_1990_PP_es.pdf,AND,1990,PP,es,- Eje de alta velocidad norte-sur: Algeciras-Sevilla-Madrid-Burgos-Irún.,7
AND_1990_PP_es.pdf,AND,1990,PP,es,"- Inmediata prolongación del Tren de Alta Velocidad hasta la Costa del Sol: Córdoba-Málaga, que hoy soporta el mayor tráfico de pasajeros.",22
AND_1990_PP_es.pdf,AND,1990,PP,es,"Igualmente considera prioritarios el enlace Algeciras-San Fernando, básico para el desarrollo de aquel puerto y la conexión de Linares-Baeza con el corredor Mediterráneo, salida natural de Andalucía hacia Europa.",29
AND_1990_PP_es.pdf,AND,1990,PP,es,El Plan aludido incluirá la total electrificación de la red ferroviaria andaluza.,12
AND_1990_PP_es.pdf,AND,1990,PP,es,"El Partido Popular de Andalucía resalta que el apoyo a la actividad económica y la difusión de sus efectos exige, junto a la red de comunicaciones, puntos de intercambio de pasajeros y mercancías entre los diversos sistemas de transporte.",39
AND_1990_PP_es.pdf,AND,1990,PP,es,"porte: centros de distribución de carga, estaciones, puertos, aeropuertos, etc.",10
AND_1990_PP_es.pdf,AND,1990,PP,es,"Andalucía para integrarse en Europa, precisa de un sistema de transportes que aumente sus posibilidades de desarrollo.",17
AND_1990_PP_es.pdf,AND,1990,PP,es,La iniciativa social ha de jugar un papel decisivo en su potenciación.,12
AND_1990_PP_es.pdf,AND,1990,PP,es,Al servicio de estos objetivos se proponen las siguientes medidas: - Establecimiento de un Centro de distribución de mercancías en cada capital de provincia y ciudades de más de cien mil habitantes.,32
AND_1990_PP_es.pdf,AND,1990,PP,es,"- Para la distribución de ámbito regional, con origen o destino en Andalucía, se creará un gran centro de distribución en la zona Bobadilla-Antequera, que englobe a los transportes de carretera y ferrocarril.",33
AND_1990_PP_es.pdf,AND,1990,PP,es,"- Para las relaciones con el resto de España y Europa se potenciará un centro similar en las zonas Bailén-Linares, en apoyo del eje de carreteras y ferrocarril que debe conectarlas con Albacete y Valencia.",35
AND_1990_PP_es.pdf,AND,1990,PP,es,En este Centro se tratarán las mercancías con origen o destino en el exterior de Andalucía.,16
AND_1990_PP_es.pdf,AND,1990,PP,es,"- Como consecuencia de su desarrollo turístico, Andalucía cuenta con aeropuertos que exigen urgentes mejoras en sistemas de seguridad y apoyo a la navegación.",24
AND_1990_PP_es.pdf,AND,1990,PP,es,"Para completar la red, es preciso estudiar el emplazamiento de aeropuertos en el Campo de Gibraltar y en la zona Córdoba-Jaén.",21
AND_1990_PP_es.pdf,AND,1990,PP,es,"- Producida la previsible saturación de los aeropuertos, ahora ampliados.",10
AND_1990_PP_es.pdf,AND,1990,PP,es,de Málaga y Sevilla.,4
AND_1990_PP_es.pdf,AND,1990,PP,es,"sería preciso un gran aeropuerto para vuelos de larga distancia, a construir en los alrededores de Campillos a una distancia aproximada de una hora de Málaga, Sevilla: Cádiz, Córdoba, Granada.",30
AND_1990_PP_es.pdf,AND,1990,PP,es,Ello permitiría el enlace directo con las principales ciudades europeas y el intercontinental con Japón y EE.UU. La situación periférica respecto a la Comunidad Europea exige la inmediata puesta en marcha de los oportunos estudios.,35
AND_1990_PP_es.pdf,AND,1990,PP,es,"- La buena visibilidad de sus cielos, convierte a Andalucía en lugar idóneo para una Escuela Europea de Pilotos Civiles y la formación de los ya titulados.",27
AND_1990_PP_es.pdf,AND,1990,PP,es,- El Puerto de Algeciras se potenciará.,7
AND_1990_PP_es.pdf,AND,1990,PP,es,para aprovechar el máximo de sus excepcionales cualidades de ubicación y calado.,12
AND_1990_PP_es.pdf,AND,1990,PP,es,"Ello justifica la prioridad del enlace por carretera Los Barrios-Jerez y el nuevo ramal ferroviario Algeciras-San Fernando, que lo convertirían en el gran Puerto del Sur de Europa.",28
AND_1990_PP_es.pdf,AND,1990,PP,es,"El resto de los grandes puertos del litoral andaluz han de potenciarse, especializándose de modo complementario.",16
AND_1990_PP_es.pdf,AND,1990,PP,es,"- Se apoyará la creación de empresas que puedan utilizar, con personal y material propio, la infraestructura ferroviaria, agilizando y dinamizando sus posibilidades.",23
AND_1990_PP_es.pdf,AND,1990,PP,es,"- Para la consolidación de las comarcas y la actual distribución de la población, es preciso incluir a sus núcleos principales en un sistema de transportes integrados.",27
AND_1990_PP_es.pdf,AND,1990,PP,es,"El Partido Popular de Andalucía destaca la importancia para Andalucía por su potencial agrícola, del agua, bien cada vez más escaso, cuya gestión se hará progresivamente más compleja.",28
AND_1990_PP_es.pdf,AND,1990,PP,es,"Es preciso mejorar la gestión del agua y garantizar su disponibilidad, avanzando en los controles y en la implantación del riego.",21
AND_1990_PP_es.pdf,AND,1990,PP,es,Los ocho años de gobierno socialista se han caracterizado por una considerable ausencia de política hidráulica: gravísimo atraso en la aplicación de las modernas tecnologías; carencia de un Plan de Recursos Hidrológicos; olvido de la integración de las aguas subterráneas en las actuaciones planteadas; y la inadecuación manifiesta de la nueva Ley de Aguas para solucionar los problemas existentes.,59
AND_1990_PP_es.pdf,AND,1990,PP,es,"Como resultado significativo baste señalar cómo la sequía de , junto con la contaminación de importantes acuíferos, mantienen todavía a importante núcleos andaluces de población a merced de camiones cisternas y sometidos a racionamiento de agua.",36
AND_1990_PP_es.pdf,AND,1990,PP,es,Entre las acciones prioritarias se señalan: - Completar el programa de construcción de embalses y sistemas de canales de distribución.,20
AND_1990_PP_es.pdf,AND,1990,PP,es,"- Realizar el estudio en profundidad de dos graves problemas pendientes: regulación del Sistema Guadíaro, con influencia en Bahía de Cádiz, Campo de Gibraltar y Costa del Sol, así como del Sistema Guadalfeo, con la puesta en riego de cultivos tropicales en Almuñecar-Salobreña y la definición de sus eventuales excedentes.",50
AND_1990_PP_es.pdf,AND,1990,PP,es,"- Se aumentará la repoblación en las zonas deforestadas, como medio más eficaz de aumentar las recargas de los acuíferos, evitar el aterramiento de embalses y proteger la capa vegetal.",30
AND_1990_PP_es.pdf,AND,1990,PP,es,"- Se realizará la adaptación del riego a la demanda donde ello sea posible, como medio del mejor aprovechamiento.",19
AND_1990_PP_es.pdf,AND,1990,PP,es,A la posible transferencia de las Confederaciones Hidrográficas que afectan a nuestra Comunidad son aplicables reflexiones ya expuestas.,18
AND_1990_PP_es.pdf,AND,1990,PP,es,"Sólo una eficaz reforma administrativa, que ayude a la Junta a superar su actual marasmo, haría viable tan lógica solicitud.",20
AND_1990_PP_es.pdf,AND,1990,PP,es,"Sin perjuicio de que se despejen con la mayor rapidez dichas incógnitas, resulta necesario: - Mejorar la investigación científica y tecnológica de los recursos hidráulicos.",25
AND_1990_PP_es.pdf,AND,1990,PP,es,"Se creará el Instituto de Investigación Hidrológica de Andalucía, para desarrollar actual ciones de interés para nuestra Comunidad, en conexión con centros universitarios y CSIC.",25
AND_1990_PP_es.pdf,AND,1990,PP,es,"- Dotar a las Confederaciones Hidrográficas del personal necesario para su función, especialmente en lo relativo a aguas subterráneas y problemas medioambientales.",22
AND_1990_PP_es.pdf,AND,1990,PP,es,- Fomentar de modo efectivo la participación de los ciudadanos en la gestión del agua a través de Comunidades de Usuarios.,21
AND_1990_PP_es.pdf,AND,1990,PP,es,"- Promover e incentivar métodos de ahorro de agua y reutilización de recursos hidráulicos, previa su adecuada depuración.",18
AND_1990_PP_es.pdf,AND,1990,PP,es,"- Intensificar en zonas de escasos recursos hídricos, en fase de desertización, modernas tecnologías desalinizadoras del agua del mar para su aplicación en programas de reforestación.",26
AND_1990_PP_es.pdf,AND,1990,PP,es,"El Partido Popular de Andalucía constata el acentuado desfase entre las exigencias del artículo de la Constitución, que reconoce el derecho de todo ciudadano a disponer de una vivienda digna, y los resultados de la política socialista de los últimos años.",41
AND_1990_PP_es.pdf,AND,1990,PP,es,"Se ha aprovechado una absurda y artificial carencia de suelo urbanizable, disparando la especulación.",14
AND_1990_PP_es.pdf,AND,1990,PP,es,Se ha llevado a cabo una política inadecuada y falta de continuidad.,12
AND_1990_PP_es.pdf,AND,1990,PP,es,Incapaz de estimular la promoción de carácter social así como viviendas en alquiler y rehabilitación de casas antiguas.,18
AND_1990_PP_es.pdf,AND,1990,PP,es,Las trabas burocráticas en la tramitación de las Viviendas de Protección Oficial han llevado a la práctica de saparición de tal modalidad.,22
AND_1990_PP_es.pdf,AND,1990,PP,es,"El Partido Popular de Andalucía, para corregir esta situación propone las siguientes medidas urbanísticas: - Coordinar las medidas que afecten al uso del suelo en su triple vertiente agrícola, urbana e industrial.",32
AND_1990_PP_es.pdf,AND,1990,PP,es,"- Potenciar figuras de planeamiento con directrices generales de ordenación comarcal, sin perjuicio de la autonomía municipal.",17
AND_1990_PP_es.pdf,AND,1990,PP,es,- Facilitar suelo urbanizable en cuantía adecuada a la evolución de la demanda con arreglo a criterios objetivos establecidos con la participación de los agentes sociales.,26
AND_1990_PP_es.pdf,AND,1990,PP,es,"- Incrementar la dotación de infraestructuras urbanísticas que oriente y garantice áreas habitables, recuperando en lo posible la inversión mediante las plusvalías generadas.",23
AND_1990_PP_es.pdf,AND,1990,PP,es,- Creación de equipos zonales de apoyo urbanístico a los pequeños municipios con sede en la cabecera de comarca.,19
AND_1990_PP_es.pdf,AND,1990,PP,es,- Fomentar la reacción de patrimonios municipales de suelo para regular la oferta y propiciar promociones públicas de protección oficial o en alquiler.,23
AND_1990_PP_es.pdf,AND,1990,PP,es,"- Revitalizar los cascos urbanos, fomentando su rehabilitación mediante estímulos fiscales.",11
AND_1990_PP_es.pdf,AND,1990,PP,es,"- Agilización y transparencia del proceso administrativo para la construcción, calificación y cobro de subvenciones para viviendas de protección oficial.",20
AND_1990_PP_es.pdf,AND,1990,PP,es,"- La Junta de Andalucía, de acuerdo con los agentes oficiales implicados (Colegios Profesionales, Asociaciones empresariales, Sindicatos, Escuelas Técnicas de Formación profesional), promoverá una decidida política de cualificación del personal del sector, para lograr mayor productividad y calidad, estabilización de costos y menor índice de siniestralidad.",46
AND_1990_PP_es.pdf,AND,1990,PP,es,"El Partido Popular de Andalucía considera como infraestructura de la mayor importancia en el futuro la relativa a la transmisión de la información, lo que obliga a no retrasar el diseño de su implantación.",34
AND_1990_PP_es.pdf,AND,1990,PP,es,"La vertebración económica de nuestra Comunidad exige unas redes que permitan la transmisión fiable de información, la difusión de nuevos conocimientos y la relación permanente con centros básicos de decisión.",30
AND_1990_PP_es.pdf,AND,1990,PP,es,"A tal fin se proponen las siguientes medidas: Implicar la digitalización de la red actual, así como su integración a través de un telepuerto, en los circuitos mundiales de comunicaciones.",30
AND_1990_PP_es.pdf,AND,1990,PP,es,"- Distribuir y diseñar las redes futuras de comunicación de modo coherente con la política de ordenación del territorio y consolidación de comarcas, adaptando a ellas la red ya existente.",30
AND_1990_PP_es.pdf,AND,1990,PP,es,"- Fomentar la presencia de empresas privadas en la implantación y gestión de estos servicios, superando la situación de bloqueo provocada por la incapacidad de Telefónica para sumir tales compromisos.",30
AND_1990_PP_es.pdf,AND,1990,PP,es,"El Partido Popular de Andalucía considera que la política comunitaria no puede enfocarse como un aspecto colateral, por importante que se le considere, sino como una dimensión central y primaria para la política andaluza.",34
AND_1990_PP_es.pdf,AND,1990,PP,es,"No tiene sentido plantear nuestras relaciones con Europa, olvidando así que Andalucía como toda España está ya, a todos los efectos, en esa Europa de la que siempre ha formado parte.",31
AND_1990_PP_es.pdf,AND,1990,PP,es,"Resulta disparatado, aunque sea por desgracia frecuente, plantear una política nacional o autonómica sin tener en cuenta los objetivos, principios y medios de las políticas sectoriales comunitarias.",27
AND_1990_PP_es.pdf,AND,1990,PP,es,"Nuestro Estatuto de Autonomía nos reconoce competencias plenas en agricultura, pesca, consumo o medio ambiente, pero en todos esos campos abundan normas comunitarias de obligado cumplimiento, numerosas y detalladas.",29
AND_1990_PP_es.pdf,AND,1990,PP,es,"En los últimos años la Junta de Andalucía las ha ignorado con frecuencia, planteando medidas faltas de concordancia, provocando distorsiones negativas, a las que ya nos hemos referido.",28
AND_1990_PP_es.pdf,AND,1990,PP,es,"Uno de los objetivos de mayor alcance del Tratado de Roma, de especial relevancia para Andalucía, se ha llevado a cabo de manera particularmente restringida: la reducción de los desequilibrios regionales en Europa.",33
AND_1990_PP_es.pdf,AND,1990,PP,es,"La resistencia de los Estados a ceder competencias, tanto respecto a la Comunidad Europea como en relación a sus propias Comunidades Autónomas, así como la sucesiva ampliación de Estados miembros, ha acabado marcando diferencias aún más acusadas.",37
AND_1990_PP_es.pdf,AND,1990,PP,es,"Tras una disminución de diferencias en una primera etapa, hoy más del de la población comunitaria, entre la que hay que incluir a la andaluza, sufre un notable retraso en su desarrollo.",32
AND_1990_PP_es.pdf,AND,1990,PP,es,"Los Fondos Estructurales han resultado insuficientes, al representar sólo el . del PIB comunitario.",14
AND_1990_PP_es.pdf,AND,1990,PP,es,"Su reciente duplicación, acompañada de una sustancial reforma de sus procedimientos, obliga a Andalucía a contar con un Gobierno capaz de aprovechar al máximo esta nueva coyuntura, mediante una trayectoria radicalmente distinta a la seguida hasta el momento.",38
AND_1990_PP_es.pdf,AND,1990,PP,es,"Los nuevos Programas de Desarrollo Regional exigen una concentración de objetivos e intervenciones, una coordinación de instrumentos de financiación y una amplia participación de todos los afectados, que lleve a aprovechar al máximo las posibilidades de desarrollo endógeno.",38
AND_1990_PP_es.pdf,AND,1990,PP,es,"El Partido Popular de Andalucía denuncia que, con la complicidad de la política sucursalista de la Junta, los Fondos comunitarios, entendidos simplístamente como un mero reembolso a nuestra aportación como Estado miembro, se han distribuido entre las Comunidades Autónomas al margen de los imperativos de solidaridad que los justifican.",49
AND_1990_PP_es.pdf,AND,1990,PP,es,"Especialmente negativa ha sido su deficiente articulación con el Fondo de Compensación Interterritorial previsto con igual fin por nuestra Constitución, cuyo deficiente diseño ha acabado neutralizando los efectos redistributivos de las ayudas europeas.",33
AND_1990_PP_es.pdf,AND,1990,PP,es,La falta de rigor y el clientelismo han llevado a una desorganizada dispersión de muchos de estos recursos.,18
AND_1990_PP_es.pdf,AND,1990,PP,es,"El afán de sustituir con ellos inversiones estatales ha llevado, por último, a dedicarlos de modo exclusivo a financiar infraestructuras, descuidando inversiones productivas, especialmente necesarias en Andalucía.",27
AND_1990_PP_es.pdf,AND,1990,PP,es,"Reclamamos, igualmente, una mayor participación de nuestras instancias autonómicas, lo que exige unos niveles de información muy superiores a los conseguidos hasta ahora.",23
AND_1990_PP_es.pdf,AND,1990,PP,es,"Sin caer en los cómicos extremismos de quienes parecen empeñados en instalar embajadas propias ante la Comunidad, resulta inaplazable disponer de una Oficina Permanente en Bruselas y exigir a la Administración central española el máximo volumen y celeridad en la información, de acuerdo con el propio espíritu comunitario.",48
AND_1990_PP_es.pdf,AND,1990,PP,es,"Esta actitud reivindicativa tropezaría hoy con la nula legitimación que para asumirla, puede esgrimir nuestro Gobierno autonómico, tras mostrarse incapaz de gestionar los exiguos niveles de inversión que, a través de los mecanismos españoles y comunitarios de solidaridad, han correspondido a Andalucía.",42
AND_1990_PP_es.pdf,AND,1990,PP,es,"Una vez más, un cambio efectivo de modos de gobierno y la reforma administrativa capaz de instrumentarlo se convierten en indeclinables condiciones previas de una mejora de nuestra situación.",29
AND_1990_PP_es.pdf,AND,1990,PP,es,"El partido Popular de Andalucía considera que, tras la reforma de los Fondos Estructurales, se inicia una decisiva etapa que el nuevo Gobierno andaluz ha de estar en condiciones de aprovechar al máximo.",33
AND_1990_PP_es.pdf,AND,1990,PP,es,"La inclusión de Andalucía entre las áreas menos desarrolladas, contempladas en el objetivo n. del nuevo Reglamento comunitario, ofrece una gran oportunidad de contar con la cobertura de los marcos comunitarios de apoyo.",33
AND_1990_PP_es.pdf,AND,1990,PP,es,La duplicación de los fondos durante el período - va a coincidir casi plenamente con la nueva legislatura andaluza.,19
AND_1990_PP_es.pdf,AND,1990,PP,es,Es preciso aprovechar al máximo las posibilidades que las orientaciones básicas del Consejo consultivo de las comunidades regionales y locales han dejado abiertas.,23
AND_1990_PP_es.pdf,AND,1990,PP,es,"Especial interés revisten las relativas a los problemas planteados en las fronteras exteriores de la Comunidad, en las que Andalucía puede jugar como puerta de entrada del continente africano un papel particularmente relevante.",33
AND_1990_PP_es.pdf,AND,1990,PP,es,"Similares posibilidades se ofrecen a Andalucía dentro de las zonas rurales elegibles para la aplicación del objetivo n. -b del nuevo Reglamento, dedicado al desarrollo rural.",26
AND_1990_PP_es.pdf,AND,1990,PP,es,"El Partido Popular de Andalucía reclama la efectiva puesta en práctica del diálogo permanente con las instituciones nacionales, autonómicas y locales que el propio Reglamento europeo contempla.",27
AND_1990_PP_es.pdf,AND,1990,PP,es,La actitud ineficaz y sumisa de los gobernantes socialistas en nuestra Comunidad ha llevado a una doble restricción de este decisivo aspecto.,22
AND_1990_PP_es.pdf,AND,1990,PP,es,"No sólo han asumido su habitual actitud sucursalista, sino que han marginado la prevista participación de Diputaciones y municipios en la elaboración del Plan de Desarrollo Regional propuesto a la Comunidad Europea.",32
AND_1990_PP_es.pdf,AND,1990,PP,es,"A la vez, ha ignorado a los principiantes actores sociales, así como a los sindicatos y organizaciones empresariales, violando gravemente el espíritu de la reforma de la política regional europea.",30
AND_1990_PP_es.pdf,AND,1990,PP,es,El aprovechamiento efectivo de los Marcos Comunitarios de Apoyo debe convertirse en un factor prioritario como estímulo del despegue de Andalucía.,21
AND_1990_PP_es.pdf,AND,1990,PP,es,"Ello será imposible si no cuenta con un nuevo Gobierno con mentalidad europea, más pendiente de los intereses andaluces que de los coyunturales dictados de la Moncloa.",27
AND_1990_PP_es.pdf,AND,1990,PP,es,Sólo así Andalucía recibirá una justa participación en los .,10
AND_1990_PP_es.pdf,AND,1990,PP,es,"millones de ecus asignados a España hasta para infraestructuras de comunicación de zonas aisladas, ayudas a la industria y a servicios, turismo, desarrollo de la agricultura del medio rural, infraestructura de apoyo a la actividad empresarial o revalorización de recursos humanos, objetivos todos ellos que encuentran en Andalucía un campo de aprovechamiento particularmente adecuado.",54
AND_1990_PP_es.pdf,AND,1990,PP,es,"La política europea que el Partido Popular de Andalucía propone, para que se convierta para nuestra Comunidad en motivo de esperanza y no en fecha amenazadora, un replanteamiento de la participación que en ella corresponde a las instancias nacionales, autonómicas y locales, así como el logro de un efectivo compromiso de la iniciativa social en estos objetivos, desterrando los afanes de monopolio miniestatalista y la torpeza burocrática que han presidido los últimos años de gobierno socialista andaluz.",77
AND_1990_PP_es.pdf,AND,1990,PP,es,"Declassification Authority RF Andalucía por sí, constituye ya un decidido propósito de autonomía.",13
AND_1990_PP_es.pdf,AND,1990,PP,es,"Pero ésta puede entenderse como un fin en sí misma, destinado a marcar una diferencia, más o menos excluyente, con el contorno.",22
AND_1990_PP_es.pdf,AND,1990,PP,es,"Esta querencia particularista es la que caracteriza en buena medida fenómenos nacionalistas, especialmente cuando se plantean al servicio de propuestas secesionistas destinadas a romper unidades superiores históricamente consolidadas.",28
AND_1990_PP_es.pdf,AND,1990,PP,es,"Fiel, por el contrario, al universalismo que caracteriza toda la rica historia de Andalucía siempre asimiladoramente abierta, nunca excluyente lo mejor del andalucismo no entiende la autonomía como fin sino como medio para fines capaces de llenar de sentido la propia identidad.",42
AND_1990_PP_es.pdf,AND,1990,PP,es,"Andalucía por sí, pues, lo que exige un libre y responsable ejercicio de su autonomía, pero para España y la Humanidad, excluyendo de raíz todo particularismo cerrado.",27
AND_1990_PP_es.pdf,AND,1990,PP,es,"Fiel a esta tradición, que no tiene más dueño que el pueblo andaluz y quien esté dispuesto a ponerse a su servicio, el Partido Popular de Andalucía sume la tradición andalucista, renovada en el marco de nuestro constitucional Estado de las Autonomías en un ya legendario de febrero.",48
AND_1990_PP_es.pdf,AND,1990,PP,es,"Rechaza con esta voluntad autonomista tanto un planteamiento meramente regionalista, que no desborde el marco de una simple descentralización administrativa, como un intento nacionalista, que profundiza en la dimensión política de la autonomía popular, pero con las connotaciones particularistas, e incluso secesionistas, ya rechazadas.",44
AND_1990_PP_es.pdf,AND,1990,PP,es,"El autonomismo asume una dimensión netamente política, fiel al designio democrático de vinculación del poder a su raíz popular y de máxima difusión de su ejercicio.",26
AND_1990_PP_es.pdf,AND,1990,PP,es,"Este objetivo se presenta históricamente con signos propios, diversos pero a la vez confluyentes, en los movimientos confederales, forjadores de una superior unidad nacional, y en los autonomistas, que vitalizan democráticamente los Estados-Nación secularmente consolidados.",35
AND_1990_PP_es.pdf,AND,1990,PP,es,"Nuestra voluntad de autogobierno se enmarca, por tanto, en el más leal y firme respeto de la unidad nacional.",19
AND_1990_PP_es.pdf,AND,1990,PP,es,"Se trata, por otra parte, de una actitud connatural para los andaluces, entre los que sólo con marginalismos de sospechosa artificialidad aflora la petición de independencia, sin mayor fundamento conocido que el muro que soporta una ocasional pintada.",38
AND_1990_PP_es.pdf,AND,1990,PP,es,"El autonomismo andaluz, sin embargo, cobra carta de naturaleza en nuestro constitucional Estado de las Autonomías con una particular profundidad.",20
AND_1990_PP_es.pdf,AND,1990,PP,es,"No se asume la autonomía como una pieza más de un nuevo orden político, rebosante de las esperanzas de la transición a la democracia.",24
AND_1990_PP_es.pdf,AND,1990,PP,es,"Dentro de los cauces previstos en la Constitución, el pueblo andaluz es el único en optar por la vía procedimentalmente ardua que da acceso al más inmediato y pleno ejercicio de la autonomía; amparándose no en las razones históricas intencionadamente recogidas en el propio texto constitucional, sino en un clamor colectivo que entre nosotros hace historia.",56
AND_1990_PP_es.pdf,AND,1990,PP,es,El Partido Popular de Andalucía considera que esa voluntad autonomista no se ha visto plenamente satisfecha y se compromete firmemente a luchar contra el doble obstáculo que a ello se opone.,31
AND_1990_PP_es.pdf,AND,1990,PP,es,"Por una parte, la falta de profundidad y consolidación de nuestro Estado de las Autonomías, en la que confluyen tanto la resistencia de la Administración central a un obligado repliegue, evitando mantener enclaves periféricos funcionalmente reduplicativos y políticamente distorsionadores, como el sucusalismo que ha caracterizado hasta el momento la experiencia autonómica andaluza, al encontrarse tanto el Gobierno central como el andaluz en manos de un Partido caracterizado por un férreo verticalismo.",71
AND_1990_PP_es.pdf,AND,1990,PP,es,"El Partido Popular, que en su X Congreso Nacional, celebrado precisamente en Andalucía, ha asumido el autonomismo como una de sus fundamentales señas de identidad política, luchará por consumar las exigencias de nuestro Estado de las Autonomías, combatiendo todo centralismo residual, y espera que sus militantes andaluces ejerzan su propia autonomía, evitando todo sucusalismo que traicionaría las propias bases de su programa político.",63
AND_1990_PP_es.pdf,AND,1990,PP,es,"Entendemos, por tanto, la Autonomía como reconocimiento de la difusión del poder en su propia raíz popular, a cuyo servicio cobra sentido la obligada descentralización de las decisiones políticas y el escalonamiento del oportuno aparato administrativo.",36
AND_1990_PP_es.pdf,AND,1990,PP,es,"Sin perjuicio de las funciones de coordinación y orientación al interés común, propias de las instancias centrales, han de ser las entidades autonómicas básicas las que asuman el protagonismo de la gestión, dentro de la renovación modernizadora y democrática que el Estado de las Autonomías lleva consigo.",47
AND_1990_PP_es.pdf,AND,1990,PP,es,"Esta realidad, fácilmente indentificable en nuestro orden constitucional, cobra hoy particular elocuencia en un contexto internacional marcado por una creciente interdependencia, que lleva a revisar un viejo dilema.",28
AND_1990_PP_es.pdf,AND,1990,PP,es,"Queda desbordada la forzada opción entre rígidos Estados-Nación fuertemente burocratizados e incapaces de resolver por sí solos problemas que rebasan sus fronteras, y nacionalismos decimonónicos que sólo aspiran a reproducir ese desfasado modelo en ámbitos, por reducidos, aún más vulnerables.",40
AND_1990_PP_es.pdf,AND,1990,PP,es,"El Partido Popular, inserto en las líneas ideológicas y la estructura organizativa de los que configuran el Grupo Popular en el Parlamento Europeo, se asienta con peculiar naturalidad en la inminente Europa del futuro.",34
AND_1990_PP_es.pdf,AND,1990,PP,es,"En ella las naciones se reconocen demasiado pequeñas para resolver sus propios problemas y a la vez demasiado grandes para regir, sin rigideces burocráticas alejadas del ciudadano, el tejido concreto de una vida cotidiana libre y ágil en la respuesta a problemas coyunturales.",43
AND_1990_PP_es.pdf,AND,1990,PP,es,"El Partido Popular de Andalucía asume lo mejor de su andalucismo universalista, para potenciar esta búsqueda simultánea: una autonomía que dé profundidad a nuestro naciente Estado en las Autonomías y una interdependencia que nos acerque a una Europa políticamente unida.",40
AND_1990_PP_es.pdf,AND,1990,PP,es,"Inserto en ese doble punto de referencia, encontrará especiales posibilidades de desarrollo el universalismo andaluz, que se ha traducido históricamente en una creativa capacidad de síntesis de las más diversas influencias culturales, hasta hacerlas propias.",35
AND_1990_PP_es.pdf,AND,1990,PP,es,"Como consecuencia, da paso igualmente a una peculiar capacidad difusiva; si la presencia de España en América, que pronto conmemoraremos, se convierte en tantos aspectos en una presencia de Andalucía, también hoy personas de las más diversas civilizaciones sintonizan con nuestra cultura, convirtiéndola en signo característico de lo español.",49
AND_1990_PP_es.pdf,AND,1990,PP,es,"El Partido Popular de Andalucía rechaza, por tanto, todo intento de andalucismo particularista.",13
AND_1990_PP_es.pdf,AND,1990,PP,es,"Rechaza, en concreto, el curioso empeño por reescribir nuestra historia con claves unilaterales o clasistas, que, de no ser cómicas, resultarían orwellianas.",22
AND_1990_PP_es.pdf,AND,1990,PP,es,"Todo intento de encerrar nuestra cultura empobrecedoramente en uno solo de sus focos, encontrará nuestro rechazo.",16
AND_1990_PP_es.pdf,AND,1990,PP,es,"Suficiente esfuerzo exige a cualquier andaluz luchar contra la imagen de pandereta, que tanto ha contribuido a malentender nuestra idiosincrasia y a camuflar nuestros problemas, para inventarnos ahora una imagen de babucha o cualquier otra variante limitativa, que haga de nuestra historia una caricatura.",44
AND_1990_PP_es.pdf,AND,1990,PP,es,El universalismo ha ayudado siempre a las mujeres y hombres de nuestra tierra a entender que ser andaluces es para ellos el mejor modo de ser españoles.,27
AND_1990_PP_es.pdf,AND,1990,PP,es,Nunca su autoidentificación se ha visto acompañada de ningún trauma excluyente ni se ha alimentado de ningún síndrome persecutorio.,19
AND_1990_PP_es.pdf,AND,1990,PP,es,Encontrar dificultad entre ser andaluz y español le resultaría tan absurdo como encontrarla entre ser español y europeo.,18
AND_1990_PP_es.pdf,AND,1990,PP,es,El principio de lealtad a la unión nacional ha sido siempre exigencia fundamental de todo sistema autonómico o incluso federal.,20
AND_1990_PP_es.pdf,AND,1990,PP,es,El andaluz lo ejerce con la espontánea naturalidad que fluye de su modo de ser y de su propia historia.,20
AND_1990_PP_es.pdf,AND,1990,PP,es,"Ello le confiere particular legitimidad para apelar a un segundo principio, inseparable y complementario del anterior: el de la necesaria solidaridad entre todos los pueblos de España.",27
AND_1990_PP_es.pdf,AND,1990,PP,es,El contenido inequívocamente reivindicativo que el andalucismo ha de revestir en nuestros días es obligada consecuencia de la asimilación de los dos principios básicos del autonomismo.,26
AND_1990_PP_es.pdf,AND,1990,PP,es,"Porque no se cuestiona la unidad, se apela a una solidaridad que con frecuencia brilla elocuentemente por su ausencia.",19
AND_1990_PP_es.pdf,AND,1990,PP,es,"Reducir a reivindicación nuestro afán autonomía lo convertiría en estrategia oportunista, destinada a consumirse por su propio éxito, por el cansancio ante su aparente inutilidad.",25
AND_1990_PP_es.pdf,AND,1990,PP,es,Esto puede explicar en buena parte la aparente crisis de los fervores andalucistas desde el legendario de febrero hasta nuestros días.,21
AND_1990_PP_es.pdf,AND,1990,PP,es,"Se quiso convertir oportunistamente a la autonomía en la panacea de todos nuestros males, silenciando las dosis de esfuerzo superador que habría de llevar consigo.",25
AND_1990_PP_es.pdf,AND,1990,PP,es,"Se pretendió explotar estallidos reivindicativos, denunciando con toda justicia discriminaciones hirientes, pero no se acompañó a ese estallido de un discurso positivo capaz de comprometer en una tarea duradera.",29
AND_1990_PP_es.pdf,AND,1990,PP,es,"Ese autonomismo oportunista, cerrado en la explotación de un corto plazo electoral, estaba condenado a dejar restos marchitos de desencanto.",20
AND_1990_PP_es.pdf,AND,1990,PP,es,"Cuando la reivindicación no se ve acompañada de una capacidad de ejercicio eficaz y responsable de la misión que se reclama como propia, la autonomía acaba resultando bloqueada con la primera transferencia.",32
AND_1990_PP_es.pdf,AND,1990,PP,es,El autonomismo oportunista llevó a limitarse al empeño por lograr más transferencias que nadie y en el menor tiempo posible.,20
AND_1990_PP_es.pdf,AND,1990,PP,es,"El entusiasmo ante el cúmulo de cargas asumidas en breve plazo contrastaba con la torpe negociación de sus costos económicos, a la hora de valorar los servicios transferidos.",28
AND_1990_PP_es.pdf,AND,1990,PP,es,"El curioso autonomismo mendicante, encerrado en un monótono discurso de reivindicación sin compromiso gestor, acabó bien pronto acallado ante la incapacidad de hacer frente a las nuevas tareas.",28
AND_1990_PP_es.pdf,AND,1990,PP,es,Difícilmente puede seguir reivindicando quien se muestra incapaz de gestionar el fruto de anteriores solicitudes.,15
AND_1990_PP_es.pdf,AND,1990,PP,es,"Esta situación, fruto de ocho años de gobierno socialista en Andalucía, ha tenido graves consecuencias a la hora de instrumentar el mecanismo básico previsto por nuestra Constitución para hacer posibles los resultados solidarios a que apunta la autonomía.",38
AND_1990_PP_es.pdf,AND,1990,PP,es,"El Fondo de Compensación Interterritorial se ha apoyado en unos criterios, consensuados con los gobernantes socialistas de Andalucía, que han acabado beneficiando progresivamente en mayor medida a las Comunidades Autónomas más desarrolladas, mientras Andalucía se ha ido viendo paulatinamente postergada.",40
AND_1990_PP_es.pdf,AND,1990,PP,es,"Cuando, constatada esa realidad y planteada ya la reforma de tales criterios, se hace necesario proceder a reducciones presupuestarias para atender a las medidas sociales fruto de la huelga general, los gobernantes socialistas de Andalucía admiten una mera reducción lineal que convierte a nuestra Comunidad en la principal pagadora, limitándose así en nombre de lo social los recursos destinados a mitigar nuestra actual discriminación.",64
AND_1990_PP_es.pdf,AND,1990,PP,es,"Por si fuera poco, pese a que la Constitución prevé que el citado Fondo de Compensación se articule mediante ley, con la obligada participación de todos los Grupos parlamentarios, la reforma en marcha se ha consensuado fuera del Parlamento, viendo Andalucía sus intereses defendidos en exclusiva por sus actuales gobernantes, con las previsibles consecuencias.",54
AND_1990_PP_es.pdf,AND,1990,PP,es,"Aunque los criterios se han modificado, se han visto acompañados de cláusulas que mantendrán prácticamente inalterada la actual situación.",19
AND_1990_PP_es.pdf,AND,1990,PP,es,Autonomía no equivale a reivindicación.,5
AND_1990_PP_es.pdf,AND,1990,PP,es,"Esta será su obligada consecuencia cuando, como sigue ocurriendo en Andalucía, viejas discriminaciones exigen ser subsanadas.",16
AND_1990_PP_es.pdf,AND,1990,PP,es,"Pero autonomía es, también y antes, emancipación y mayoría de edad; capacidad, por tanto, de asumir responsabilidades y de demostrar que se pueden hacer las cosas mejor, con menor burocracia y con más reducidos costes.",35
AND_1990_PP_es.pdf,AND,1990,PP,es,Enunciar todo ello en nuestra actual situación andaluza invita a una dolorida sonrisa.,13
AND_1990_PP_es.pdf,AND,1990,PP,es,"A lo largo de estos años, falto de toda credibilidad el discurso reivindicativo, acallado por otra parte desde el verticalismo del Partido gobernante, el nivel de los servicios públicos ha descendido por debajo incluso y ya es mérito.",38
AND_1990_PP_es.pdf,AND,1990,PP,es,de la tendencia nacional.,4
AND_1990_PP_es.pdf,AND,1990,PP,es,"La actitud centralista, acostumbrada a considerar como lo más normal del mundo que los españoles del sur no gocen de las infraestructuras y calidad de servicios habituales en otras zonas del país, se ha unido ahora el efecto multiplicador de una Administración maniatada por criterios políticos y del encumbramiento apresurado de una nueva generación de ejecutivos tan dados a la adhesión inquebrantable como ayunos de experiencia y preparación.",68
AND_1990_PP_es.pdf,AND,1990,PP,es,"Como consecuencia, la sanidad andaluza comparte los déficit nacionales, pero los multiplica, tras haber llevado a la práctica un modelo a la cubana, con menos prudencia y sentido de la responsabilidad que en cualquier otra Comunidad española.",37
AND_1990_PP_es.pdf,AND,1990,PP,es,"Los andaluces lo han sufrido en propia carne y han demostrado con elocuencia su protesta: las carreteras cortadas protestando por el caprichoso alejamiento de los médicos rurales de su entorno cercano se ha convertido en fenómeno corriente, así como la resistencia a acudir a recibir asistencia a ciudades distintas de las que tradicionalmente ofrecieron a los ciudadanos del mundo rural una atención merecedora de su confianza.",66
AND_1990_PP_es.pdf,AND,1990,PP,es,"Similar oposición han encontrado fórmulas magistrales que, fuera de la teoría, tropiezan con dificultades de comunicación (terrestre o telefónica) inconcebibles para el riguroso autor del modelo.",26
AND_1990_PP_es.pdf,AND,1990,PP,es,"Autonomía significa mayor cercanía al problema concreto, con la consiguiente ventaja de un mejor conocimiento de sus perfiles y un cálculo más acertado de las consecuencias previsibles.",27
AND_1990_PP_es.pdf,AND,1990,PP,es,Pero todo ello exige la madurez propia de la mayoría de edad efectivamente ejercida.,14
AND_1990_PP_es.pdf,AND,1990,PP,es,"De poco ha venido sirviendo al campo andaluz su Autonomía, cuando ha acabado consistiendo en una muralla burocrática que refuerza la de la Administración central, consiguiendo que las ayudas comunitarias resulten durante años prácticamente inéditas para sus posibles beneficiarios.",39
AND_1990_PP_es.pdf,AND,1990,PP,es,"De poco sirve el conocimiento cercano de los problemas, cuando resulta sacrificado a los dogmatismos de una presunta reforma agraria, que disfraza con rótulos míticos una política regresiva, absolutamente contradictoria con los principios de esa Política Agrícola Común que hoy nadie discute.",42
AND_1990_PP_es.pdf,AND,1990,PP,es,"Afortunadamente la ineficacia de la presunta reforma, si no se vio atemperada por el deseable sentido crítico, sí acabó redimensionada por la propia torpeza de su ejecución técnica, que dio ocasión a los tribunales a limitar sus consecuencias.",38
AND_1990_PP_es.pdf,AND,1990,PP,es,"Si toda autonomía, personal o colectiva, implica la capacidad de asumir las propias determinaciones, es fácil entender que exige siempre la existencia de un sujeto capaz de afrontar adecuadamente su ejercicio.",31
AND_1990_PP_es.pdf,AND,1990,PP,es,No resulta exagerado apuntar que el problema radical del esfuerzo de autoidentificación que la Autonomía lleva consigo consiste hoy en Andalucía en precisar la propia identidad de ese sujeto.,29
AND_1990_PP_es.pdf,AND,1990,PP,es,"Personas, cuya lucha por la autonomía andaluza en momentos y circunstancias adversas les deja a salvo de toda sospecha, llegan a preguntarse doloridamente si sigue existiendo ese pueblo andaluz al que, al servicio de intereses políticos coyunturales, tanto se aduló.",40
AND_1990_PP_es.pdf,AND,1990,PP,es,"Parece que luego ha interesado más adormecerlo, para que llegue a olvidar sus graves problemas, ocultos bajo la cosmética de ayudas mínimas, otorgadas con aires de dadivosa generosidad y de benéfica comprensión ante irregularidades que el propio sistema hace imprescindibles.",40
AND_1990_PP_es.pdf,AND,1990,PP,es,"El Partido Popular de Andalucía, sin pretensión alguna de monopolio representativo y consciente de que el pueblo andaluz no necesita salvador alguno que sustituya su propio esfuerzo, se compromete a colaborar en el imprescindible proceso de recuperación de iniciativa que convierta a la Autonomía en el instrumento eficaz con que Andalucía hace años soñó por un día.",57
AND_1990_PP_es.pdf,AND,1990,PP,es,Para ello combatirá toda demagogia y pondrá lo mejor de sus posibilidades al servicio de una tarea que aglutine el afán de todos los andaluces que estén dispuestos a trabajar para Andalucía desde Andalucía.,34
AND_1990_PP_es.pdf,AND,1990,PP,es,"El trabajador andaluz, que ha contribuido en el duro marco de la emigración a generar riqueza en otras Comunidades españolas e incluso extranjeras, tiene derecho a encontrar oportunidad de hacerlo en su tierra.",33
AND_1990_PP_es.pdf,AND,1990,PP,es,"El funcionario andaluz, que ha constituido tradicionalmente el núcleo más significativo de los mejores cuadros de la Administración española, tiene derecho a poder poner su mérito y capacidad al servicio de su Autonomía, en vez de contemplar desde un pasillo las habilidades de contratados por motivos políticos.",47
AND_1990_PP_es.pdf,AND,1990,PP,es,Tenemos recursos personales y humanos suficientes para no vernos artificialmente condenados al despropósito de sufrir una Autonomía sin sujeto conocido.,20
AND_1990_PP_es.pdf,AND,1990,PP,es,"Inevitablemente, la Autonomía acabará siendo para quien la trabaje.",9
AND_1990_PP_es.pdf,AND,1990,PP,es,"El histórico acceso de los andaluces a su Autonomía ha sido el principal argumento, en nuestra ejecutoria constitucional, contra los intentos de convertir al Estado de las Autonomías en el instrumento de consolidación de una España insolidaria y desigual.",39
AND_1990_PP_es.pdf,AND,1990,PP,es,Los andaluces reclamaron un ámbito de acción autonómico comparable al de las llamadas Comunidades históricas.,15
AND_1990_PP_es.pdf,AND,1990,PP,es,Quedó así confirmado nuestro marco constitucional como la oferta a todos los pueblos españoles de idénticas posibilidades para desplegar sus potencialidades y para encontrar cauce a su peculiar creatividad.,29
AND_1990_PP_es.pdf,AND,1990,PP,es,"Pero esta igualdad formal originaria no puede malentenderse como el derecho a disfrutar de similares resultados, sea cual sea el ejercicio que se haya realizado de tales posibilidades.",28
AND_1990_PP_es.pdf,AND,1990,PP,es,"Tan absurdo como intentar convertir el Estado de las Autonomías en tapadera de privilegios que confieran derechos que otros no podrían ejercer, sería entenderlo como un mecanismo de garantía que dé derecho a disfrutar sin esfuerzo de lo que otros lograron con el suyo.",44
AND_1990_PP_es.pdf,AND,1990,PP,es,Sólo trabajando nuestra Autonomía podremos convertirla en instrumento capaz de superar nuestra situación.,13
AND_1990_PP_es.pdf,AND,1990,PP,es,"Aquí es donde se hace inaplazable una recuperación de la iniciativa autonómica; menos pasional quizá, pero más sólida y duradera.",20
AND_1990_PP_es.pdf,AND,1990,PP,es,El aparente desencanto del andaluz hacia su Autonomía no es sino la sabia constatación de que no se puede esperar mucho de quien aspira a vivir de ella con el cómodo procedimiento de ponerse la peineta y pedir la luna.,40
AND_1990_PP_es.pdf,AND,1990,PP,es,"Esta crítica de nuestra realidad autonómica, que por estar escrita por andaluces es realmente autocrítica, tiene sin embargo como obligado destinatario principal aquellos que, gobernando durante años Andalucía han perdido a golpe de ineficia toda legitimidad para la reivindicación.",39
AND_1990_PP_es.pdf,AND,1990,PP,es,"Difícilmente pueden exigir la participación en Fondos de inversión, europeos y españoles, que en justicia nos corresponde, quienes han contribuido a difundir internacionalmente una nueva Andalucía de pandereta, formada por gobernantes que se exhiben como los reyes del consumo, absolutamente incapaces de invertir productivamente ni siquiera las insuficientes cantidades que acabaron tocándonos en el reparto.",55
AND_1990_PP_es.pdf,AND,1990,PP,es,"Esta reflexión ha de matizar todo intento de emparejamiento simplista de Autonomía y transferencias, como si aumentar éstas llevara sin más a profundizar en aquella.",25
AND_1990_PP_es.pdf,AND,1990,PP,es,"Es preciso valorar con más realismo las asumidas, conseguir que se doten adecuadamente los servicios gestionados, realizar una reforma administrativa que ayude a aprovechar el valioso potencial que ofrecen los andaluces prestigiados en nuestra Función Pública y que contribuya a formar una nueva generación capaz de superarlos, en vez de abocarla a la vía muerta de las interinidades, los contratos graciables y el desánimo por todo lo que suponga mérito o demostración de capacidad.",74
AND_1990_PP_es.pdf,AND,1990,PP,es,Ejercer el propio autogobierno supone asumir la capacidad de respuesta que todo ejercicio del poder lleva consigo.,17
AND_1990_PP_es.pdf,AND,1990,PP,es,"La independencia respecto a otras esferas de poder, característica de toda autonomía, no puede convertirse en patente de corso que autorice a independizarse del ciudadano, al que todo poder debe servir.",31
AND_1990_PP_es.pdf,AND,1990,PP,es,"Que esta tentación no es infrecuente lo sabe bien el Defensor del Pueblo, que ha denunciado repetidamente cómo malentendidos autonómicos se traducen en entorpecimiento arbitrario de las tareas de control que, comisionado por los representantes de la soberanía popular, ha de llevar a cabo.",44
AND_1990_PP_es.pdf,AND,1990,PP,es,"La política de los gobernantes andaluces en los últimos años ha sido un fiel remedo, corregido y adelantado en algún caso, de las pautas de su correligionarios que protagonizan el Gobierno central.",32
AND_1990_PP_es.pdf,AND,1990,PP,es,"Si de ello hubiera derivado una particular eficacia, podría servir de atenuante, pero no parece haber sido ese el caso.",20
AND_1990_PP_es.pdf,AND,1990,PP,es,Entender el autogobierno como la mera fotocopia de los dictados centrales priva de sentido a unas instancias meramente reduplicativas.,19
AND_1990_PP_es.pdf,AND,1990,PP,es,Nada ha impedido que en Andalucía se evitaran vicios y corruptelas que han caracterizado en los últimos años el ejercicio del poder desde el Gobierno central.,26
AND_1990_PP_es.pdf,AND,1990,PP,es,"La petición de Comisiones de Investigación, que permitan al Parlamento ejercer con eficacia y prestigio público su papel de control del Ejecutivo, ha encontrado similar respuesta en un ámbito autonómico en el que la imitación juega siempre como agravante.",39
AND_1990_PP_es.pdf,AND,1990,PP,es,"Pero, desgraciadamente, esta cultura política de la huida de la responsabilidad, ha alcanzado en Andalucía cotas peculiares.",17
AND_1990_PP_es.pdf,AND,1990,PP,es,"Se ha imitado también la habitual práctica socialista de situar a hombres de confianza al frente de las instituciones encargadas de controlar la propia ejecutoria, lo que equivale a vaciarlas de todo sentido.",33
AND_1990_PP_es.pdf,AND,1990,PP,es,"El Consejo Consultivo, que ha de cumplir en el ámbito autonómico funciones relevantes similares a las del Consejo de Estado, sigue pendiente de creación por misteriosas causas.",27
AND_1990_PP_es.pdf,AND,1990,PP,es,"La Presidencia de la Cámara de Cuentas, equivalente al Tribunal central del mismo nombre, no sólo se ofreció a alguien afín, sino que casualmente acabó atribuyéndose el control de empleo de los fondos públicos de la Comunidad a quien tenía buen cuidado de no permitir que se controlaran fiscalmente los propios.",51
AND_1990_PP_es.pdf,AND,1990,PP,es,"La televisión autonómica, pieza decisiva del control de la gestión política que, en toda democracia, se atribuye a la opinión pública, no sólo se encomendó a un viejo amigo, sino que éste convirtió con pasmosa celeridad al ente presuntamente autónomo en arquetipo del despilfarro y la contratación atípica.",48
AND_1990_PP_es.pdf,AND,1990,PP,es,"Por si fuera poco, Andalucía ha acabado convirtiéndose en epicentro emblemático del tráfico de influencias que arruina hoy la credibilidad de nuestra clase política.",24
AND_1990_PP_es.pdf,AND,1990,PP,es,"Aunque las responsabilidades al respecto se sitúen, en este caso, formalmente al margen de las competencias y dependencias autonómicas, no ocurre lo mismo políticamente, dada la creciente identificación entre los aspirantes a mantener el gobierno socialista en Andalucía y su principal protagonista.",42
AND_1990_PP_es.pdf,AND,1990,PP,es,"El Partido Popular de Andalucía considera que el futuro Gobierno andaluz sólo podrá recuperar el prestigio que merece esta institución si se produce un cambio radical en el sometimiento a las instancias de control previstas en el Estatuto, por más que ello pueda plantear una abierta discrepancia con los usos consolidados en las instancias centrales.",55
AND_1990_PP_es.pdf,AND,1990,PP,es,"De merecer la confianza de los andaluces para asumir las tareas de gobierno, el Partido Popular de Andalucía encomendará a personalidades de reconocida independencia política y de probado prestigio personal y profesional la titularidad de los cargos directivos en tales órganos.",41
AND_1990_PP_es.pdf,AND,1990,PP,es,"Al margen de todo pesimismo dialéctico, es obligado constatar el grave desprestigio de Andalucía en el ámbito español e incluso más allá de nuestras fronteras, como consecuencia de las inimaginables peripecias de los últimos años.",35
AND_1990_PP_es.pdf,AND,1990,PP,es,"Se ha extendido la imagen de Andalucía como capital del tráfico de influencias, del despilfarro de los fondos públicos y de la picaresca.",23
AND_1990_PP_es.pdf,AND,1990,PP,es,Personajes amparados o propiciados por la Junta han rivalizado en el despropósito y en el impudor a la hora de exhibirlo.,21
AND_1990_PP_es.pdf,AND,1990,PP,es,"Es urgente que Andalucía se libere, cuanto antes, de esta imagen de patio de Monipodio donde se baten todos los récords en el consumo incontrolado de fondos públicos.",28
AND_1990_PP_es.pdf,AND,1990,PP,es,Porque nada hay más lejano de la realidad que esa presunta opulencia subvencionada de modo generalizado y nada sigue siendo menos aplazable que una serena y autorizada reiteración de la denuncia reivindicativa de una discriminación que tardará en verse subsanada.,40
AND_1990_PP_es.pdf,AND,1990,PP,es,"Sólo una nueva clase política, merecedora de respeto y confianza dentro y fuera de nuestra tierra, podrá protagonizar ese recomienzo.",20
AND_1990_PP_es.pdf,AND,1990,PP,es,Los andaluces decidirán con su voto en quién deben depositar tan honrosa confianza.,13
AND_1990_PP_es.pdf,AND,1990,PP,es,El Partido Popular de Andalucía no se considera depositario exclusivo de la virtud política.,14
AND_1990_PP_es.pdf,AND,1990,PP,es,Lucha y seguirá luchando hasta ganar la confianza que necesita para contribuir a un futuro mejor para Andalucía.,18
AND_1990_PP_es.pdf,AND,1990,PP,es,"Andalucía, con una trayectoria histórica ejemplar en el respeto al primer principio básico del autonomismo la lealtad a la unidad nacional mantiene su legítima exigencia al más fecundo respeto de su ineludible complemento: la solidaridad interterritorial.",36
AND_1990_PP_es.pdf,AND,1990,PP,es,"El Partido Popular de Andalucía luchará siempre contra cualquier intento de resucitar un modelo de Estado autonómico que ha quedado venturosamente fuera de nuestra Constitución: el que intenta mantener, con excusas históricas o culturales un curioso federalismo privilegiado, que compondrían con España determinadas Comunidades.",44
AND_1990_PP_es.pdf,AND,1990,PP,es,El Estado de las Autonomías ha de reconocer a todos los pueblos españoles la posibilidad de desplegar un autogobierno que enriquezca al conjunto nacional.,24
AND_1990_PP_es.pdf,AND,1990,PP,es,"Lo ajustado de sus fórmulas ha de medirse siempre por su correspondencia con la idiosincracia popular, pero nunca con la extensión de privilegiadas garantías de que se excluirá a los demás del disfrute de dichas posibilidades.",36
AND_1990_PP_es.pdf,AND,1990,PP,es,La mínima exigencia de una autonomía solidaria es no consentir que alguien sustituya el legítimo derecho a que le reconozcan lo que considera suyo con la infundada pretensión de que considere ajeno a los demás.,35
AND_1990_PP_es.pdf,AND,1990,PP,es,"El universalismo, característico de la vivencia andalucista, no sólo rechaza todo particularismo excluyente, propio de nacionalismos miniestatalistas, sino que resulta a la vez incompatible con fenómenos similares propiciados desde la óptica de la lucha de clases.",36
AND_1990_PP_es.pdf,AND,1990,PP,es,"Desgraciadamente, buena parte de la sorprendente reescritura apresurada de la historia andaluza, movida por urgencias políticas coyunturales, se hizo desde este trasnochado prisma.",23
AND_1990_PP_es.pdf,AND,1990,PP,es,La Andalucía justa para todos los andaluces no podrá ser nunca el fruto de su dogmática división en clases presuntamente irreconciliables.,21
AND_1990_PP_es.pdf,AND,1990,PP,es,"Convencido de que la preocupación social no es patrimonio de ninguna ideología y ha de probarse con hechos de gobierno, el Partido Popular de Andalucía se asienta en una óptica interclasista, preocupada por las graves carencias sociales de nuestra tierra y segura de que sólo el ejercicio solidario de la libertad generará la creatividad necesaria para superarlas.",57
AND_1990_PP_es.pdf,AND,1990,PP,es,"La desacertada política de los gobernantes socialistas andaluces, ante el juego regresivo de instrumento solidario tan relevante como el Fondo de Compensación Interterritorial, deja entrever notables dosis de conformismo ante lo que parece haberse convertido en criterio rector de la política autonómica del Gobierno central en los últimos años: la curiosa idea de que la capacidad de Andalucía para atraer ayudas de los Fondos Estructurales europeos para las regiones menos desarrolladas, excusarían al Gobierno español de esfuerzos de inversión adicionales a los exigidos por tales mecanismos comunitarios.",87
AND_1990_PP_es.pdf,AND,1990,PP,es,"Transferir la solidaridad a las instancias comunitarias, olvidando el propio compromiso al respecto, sería tan incoherente y oportunista como intentar diluir la exigible lealtad a la unidad nacional sustituyéndola por una imprecisa adhesión a una unidad europea.",37
AND_1990_PP_es.pdf,AND,1990,PP,es,"Desgraciadamente el grado de los desequilibrios que soporta Andalucía, según registran con fría imparcialidad los propios índices comunitarios, hacen impensable que las ayudas comunitarias puedan afrontar por sí solas una profunda modificación de este desfase.",35
AND_1990_PP_es.pdf,AND,1990,PP,es,Sólo una decidida modificación de la querencia actual de los índices de inversión pública en su distribución autonómica podría certificar que se ha emprendido el camino adecuado.,27
AND_1990_PP_es.pdf,AND,1990,PP,es,"Andalucía ha de verse liberada cuando antes del estado de excepción social al que, sin proclamación formal y sin plazo de vigencia reconocido, se ve sometida en los últimos años.",30
AND_1990_PP_es.pdf,AND,1990,PP,es,El mantenimiento de esta situación pone en cuestión la efectividad misma de un Estado de las Autonomías que no puede legitimarse al margen de exigencias de solidaridad.,27
AND_1990_PP_es.pdf,AND,1990,PP,es,"La extensión, dentro y fuera de Andalucía, de la convicción generalizada de que este anómalo estado de cosas acompañado de chantajes más o menos inconfesados y sutiles puede acabar resultando políticamente rentable, acaba afectando a la médula misma del sistema democrático.",41
AND_1990_PP_es.pdf,AND,1990,PP,es,"Buena parte de la amenaza de desprestigio de Andalucía en el resto de nuestras Comunidades arranca de la idea, sin duda precipitada, de que en ella se ha constituido una despensa de votos capaz de poner freno a los deseos de alternancia política que la mayor parte de los españoles viene demostrando.",52
AND_1990_PP_es.pdf,AND,1990,PP,es,Que la satisfacción de los derechos económicos y sociales condiciona realmente la posible efectividad de los derechos civiles y libertades públicas es una verdad tan antigua como orlada de prosapia progresista.,31
AND_1990_PP_es.pdf,AND,1990,PP,es,"Lo que resultaría atentatorio al mismo sistema democrático es que, en nombre de un socialismo igualitario, se acabaran propiciando encubiertamente mecanismos de opinión destinados a bloquear el voto, mediante el arbitrario establecimiento de una pretendida vinculación del continuismo en el poder y las exigencias mínimas de supervivencia personal.",48
AND_1990_PP_es.pdf,AND,1990,PP,es,"El Partido Popular de Andalucía, convencido de las virtualidades del sistema democrático para evitar el arraigo de eventuales imposturas, no abriga la menor duda sobre la posibilidad de una pronta alternancia del poder en Andalucía, como viene demostrando la misma evolución del voto especialmente en los núcleos urbanos y modernizados.",50
AND_1990_PP_es.pdf,AND,1990,PP,es,Los andaluces del Partido Popular no caeremos nunca en el fácil e irrespetuoso expediente de atribuir a argucias ajenas la tardanza de unos resultados tan legítimamente deseados como imperiosamente necesarios para una Andalucía gobernada con arreglo a un proyecto agotado.,40
AND_1990_PP_es.pdf,AND,1990,PP,es,"Somos los primeros conocedores del buen sentido de nuestro pueblo a la hora de adoptar decisiones relevantes, demostrado también con llamativos cambios de voto en momentos que han marcado notablemente nuestra reciente historia.",33
AND_1990_PP_es.pdf,AND,1990,PP,es,"Por ello asumimos ante todos los andaluces nuestra específica responsabilidad a la hora de lograr que nuestras propuestas, acogidas ya mayoritariamente por otros españoles, acaben mereciendo también la confianza del pueblo andaluz.",32
AND_1990_PP_es.pdf,AND,1990,PP,es,"Ni el respeto a la dignidad de nuestros iguales, ni nuestra seguridad en la capacidad convincente de nuestros principios nos permitiría asumir fatalistamente una situación de bloqueo político, capaz de cerrar el paso a lo que los andaluces demuestran ya reconocer como la más válida alternativa de gobierno para su tierra.",51
AND_1990_PP_es.pdf,AND,1990,PP,es,"Junto al universalismo ya señalado, otra de las características del legado andalucista es la directa conexión entre la afirmación autonómica y un planteamiento global que encierra toda una propuesta antropológica.",30
AND_1990_PP_es.pdf,AND,1990,PP,es,"Andalucía por sí pero no para cerrarse en sí misma, porque su universalismo encuentra en la referencia para España una primera vía de apertura.",24
AND_1990_PP_es.pdf,AND,1990,PP,es,Pero la superación de un nacionalismo miniestatalista sería una dimensión demasiado corta de la vocación expansiva del punto de partida.,20
AND_1990_PP_es.pdf,AND,1990,PP,es,"Cuando se afirma que los andaluces queremos volver a ser lo que fuimos es todo un modelo humano lo que va a proponerse, evocando un pasado que se caracterizaría por la capacidad para mostrarse como hombres de luz que a los hombres alma de hombres les dimos.",47
AND_1990_PP_es.pdf,AND,1990,PP,es,"Como consecuencia, Andalucía para la Humanidad, marcando la última referencia de un planteamiento autonómico que se presenta como lo más alejado que quepa imaginar de meras estrategias oportunistas o coyunturales.",30
AND_1990_PP_es.pdf,AND,1990,PP,es,Las propuestas del Partido Popular de Andalucía incluídas en este Programa reposan sobre un planteamiento ideológico nítidamente definido.,18
AND_1990_PP_es.pdf,AND,1990,PP,es,"El análisis de los problemas característicos del día a día han ido encontrando la rima de una determinada visión del hombre, sobre la que se asienta un modelo de sociedad e, inevitablemente, de su relación con el Estado.",38
AND_1990_PP_es.pdf,AND,1990,PP,es,"La primera implicación de nuestro modelo es la opción por un Estado Social de Derecho de fundamento bien diverso a las propuestas de Estado de Bienestar que, durante años, han llegado a parecer indispensables.",34
AND_1990_PP_es.pdf,AND,1990,PP,es,"Los resultados de propuestas tan presuntamente sociales, invitan a la duda de si se nos proponía realmente un estado de bienestar o, simple y llanamente, el bienestar del Estado, y de los que controlan su aparato decisorio, como es lógico.",40
AND_1990_PP_es.pdf,AND,1990,PP,es,"Nuestra propuesta autonómica se alienta de la convicción de las escasas virtudes del estatalismo, en sus múltiples variantes.",18
AND_1990_PP_es.pdf,AND,1990,PP,es,El Estado debe estar al servicio de la sociedad y ello es lo que le convierte realmente en Estado Social.,20
AND_1990_PP_es.pdf,AND,1990,PP,es,La difusión autonómica del poder se convierte en el mejor contrapeso contra la querencia que toda estructura burocrática de poder lleva consigo de crear particulares intereses destinados a presentarse como interés general.,32
AND_1990_PP_es.pdf,AND,1990,PP,es,Pensar que basta un diseño autonómico para superar las querencias estatalistas sería un notable error.,15
AND_1990_PP_es.pdf,AND,1990,PP,es,"Un Estado de las Autonomía que se limite a fragmentar el espacio de ejercicio del poder, sin verse acompañado de una filosofía social que presida su adecuada articulación, acabará traducido en la proliferación de miniestatalismos yuxtapuestos.",36
AND_1990_PP_es.pdf,AND,1990,PP,es,"Cuando tal ocurre, los mismos centros de poder que mantienen, frente a la Administración central, un discurso reivindicativo, clamando por espacios propios de poder y por el reconocimiento de legítimos ámbitos de decisión, son los primeros en reproducir con especial rigidez, en su relación con entes autónomos menores, el modelo que con tanto acierto critican.",55
AND_1990_PP_es.pdf,AND,1990,PP,es,La auténtica piedra de toque de un autonomismo genuino no va a radicar tanto en su propuesta de distribución difusiva del poder estatal como en su articulación de Sociedad y Estado.,31
AND_1990_PP_es.pdf,AND,1990,PP,es,"No se trata de contar con más instancias estatales más pequeñas, por más que ello implique ya un sano correctivo a gigantismo burocráticos.",23
AND_1990_PP_es.pdf,AND,1990,PP,es,"Las Autonomías no se presentan sólo como espacios de gestión del poder estatal más cercanos al ciudadano, sino sobre todo como privilegiadas instancias mediadoras y plataforma de encuentro del juego vivificador de asociaciones e instituciones sociales, en el ejercicio de su propia autonomía.",43
AND_1990_PP_es.pdf,AND,1990,PP,es,"Cuando se hace habitual tal reconocimiento, el respeto a instancias estatales menores surge espontáneo y sin especiales esfuerzos.",18
AND_1990_PP_es.pdf,AND,1990,PP,es,El autonomismo ha de reposar sobre la convicción de que el ciudadano ha de ser en la práctica retóricas aparte el auténtico protagonista de la vida política y no sólo un átomo destinado a desahogar sus humores en cíclicas convocatorias electorales.,41
AND_1990_PP_es.pdf,AND,1990,PP,es,"Esa subordinación del Estado a la Sociedad servirá de cauce eficaz para un posterior reconocimiento de la prioridad de los órganos estatales más cercanos a él, a la hora de asumir la gestión de sus problemas cotidianos.",37
AND_1990_PP_es.pdf,AND,1990,PP,es,El fin de la idolatría del Estado monopolizador centralizado de la vida nacional lleva consigo el desfase paralelo de nacionalismos que aspiran a reproducir tal modelo en ámbitos geográficos más reducidos.,31
AND_1990_PP_es.pdf,AND,1990,PP,es,Es aquí donde muestra el principio de subsidiariedad su fecundidad como fundamento de un auténtico autonomismo.,16
AND_1990_PP_es.pdf,AND,1990,PP,es,No tiene nada de extraño constatar que ha sido la ideología que caracteriza a los Partidos Populares europeos la que ha permitido hacer realidad tales planteamientos en la mayoría de los Estados de nuestro entorno.,35
AND_1990_PP_es.pdf,AND,1990,PP,es,"Con arreglo a dicha exigencia de subsidiariedad, todo ente autónomo es titular del derecho a ejercer cuantas competencias sea capaz de asumir con eficacia, sin más límites que los impuestos por la preservación del interés general.",36
AND_1990_PP_es.pdf,AND,1990,PP,es,"La proyección práctica de este principio se traduce en una multiplicación de los centros de decisión en una doble dirección: horizontal, permitiendo a la sociedad el máximo juego en la solución y gestión de sus problemas, y tanto hacia arriba como hacia abajo, reconociendo la peculiar autonomía (la falta de refrendo constitucional, en nuestro caso) de otras entidades.",58
AND_1990_PP_es.pdf,AND,1990,PP,es,"Se niega, por tanto, el autonomismo cuando como ha ocurrido en Andalucía en los últimos años se concentra artificialmente el poder en las instancias centrales de la Junta, coartando la intervención de las Diputaciones provinciales, reduciendo a la mínima expresión la autonomía municipal y generando sin beneficiario colectivo conocido un notable malestar ante el fantasma de un nuevo centralismo, impuesto para mayor inri en nombre de la Autonomía.",68
AND_1990_PP_es.pdf,AND,1990,PP,es,"Aspiramos a una sociedad a la medida del hombre, alimentada por una diversidad descentralizada y unida por las instancias organizativas imprescindibles.",21
AND_1990_PP_es.pdf,AND,1990,PP,es,Es el respeto a la dignidad de la persona lo que ha de estar en la raíz de este escalonado ejercicio de la autonomía.,24
AND_1990_PP_es.pdf,AND,1990,PP,es,"Nuestra propuesta de una renta familiar garantizada responde a este principio básico, reconociendo que la dignidad se diluye en teorías retóricas si no se reconocen exigencias elementales del contenido esencial de los derechos económicos, sociales y culturales, y que el ámbito familiar es el principal punto de referencia del ejercicio de la autonomía individual, dada la diversidad de circunstancias en que puede producirse la satisfacción de esas necesidades básicas.",69
AND_1990_PP_es.pdf,AND,1990,PP,es,Sólo cuando el reconocimiento de la dignidad personal se halla en una sociedad bajo mínimos puede ponerse eficazmente en práctica el juego subsidiario escalonado a que hemos hecho referencia.,29
AND_1990_PP_es.pdf,AND,1990,PP,es,"Una de las condiciones previas indispensables para que Andalucía vea resueltas sus graves carencias sociales, en comparación con otras Comunidades españolas, y neutralizados los hirientes desequilibrios interiores, agudizados incluso en estos primeros años de andadura autonómica, es el definitivo archivo de tópicos simplistas, que intentan establecer acríticamente que sólo determinado Partido, en función de su presunta ideología o incluso de su mero rótulo, estaría en condiciones de mostrar la necesaria sensibilidad ante los problemas sociales.",75
AND_1990_PP_es.pdf,AND,1990,PP,es,"Podría discutirse quiénes son los principales beneficiarios de un planteamiento de los problemas de Andalucía que los remita al juego simplista del dilema derechas-izquierdas; lo que queda fuera de toda duda es quién será el principal perjudicado: el pueblo andaluz, como presunto obligado elector de un Partido, por el simple hecho de denominarse obrero o blasonar de una ideología de enigmáticas referencias prácticas, obligado como consecuencia a renunciar a la experimentación de nuevas alternativas que es contenido elemental del juego democrático.",81
AND_1990_PP_es.pdf,AND,1990,PP,es,"Sólo partiendo de la constatación elemental de que Andalucía ha experimentado durante ocho años determinadas recetas políticas, con frutos elocuentes de todos conocidos, y que otras fuerzas políticas ofrecen alternativas que aspiran a mejorarlos, podrá el andaluz salir de su actual situación.",42
AND_1990_PP_es.pdf,AND,1990,PP,es,El reconocimiento obvio de que lo social no tiene dueño permitirá que la sociedad pueda libremente optar por mejores vías para su futuro.,23
AND_1990_PP_es.pdf,AND,1990,PP,es,"Superados estos interesados intentos de bloqueo electoral, crecerán las posibilidades de que el pueblo andaluz cuente con sujeto conocido para el ejercicio de su autonomía.",25
AND_1990_PP_es.pdf,AND,1990,PP,es,Sin una sociedad viva y capaz de ejercer arriesgadamente su libertad no habría posibilidad de emancipación real ni de esa efectiva mayoría de edad que da paso al ejercicio real de la posibilidad de autogobierno.,35
AND_1990_PP_es.pdf,AND,1990,PP,es,Entendemos que la libertad es la exigencia primordial de cualquier intento de autonomía individual o colectiva.,16
AND_1990_PP_es.pdf,AND,1990,PP,es,"Sólo partiendo de ella se da un reconocimiento práctico de la dignidad, se da paso un vivo ejercicio de creatividad y se cuenta con un punto de referencia que permita exigir respuesta (responsabilidad) sobre los resultados de dicho ejercicio.",39
AND_1990_PP_es.pdf,AND,1990,PP,es,"El Partido Popular de Andalucía no piensa, sin embargo, que el mero juego espontáneo de la libertad personal y colectiva lleve, mediante alguna armonía preestablecida, a la óptima solución de todos los problemas sociales.",34
AND_1990_PP_es.pdf,AND,1990,PP,es,"Si tal postura es hoy de problemática defensa en cualquier escenario, aun lo sería más en suelo andaluz, no caracterizado precisamente por un derroche de equilibrios y armonías sociales.",29
AND_1990_PP_es.pdf,AND,1990,PP,es,"Nuestros planteamientos ideológicos parten de la constatación de que sin libertad no hay efectivo reconocimiento de la dignidad personal ni colectiva, pero nos llevan a añadir de inmediato que nunca su ejercicio es más humano que cuando se emplea solidariamente en beneficio ajeno.",43
AND_1990_PP_es.pdf,AND,1990,PP,es,"Entendemos, precisamente, como social el ejercicio de una libertad solidaria.",10
AND_1990_PP_es.pdf,AND,1990,PP,es,"Cuando se parte del prejuicio dogmático de que todo ejercicio de la libertad está condenado a un individualismo insolidario, se llega fácilmente a la consecuencia de que todo intento de ejercicio de la autonomía por parte de las instancias sociales en que tal libertad solidaria se plasma está no menos fatalmente condenado al corporativismo.",54
AND_1990_PP_es.pdf,AND,1990,PP,es,"Cuando así se piensa, lo social, falto del punto de apoyo de esa libertad solidaria, acaba confundiéndose de modo simplista con lo estatal.",23
AND_1990_PP_es.pdf,AND,1990,PP,es,"No deja de ser sintomática la probada querencia de tanto bienintencionado socialismo para acabar en estatalismo a secas, ni deja de rebosar ironía histórica que las máximas cotas de estatalismo conocidas en los últimos decenios hayan considerado obligado arroparse en la etiqueta socialismo real.",44
AND_1990_PP_es.pdf,AND,1990,PP,es,"Conduce, pues, a un autonomismo inevitablemente truncado el intento de limitarlo a puntos de referencia geográficos sin incidir decididamente en la relación Sociedad-Estado.",23
AND_1990_PP_es.pdf,AND,1990,PP,es,"La autonomía de las entidades políticas territoriales encuentra su lógico correlato, e incluso su fundamento previo en el reconocimiento de los indispensables ámbitos de ejercicio de la libertad solidaria que caracteriza a todo empeño social que merezca tal nombre.",39
AND_1990_PP_es.pdf,AND,1990,PP,es,"De ahí deriva, igualmente, un ejercicio del poder político apoyado de continuo, y no por exigencias estratégicas coyunturales, en un diálogo social, como el que defiende en su Programa el Partido Popular de Andalucía.",34
AND_1990_PP_es.pdf,AND,1990,PP,es,"La autonomía de la persona, con una elemental exigencia de libertad, alimenta la autonomía de las instancias sociales en que su ejercicio solidario se traduce, que a su vez di namiza la autonomía de las entidades políticas de ámbito territorial más o menos amplio.",44
AND_1990_PP_es.pdf,AND,1990,PP,es,Sin autonomía social la autonomía política queda privada de sujeto.,10
AND_1990_PP_es.pdf,AND,1990,PP,es,"No es difícil establecer, al apreciar los diversos grados de maduración de la autonomía política en las Comunidades españolas, la existencia de muy diversos soportes sociales por razones históricas y socio-económicas.",31
AND_1990_PP_es.pdf,AND,1990,PP,es,"Igualmente, cuando se coarta por recelos dogmáticos la libertad personal el tejido social se atrofia de modo irremisible.",18
AND_1990_PP_es.pdf,AND,1990,PP,es,"Pocos síntomas más claros de la ignorancia de lo social o de la defensiva desconfianza ante su despliegue, que el recurso por calculada argucia o por mera pereza mental al falso dilema público-privado.",33
AND_1990_PP_es.pdf,AND,1990,PP,es,"Como ya ocurría con lo social, lo público acaba identificado con lo estatal;",13
AND_1990_PP_es.pdf,AND,1990,PP,es,"a la vez, se niega implícitamente la posibilidad de iniciativas sociales (tan libres como solidarias) capaces de apuntar al interés público, optando por confinarlas en el ámbito, aparentemente individual y particularista, de lo privado.",34
AND_1990_PP_es.pdf,AND,1990,PP,es,"Tampoco lo público es patrimonio de nadie y sólo viene definido por el logro de resultados beneficiosos para la colectividad, sean iniciativas-sociales o intervenciones estatales las que los hagan posibles.",30
AND_1990_PP_es.pdf,AND,1990,PP,es,"De ahí la insistencia del Partido Popular de Andalucía, tanto al abordar las necesidades educativas como las sanitarias de los andaluces, en facilitar el logro de un aprovechamiento óptimo de recursos humanos y materiales capaces de satisfacer tal interés público, sea la libertad solidaria plasmada en instancias sociales o la intervención estatal, en ejercicio legítimo de su subsidiaria responsabilidad, las que los aporten.",63
AND_1990_PP_es.pdf,AND,1990,PP,es,El Partido Popular de Andalucía asume como principio básico del ejercicio del poder el mandato del artículo .,18
AND_1990_PP_es.pdf,AND,1990,PP,es,"de nuestra Constitución al estimular, como es bien sabido, a los poderes públicos a promover las condiciones para que la libertad y la igualdad de los individuos y de los grupos en que se integra sean reales y efectivas, esforzándose para ello en remover los obstáculos que impidan o dificulten su plenitud y facilitar la participación de todos los ciudadanos en la vida política, económica, cultural y social.",68
AND_1990_PP_es.pdf,AND,1990,PP,es,"También a tan transcendental previsión constitucional se pretendió, en el marco de las querencias estatalistas señaladas, atribuirle obligado dueño, vinculándola a perspectivas de conflicto de clases y a los grupos políticos que, por aquel entonces, se atrevían aún a suscribirlas.",40
AND_1990_PP_es.pdf,AND,1990,PP,es,"Estamos convencidos de que las condiciones económicas, sociales y culturales de los ciudadanos delimitan decisivamente sus posibilidades a la hora de ejercer esa libertad que se convierte en clave de todo ejercicio de autonomía.",34
AND_1990_PP_es.pdf,AND,1990,PP,es,"Andalucía se convierte, desgraciadamente, en escenario arquetípico de tal fenómeno.",10
AND_1990_PP_es.pdf,AND,1990,PP,es,"Se hace, por tanto, imprescindible en la tarea de gobierno una particular atención a las carencias sociales en que tales déficits se hacen presentes.",24
AND_1990_PP_es.pdf,AND,1990,PP,es,"Nuestro planteamiento ideológico, aparte de sensibilizarnos especialmente ante dicha situación, nos lleva a descartar que una versión estatalista, y por ello emprorecedora, del precepto constitucional citado lleve a ignorar que será precisamente el apoyo y estímulo a iniciativas sociales que merezcan tal nombre el modo más eficaz de llevar a la práctica tan imprescindible objetivo.",55
AND_1990_PP_es.pdf,AND,1990,PP,es,No basta con denunciar carencias sociales y disponerse a atenderlas.,10
AND_1990_PP_es.pdf,AND,1990,PP,es,Sólo la libertad solidariamente ejercida se muestra capaz de superarlas con efectividad.,12
AND_1990_PP_es.pdf,AND,1990,PP,es,Los intentos estatalistas de propiciar el bienestar desde instancias burocráticas han acabado fracasando.,13
AND_1990_PP_es.pdf,AND,1990,PP,es,No es suplantando a la sociedad como se logran mejores logros sociales.,12
AND_1990_PP_es.pdf,AND,1990,PP,es,"Por ello, el Partido Popular de Andalucía muestra su convencimiento de que han de ser iniciativas sociales, debidamente respetadas y estimuladas, las que con mayor eficacia contribuyan a promover las condiciones y eliminar los obstáculos para la efectiva realización de los valores citados.",43
AND_1990_PP_es.pdf,AND,1990,PP,es,"Consideramos de particular importancia, no sólo la atención y promoción de colectivos situados, por razones físicas o económicas, en situación pasajera o definitiva de desigualdad, sino también la peculiar incidencia en Andalucía de dos fenómenos peculiares de práctica discriminación.",39
AND_1990_PP_es.pdf,AND,1990,PP,es,"Por una parte, la hiriente diferencia de condiciones de vida entre el ámbito rural y las concentraciones urbanas, que exige una profunda política de reequilibrio social.",26
AND_1990_PP_es.pdf,AND,1990,PP,es,"Por otra la presencia con peculiar incidencia de colectivos étnicos, a los que hay que facilitar una adecuada integración social, que no desconozca ni atropelle sus legítimas peculiaridades; junto al notable contingente de población gitana, es preciso señalar la presencia creciente de inmigrantes de procedencia africana, cuyas condiciones sociales y laborales distan con frecuencia de la más elemental justicia.",59
AND_1990_PP_es.pdf,AND,1990,PP,es,"Pocos ámbitos más privilegiados para el ejercicio de una libertad solidaria, fuente enriquecedora de iniciativas sociales, que la familia.",19
AND_1990_PP_es.pdf,AND,1990,PP,es,"Por ello, pocos fenómenos más preocupantes que la exigua atención que desde instancias gubernamentales, centrales o autonómicas, se le ha prestado.",21
AND_1990_PP_es.pdf,AND,1990,PP,es,"En un momento en que la mayoría de los países europeos optan, interesadamente o no, por políticas familiaristas, los gobiernos socialistas han mostrado no tanto desinterés sino auténtico recelo ante su papel en la sociedad española y andaluza.",38
AND_1990_PP_es.pdf,AND,1990,PP,es,"Los intentos de paternalismo estatal como sustitutivo de los núcleos familiares en crisis han conducido al fracaso, incluso en países cuyas posibilidades económicas permitían un volumen de subsidios muy superior al que Andalucía podría poner en práctica.",37
AND_1990_PP_es.pdf,AND,1990,PP,es,"Ha de ser el ámbito familiar, con el debido respaldo de los poderes públicos, el escenario eficaz de la corrección y prevención de nuestras principales carencias sociales.",27
AND_1990_PP_es.pdf,AND,1990,PP,es,"No faltan experiencias dignas de ser imitadas, no sólo en países comunitarios sino también en Comunidades Autónomas españolas cuyos gobiernos ajustan su política social a principios ideológicos afines a los aquí propuestos.",32
AND_1990_PP_es.pdf,AND,1990,PP,es,"El Partido Popular de Andalucía no sólo propone un protagonismo específico de la familia dentro de las políticas asistenciales, sino que convencido de la imperiosa necesidad de una educación para la solidaridad quiere facilitar la permanencia en el ámbito familiar durante el primer estadio educativo de sus hijos, y posibilitar la libre elección a los padres del centro de su preferencia, sin sufrir discriminación alguna cuando ésta se dirija, por razones ideológicas o de calidad de enseñanza, a los promovidos por la iniciativa social.",84
AND_1990_PP_es.pdf,AND,1990,PP,es,Desde los planteamientos ideológicos del Partido Popular de Andalucía resulta fácilmente explicable la complementariedad aparentemente paradójica del doble proceso de descentralización intraestatal e integración comunitaria que hoy experimenta media Europa y que se ofrece como modelo alternativo a la otra media que recupera su libertad.,45
AND_1990_PP_es.pdf,AND,1990,PP,es,La persona como centro de referencia de toda la vida política justifica la búsqueda de fórmulas que acerquen al máximo al ciudadano las instancias decisorias de sus problemas cotidianos.,29
AND_1990_PP_es.pdf,AND,1990,PP,es,El entendimiento solidario del ejercicio de la libertad alimenta una dimensión universalista que no admite frontera alguna y que encuentra en la aspiración de una Europa unida un horizonte inmediato realista y efectivo.,33
AND_1990_PP_es.pdf,AND,1990,PP,es,"La Europa que se redescubre al reencontrarse cultural y espiritualmente afín a una buena parte de sí misma, camuflada artificialmente durante decenios por el dogmatismo ideológico y la penuria económica, ha de ser una Europa transformada.",36
AND_1990_PP_es.pdf,AND,1990,PP,es,"No sólo por su inesperado incremento territorial sino, sobre todo, por el avance de una contextura autonomista que distienda las rigideces de la burocracia centralizada y que flexibilice las fronteras, facilitando la consciente pertenencia a un ámbito integrador tan diverso como cohesionado.",42
AND_1990_PP_es.pdf,AND,1990,PP,es,"Para el Partido Popular de Andalucía la efectiva consolidación de nuestro Estado de las Autonomías y el prometedor horizonte de una federación europea constituyen dos objetivos que se complementan, al responder a un semejante principio inspirador, que alimenta estos dos niveles de actuación de un mismo modelo de organización de Estado y Sociedad.",53
AND_1990_PP_es.pdf,AND,1990,PP,es,"Para el Partido Popular de Andalucía los acontecimientos conmemorativos del V Centenario del Descubrimiento de América, coincidentes a la vez con la consumación de nuestra unidad nacional, encuentran en numerosos enclaves andaluces escenario privilegiado por razones históricas y culturales.",39
AND_1990_PP_es.pdf,AND,1990,PP,es,"Pero dedicar tal efemérides al mero recuerdo de unos acontecimientos, por notoria que resulte su transcendencia histórica, sería limitar empobrecedoramente su alcance.",22
AND_1990_PP_es.pdf,AND,1990,PP,es,Consideramos que el ya tópico debe convertirse en punto de partida que revitalice nuestra centenaria relación con los pueblos americanos.,20
AND_1990_PP_es.pdf,AND,1990,PP,es,"Estamos convencidos de que principios ideológicos como los aquí expuestos, que han contribuido decisivamente a configurar la Europa actual y a marcarle su inmediato horizonte de futuro, han de mostrar también su vigencia en una efectivo replanteamiento de estas relaciones, superando viejas retóricas.",43
AND_1990_PP_es.pdf,AND,1990,PP,es,"Andalucía debe guardar como herencia de este aniversario la sede de instituciones culturales, educativas y de cooperación internacional capaces de servir de soporte al impulso y replanteamiento de la mutua presencia de los pueblos españoles y americanos en el inminente siglo XXI.",42
