filename,region,year,party,language,line,num_words
AND_1990_IU_es.pdf,AND,1990,IU,es,Programa de Gobierno para ANDALUCÍA Comisiones Obreras de Andalucía Programa de Gobierno para Andalucía Izquierda Unida - Convocatoria por Andalucía Comisiones Obreras de Andalucía DESDE su nacimiento en .,29
AND_1990_IU_es.pdf,AND,1990,IU,es,", Convocatoria por Andalucía, hizo de la elaboración colectiva uno de los elementos claves de un hacer política.",18
AND_1990_IU_es.pdf,AND,1990,IU,es,"Fue en el marco de las elecciones autonómicas del , cuando, bajo la denominación de Izquierda Unida Convocatoria por Andalucía, se puso a prueba tanto la elaboración colectiva como una concreción programática.",32
AND_1990_IU_es.pdf,AND,1990,IU,es,"Los resultados de aquellas elecciones mostraron, que junto a los nombres, el camino elegido había sido bueno.",17
AND_1990_IU_es.pdf,AND,1990,IU,es,"Aquel programa, aquel método, ha estado en la base del trabajo programático de estos últimos cuatro años.",17
AND_1990_IU_es.pdf,AND,1990,IU,es,Cientos de iniciativas parlamentarias enmiendas y procedimientos de control avalan el trabajo de un colectivo.,15
AND_1990_IU_es.pdf,AND,1990,IU,es,"En la recta final de estas elecciones autonómicas del , IU-CA incorpora un nuevo elemento en el proceso de consolidación de la alternativa en Andalucía.",25
AND_1990_IU_es.pdf,AND,1990,IU,es,"Si en el fue la incorporación de la ELABORACIÓN COLECTIVA, como una seña de la única izquierda posible; y en el , se concretizó la OTRA POLÍTICA, en el se plantea OTRA FORMA DE GOBERNAR, otra forma de hacer política.",40
AND_1990_IU_es.pdf,AND,1990,IU,es,"Hemos estado en la política andaluza con voluntad de gobierno, hemos salido en estas elecciones con ánimo de ganar.",19
AND_1990_IU_es.pdf,AND,1990,IU,es,"Por eso, nuestro compromiso con la sociedad andaluza no puede ser más ambicioso: si los andaluces depositan en nosotros su confianza el compromiso ético de IU-CA se hará en la identificación entre lo dicho y lo hecho, entre las promesas y nuestras acciones de gobierno, rompiendo con un viejo maleficio de las trampas electorales: las promesas incumplidas.",57
AND_1990_IU_es.pdf,AND,1990,IU,es,"Por eso hemos querido hacer un programa leal, legítimo y realizable, alejado del populismo y de los brindis al sol.",20
AND_1990_IU_es.pdf,AND,1990,IU,es,"En resumen, un programa de gobierno desde la izquierda andaluza: IZQUIERDA UNIDA CONVOCATORIA POR ANDALUCÍA.",15
AND_1990_IU_es.pdf,AND,1990,IU,es,Depósito Legal: M. Composición y diseño: Mazorca Portada: Picasso: Retrato de muchacha.,12
AND_1990_IU_es.pdf,AND,1990,IU,es,Verano Comisiones Obreras de Andalucía ESDE el poder amable de la razón lo hemos propagado a los cuatro vientos: a Andalucía se le intenta escamotear el poder político que supo ganar hace diez años.,34
AND_1990_IU_es.pdf,AND,1990,IU,es,conquistamos un Estatuto de máximas competencias.,6
AND_1990_IU_es.pdf,AND,1990,IU,es,El nuevo impulso andaluz rompía un proyecto inarmónico que pretendía confederar las nacionalidades históricas y regionalizar el resto de las autonomías.,21
AND_1990_IU_es.pdf,AND,1990,IU,es,"Aquella conquista del -F inauguraba, sin duda, la posibilidad de un futuro diferente.",13
AND_1990_IU_es.pdf,AND,1990,IU,es,"Andalucía podía aspirar a otro papel en el seno del Estado, podía responder, y no desde el llanto, sino ejerciendo las competencias que le asignaba el Estatuto y que propulsaba con energía histórica la forma masiva y popular que conquistó.",40
AND_1990_IU_es.pdf,AND,1990,IU,es,"Ante aquella situación, jubilosamente nueva, la España eterna pudo pensar algo parecido a que un andaluz está bien, sobre todo para la guasa, pero que un andaluz con poder no es aconsejable, no lo ha sido nunca para el estado centralista.",41
AND_1990_IU_es.pdf,AND,1990,IU,es,Conquistamos este poder en .,5
AND_1990_IU_es.pdf,AND,1990,IU,es,", aunque el PSOE, por ahora, se ha encargado de desactivarlo, dirigiendo las acciones de gobierno en sentido contrario al impulso que movilizó el -F a millones de andaluzas y andaluces.",31
AND_1990_IU_es.pdf,AND,1990,IU,es,Supimos unirnos y vencer.,4
AND_1990_IU_es.pdf,AND,1990,IU,es,Y ese poder terminará expresándose en el ejercicio pleno a fin de transformar las actuales estructuras ancladas en la dependencia y el subdesarrollo.,23
AND_1990_IU_es.pdf,AND,1990,IU,es,"A pesar de la estrategia centralista del PSOE, a pesar de las lisonjas paternalistas de sus máximos dirigentes, a pesar de esa dialéctica del tri- Comisiones Obreras de Andalucía IZQUIERDA UNIDA - CONVOCATORIA POR ANDALUCÍA lero que siempre nos ofrece un cascarón vacío, nadie ha logrado desmontar esa inmensa alianza de la dignidad y la justicia del -F de .",60
AND_1990_IU_es.pdf,AND,1990,IU,es,Entonces Andalucía supo ponerse en pie.,6
AND_1990_IU_es.pdf,AND,1990,IU,es,Ahora tiene que empezar a caminar en la dirección adecuada.,10
AND_1990_IU_es.pdf,AND,1990,IU,es,Y para iniciar este camino ofrecemos un programa cuyas soluciones concretas se han enfocado desde la pregunta: qué haría al día siguiente de empezar a gobernar.,26
AND_1990_IU_es.pdf,AND,1990,IU,es,"Y ofrecemos una voluntad firme de alternativa frente al vacío político y al desgobierno, frente a la dinámica injusta de una política que está agudizando las desigualdades sociales y territoriales.",30
AND_1990_IU_es.pdf,AND,1990,IU,es,"E igualmente hablamos de un instrumento social y político nuevo, adecuado al horizonte original que anuncia el siglo XXI.",19
AND_1990_IU_es.pdf,AND,1990,IU,es,Hablamos de esa fuerza serena y múltiple que es IU-CA.,10
AND_1990_IU_es.pdf,AND,1990,IU,es,"IU se define como un movimiento político y social con un objetivo estratégico nítidamente expresado: Hacia una sociedad de pleno empleo, en democracia plena y con respeto a la naturaleza.",30
AND_1990_IU_es.pdf,AND,1990,IU,es,"Entender la nueva formación como un movimiento político y social, implica la consideración de la pluralidad como eje organizador.",19
AND_1990_IU_es.pdf,AND,1990,IU,es,"IU, por su propia y original naturaleza, renuncia a absorber, a reducir.",12
AND_1990_IU_es.pdf,AND,1990,IU,es,Las distintas fuerza y personas que convergen en IU tienen además razones propias para no renegar de sí mismas o para afiliarse de forma clásica.,25
AND_1990_IU_es.pdf,AND,1990,IU,es,"Hablamos de nuevas formas de unidad y de participación, de nuevas formas de organicidad y de formación de la opinión.",20
AND_1990_IU_es.pdf,AND,1990,IU,es,"Una nueva organicidad policéntrica, que sustituye la disciplina clásica por la unidad dinámica de lo diverso en torno a un programa.",21
AND_1990_IU_es.pdf,AND,1990,IU,es,Hablamos de situarnos en la diversidad y en el debate permanente como condición de posibilidades de una alianza cada vez más amplia.,22
AND_1990_IU_es.pdf,AND,1990,IU,es,Sólo así podremos construir IU-CA como un movimiento político y social.,11
AND_1990_IU_es.pdf,AND,1990,IU,es,"Sólo así, junto a partidos y movimientos sociales, podremos agrupar a esa izquierda sumergida y diseminada que vive su compromiso ético y político de manera fronteriza y transversal.",28
AND_1990_IU_es.pdf,AND,1990,IU,es,"Sólo así, junto a las fórmulas colectivas, podremos imantar los compromisos personales, asumiéndoles desde la individualización de las necesidades y desde el conocimiento de esa lucha diaria, casi doméstica o plenamente doméstica que protagonizan los individuos contra el poder y su microfísica, porque sin duda el Estado está también entre los pucheros y las cacerolas.",55
AND_1990_IU_es.pdf,AND,1990,IU,es,IU es también el terreno de juego de un encuentro con reglas actualizadas entre socialistas y comunistas.,17
AND_1990_IU_es.pdf,AND,1990,IU,es,Si se quiere recomponer la fractura histórica de .,9
AND_1990_IU_es.pdf,AND,1990,IU,es,", el marco específico que permite ese encuentro es hoy IU, o las nuevas formas que en lo sucesivo se produzcan.",21
AND_1990_IU_es.pdf,AND,1990,IU,es,Para militar o trabajar en IU no hay que dejar de ser socialista.,13
AND_1990_IU_es.pdf,AND,1990,IU,es,Más bien ocurre todo lo contrario: quien quiera seguir siendo socialista debe apostar por el reto de cambio que supone IU.,21
AND_1990_IU_es.pdf,AND,1990,IU,es,El socialismo sólo puede estar en la izquierda.,8
AND_1990_IU_es.pdf,AND,1990,IU,es,"Y aquí radica una de las principales novedades de IU y, en general, de toda la nueva izquierda, que no sólo admite fuerzas y segmentos de una misma familia, que no tiene un sentido simplificador, ya que junto a los análisis de clase, sabe integrar sin ningún tipo de subordinación esos valores transversales que hoy reconducen toda opción política que pretende encabezar el futuro: los valores del pacifismo, del ecologismo y del feminismo.",73
AND_1990_IU_es.pdf,AND,1990,IU,es,"Los valores de ese amplio e inmensamente desorganizado movimiento juvenil que no desemboca, que no puede desembocar sino en la orilla de la alternativa, embarcados, junto al resto de los componentes de esta amplia alianza que representa IU-CA, en una estrategia integral de reconciliación con la naturaleza, con la ética civil, con la paz y con la cultura de la producción y del trabajo.",64
AND_1990_IU_es.pdf,AND,1990,IU,es,"La nueva forma de pensar que tienen las mujeres, ese gesto constituyente y tranquilo con que han decidido disputarle el poder a los hombres, debe empezar a crearnos nuevas raíces, nuevas constancias de complementariedad y la compresión de que el hombre no es el único sujeto transformador y no representa la centralidad en torno a la cual haya que establecer todas las alianzas.",63
AND_1990_IU_es.pdf,AND,1990,IU,es,"Accesiones Obreras de Andalucía IZQUIERDA UNIDA - CONVOCATORIA POR ANDALUCÍA En Andalucía, de cara a las próximas elecciones, sabiendo como sabemos que por ahora casi todo está hecho por el hombre y para el hombre, tenemos una oportunidad, que no podemos desaprovechar, para demostrar que al menos estamos convencidos en un de las condiciones objetivas para un futuro diferente.",59
AND_1990_IU_es.pdf,AND,1990,IU,es,"Un futuro diferente donde no quepan ejemplos como el Cabril, la urbanización Costa Doñana o las bases de Rota y Morón.",21
AND_1990_IU_es.pdf,AND,1990,IU,es,Donde no quepan el paro masivo y las desigualdades.,9
AND_1990_IU_es.pdf,AND,1990,IU,es,"Un futuro basado, por tanto, en un nuevo modelo de desarrollo.",11
AND_1990_IU_es.pdf,AND,1990,IU,es,"Frente a las políticas neoliberales, nos cabe a la izquierda repensar los límites y contenidos de un desarrollo alternativo.",19
AND_1990_IU_es.pdf,AND,1990,IU,es,"Para nosotros, el desarrollo viable tiene dos límites no negociables: la ética civil y el equilibrio ecológico.",17
AND_1990_IU_es.pdf,AND,1990,IU,es,"Sin duda, la certeza casi inaugural de los límites del desarrollo está exigiendo reinventar sobre nuevas bases esa relación desarrollo-ecología-ética que clásicamente se ha venido enfocando desde planteamientos exclusivamente industrialistas y que tienen en el desarrollismo el camino que conduce a la catástrofe natural.",44
AND_1990_IU_es.pdf,AND,1990,IU,es,"Y no me resisto a citar un pasaje hermosísimo de P. Ingrao: Nosotros, Occidente, habíamos sojuzgado sanguinariamente tierras y gentes del sur en las Américas, en Asia, en África.",29
AND_1990_IU_es.pdf,AND,1990,IU,es,"Ahora estamos descubriendo que nosotros, Occidente, dependemos de los bosques de la Amazonia y del Sudoeste asiático para nuestra vida, por el aire que respiramos.",25
AND_1990_IU_es.pdf,AND,1990,IU,es,"Hablamos, por tanto, de un profundización de la democracia que nos lleva a una relación distinta entre el mercado, el estado y los ciudadanos.",24
AND_1990_IU_es.pdf,AND,1990,IU,es,No hablamos de reconocernos de forma masoquista en una Andalucía del siglo XXI ni de aislarnos de la imprescindible internacionalización de las soluciones.,23
AND_1990_IU_es.pdf,AND,1990,IU,es,"Y por eso proponemos un desarrollo de Andalucía en el seno de una estrategia de inserción activa en Europa, en esa Europa de las regiones en la que hoy ocupamos el antepenúltimo lugar.",33
AND_1990_IU_es.pdf,AND,1990,IU,es,"Para fundar esta estrategia de desarrollo solidario y nativo de Andalucía, planteamos la necesidad de constituir un bloque de progreso con los auténticos agentes transformadores de futuro: los trabajadores, las cooperativas, los pequeños y medianos empresarios y agricultores, los autónomos.",40
AND_1990_IU_es.pdf,AND,1990,IU,es,"Y con ello, los movimientos alternativos y las personas que se oponen a las distintas consecuencias del modelo actual.",19
AND_1990_IU_es.pdf,AND,1990,IU,es,"En la perspectiva de esta solución participativa, no tecnocrática, apostamos por una economía con un fuerte componente del sector público y del social.",23
AND_1990_IU_es.pdf,AND,1990,IU,es,"El mecanismo para hacer viable este proyecto no es otro que la PLANIFICACIÓN DEMOCRÁTICA, entendida más allá de la concertación cupular o de la planificación indicativa.",26
AND_1990_IU_es.pdf,AND,1990,IU,es,"Y como pieza básica de esta planificación, hablamos de un esquema basado en el Consejo Económico y Social, que no sólo debería constituirse a escala andaluza, sino que debería alcanzar los niveles provincial y comarcal, ya que el plan que concebimos debe representar una síntesis de los distintos niveles territoriales y sectoriales.",52
AND_1990_IU_es.pdf,AND,1990,IU,es,"Sin duda, en el horizonte de un Estado más equilibrado, es urgente poner en marcha la política de desarrollo económico endógeno, autocentrado, en cuya perspectiva cobra un especial relieve nuestro diseño de PACTO INSTITUCIONAL, en cuanto fórmula concreta para articular desde las entidades locales y el gobierno autonómico el poder político andaluz.",52
AND_1990_IU_es.pdf,AND,1990,IU,es,"Asimismo reafirmamos la necesidad de la Reforma Agraria Integral, como eje esencial de este plan de desarrollo alternativo, en cuyo esquema deben readecuarse el mercado de trabajo y las condiciones de vida del medio rural, acabando con la humillación permanente del neocasiquismo implantado por la política gubernamental.",47
AND_1990_IU_es.pdf,AND,1990,IU,es,"Para IU-CA, el PODER DE ANDALUCÍA, de sus hombres y mujeres, debe conducir, en definitiva, a una nueva fase histórica.",20
AND_1990_IU_es.pdf,AND,1990,IU,es,"Como punta de Comisiones Obreras de Andalucía IZQUIERDA UNIDA - CONVOCATORIA POR ANDALUCÍA lanza en la construcción de un nuevo Estado Federal, debemos integrar en este impulso ambicioso, pero nunca insolidario, el proyecto de superación de las estructuras de la dependencia y la desigualdad.",44
AND_1990_IU_es.pdf,AND,1990,IU,es,El -F de .,4
AND_1990_IU_es.pdf,AND,1990,IU,es,", hoy hace años, Andalucía conquistó la autonomía plena a través de la movilización y sobre claros contenidos de cambio.",20
AND_1990_IU_es.pdf,AND,1990,IU,es,"Las fuerzas de izquierda de aquella época confluimos en una voluntad común de alcanzar el máximo techo competencial, a través del artículo de la Constitución.",25
AND_1990_IU_es.pdf,AND,1990,IU,es,Y no se pedía una autonomía en abstracto.,8
AND_1990_IU_es.pdf,AND,1990,IU,es,Autonomía era lucha contra el paro.,6
AND_1990_IU_es.pdf,AND,1990,IU,es,Autonomía era plenitud en el ejercicio del Gobierno y en el ejercicio del Parlamento andaluz.,15
AND_1990_IU_es.pdf,AND,1990,IU,es,"Autonomía era el reencuentro con nuestra cultura de equilibrio, tolerancia y universalidad.",12
AND_1990_IU_es.pdf,AND,1990,IU,es,"Autonomía era también la lucha por un estado nuevo, en cuyo esquema jugara un papel diferente y donde no persistiese el esquema injusto de los desequilibrios y el estancamiento perenne del sur.",32
AND_1990_IU_es.pdf,AND,1990,IU,es,Ganó el PSOE las elecciones de .,7
AND_1990_IU_es.pdf,AND,1990,IU,es,Arrasó en Andalucía y a escala nacional.,7
AND_1990_IU_es.pdf,AND,1990,IU,es,Y el emblema que le sirvió de reclamo fue el del cambio y la honestidad.,15
AND_1990_IU_es.pdf,AND,1990,IU,es,"Sin embargo, a estas alturas, el dato cierto es otro: El PSOE se ha descolgado de aquella izquierda que alentó la fuerza innumerable del -F y ha dirigido sus acciones de gobierno y su mayoría parlamentaria en un sentido totalmente opuesto a los contenidos que unieron y movilizaron a los andaluces y andaluzas.",53
AND_1990_IU_es.pdf,AND,1990,IU,es,"Por tanto, que nadie intente vendernos la moneda falsa de que hemos llegado, de que ya se ha conseguido casi todo y estamos en el reino del orden y el progreso.",31
AND_1990_IU_es.pdf,AND,1990,IU,es,"Hay que seguir avanzando, y aquella unidad de las izquierdas es la que hoy representa IU-CA, como depositaria fundamental de todo lo que significó y sigue significando el -F. No hemos renunciado a ninguno de los objetivos que allí se acuñaron y estamos demostrando en la práctica que son legítimos, legales y alcanzables.",53
AND_1990_IU_es.pdf,AND,1990,IU,es,"Por eso hacemos un llamamiento firme, renovando la convocatoria a los andaluces y andaluzas para que se incorporen a esta tarea de renovación y de cambio.",26
AND_1990_IU_es.pdf,AND,1990,IU,es,"Relanzamos esta convocatoria desde la necesidad de agrupar a incontables ciudadanos, hombres y mujeres, que no comparten el curso de los acontecimientos y que, como nosotros, sienten el entusiasmo de saber que es posible modificar esta situación, que vale la pena apostar y organizarse.",44
AND_1990_IU_es.pdf,AND,1990,IU,es,Hoy Andalucía exige un nuevo impulso político que responda a su fuerza real.,13
AND_1990_IU_es.pdf,AND,1990,IU,es,Hoy Andalucía demanda un nuevo poder político que sepa representar sus aspiraciones ante el Gobierno de la Nación y en el seno de la Europa de las regiones.,28
AND_1990_IU_es.pdf,AND,1990,IU,es,"A este compromiso convocamos a todos los hombres y mujeres, a todos los que saben que la historia la hacen los pueblos y que, por tanto, las elecciones las ganan o las pierden los ciudadanos.",35
AND_1990_IU_es.pdf,AND,1990,IU,es,Candidato de IU-CA a la Presidencia de la Junta de Andalucía Comisiones Obreras de Andalucía .,16
AND_1990_IU_es.pdf,AND,1990,IU,es,Una feminista no debe dejarse engañar por ningún tipo de mixtificación o ilusión del poder masculino.,16
AND_1990_IU_es.pdf,AND,1990,IU,es,"A necesidad de una revolución feminista, es algo totalmente distinto y superado, de las necesidades de mejores condiciones de trabajo, de mayores libertades formales, etc. que pueden satisfacer dentro del orden existente.",32
AND_1990_IU_es.pdf,AND,1990,IU,es,"El sistema patriarcal capitalista avalado, por sus ya estructurales alianzas con lo más fundamentalista de las socialdemocracias, logra canalizar los antagonismos de tal modo, que les permita manipularnos, para asimilarlos, para tanto social como políticamente, quebrar nuestro carácter de agentes del cambio histórico.",43
AND_1990_IU_es.pdf,AND,1990,IU,es,"Lo que aún, hoy, tiene consideración de privilegios masculinos mañana se convertirán en la barbarie de la civilización.",18
AND_1990_IU_es.pdf,AND,1990,IU,es,"Frente a un mundo construido en masculino: política, cultura, modos cotidianos, lenguaje, organización del trabajo, producción, consumo, estatutos sociales, etc. se abre camino la variable-mujer-en lucha no sólo por la igualdad, sino fundamentalmente por la diversidad, que es una nueva conciencia, un modo de ser individual y colectivo, que hay que afirmar en todos y cada uno de los campos, para las transformaciones, frente a las parcialidades.",67
AND_1990_IU_es.pdf,AND,1990,IU,es,"Comisiones Obreras de Andalucía IZQUIERDA UNIDA - CONVOCATORIA POR ANDALUCÍA Hacer de IU-CA, un proyecto estratégico no sexista, en lucha contra un modelo patriarcal capitalista, hacer un proyecto liberado con características de movimiento político-social, con vocación articuladora en lo político, participativas y de autogobierno, que concibe a las mujeres no como aliadas sino como sujetos activos del proceso de transformación andaluz.",61
AND_1990_IU_es.pdf,AND,1990,IU,es,"IU-CA como proyecto mixto y alternativo, aboga por una concepción global y superadora del Estado, del modelo de sociedad, y del ejercicio del poder masculino.",25
AND_1990_IU_es.pdf,AND,1990,IU,es,"Por ello la victoria como resolución de las múltiples y combinadas dominaciones, estará en el campo que las mujeres adopten en el gran movimiento social.",25
AND_1990_IU_es.pdf,AND,1990,IU,es,"El modo de producción andaluz, necesita para funcionar del sistema patriarcal, como estructura sexual jerarquizada, que le proporciona el control y el orden para la defensa de las ganancias: Reproducción fuerza de trabajo, trabajo doméstico, ejército de reserva en el mercado de trabajo, articulación del consumo familiar, división sexual del trabajo productivo, etc.",53
AND_1990_IU_es.pdf,AND,1990,IU,es,"El sexo, actúa en las sociedades del patriarcalismo capitalista, como la andaluza, como un factor de discriminación en todos los ámbitos, pero también en el económico, situando a las mujeres, en condiciones de vulnerabilidad, abocadas a una super-representación en todos los tipos de pobres.",44
AND_1990_IU_es.pdf,AND,1990,IU,es,"La pobreza, resulta en un porcentaje altamente considerable, de la incidencia de un factor sobrevenido (enfermedad, paro, divorcio, etc.), sobre una discriminación estructural, en razón del sexo, además de la clausura Los sistemas sociales parten de que la familia es la unidad de estatus en la que todos los miembros disponen de una cuota igual de recursos y posibilidades.",59
AND_1990_IU_es.pdf,AND,1990,IU,es,"La mujer sólo aparece individualizada, cuando la unidad familiar se rompe (madres solteras, viudas, separadas, etc.).",16
AND_1990_IU_es.pdf,AND,1990,IU,es,"De aquí que los indicadores presenten la pobreza, primero ligada a las mujeres y segundo fuertemente ligada al estatuto de familia monoparetal.",22
AND_1990_IU_es.pdf,AND,1990,IU,es,"El sexismo imperante, es uno de los más fuertes pilares de dominación que emplea el sistema, y frente a este modo opresivo que necesita de uniformidad y la gradación de los ciudadanos, las mujeres reivindicamos el derecho a ser iguales, paralelamente al derecho a ser diferentes.",46
AND_1990_IU_es.pdf,AND,1990,IU,es,"Desde la constatación de las debilidades y las posibilidades del capitalismo tardío en Andalucía, no es posible decir ya, que el feminismo es tranquilizable ó mejor dicho, resuelto por el camino.",31
AND_1990_IU_es.pdf,AND,1990,IU,es,"El feminismo en esta etapa, sólo es satisfecho en sus reivindicaciones por la superación de este sistema patriarcal-capitalista y la configuración de una nueva sociedad.",25
AND_1990_IU_es.pdf,AND,1990,IU,es,"La revolución de las mujeres andaluzas, en este momento, no ha recorrido ni la mitad del camino.",17
AND_1990_IU_es.pdf,AND,1990,IU,es,"Las feministas, no somos hombres sin privilegios masculinos, igual que el obrero no es capitalista sin capital, pero constatamos como dichos privilegios masculinos, quedan siempre al margen de toda transformación o cambio.",32
AND_1990_IU_es.pdf,AND,1990,IU,es,"Es necesario incorporar al feminismo, como un método de análisis que facilite la desaparición del antagonismo entre lo público y lo privado.",22
AND_1990_IU_es.pdf,AND,1990,IU,es,El feminismo aporta al nuevo Bloque de Izquierdas la estrategia y los elementos que permitirán desterrar el poder patriarcal de la nueva estructura social y para ello hace falta situar el feminismo en el centro de la transformación social.,39
AND_1990_IU_es.pdf,AND,1990,IU,es,"Comisiones Obreras de Andalucía IZQUIERDA UNIDA - CONVOCATORIA POR ANDALUCÍA Las feministas, en IU-CA, participamos de la concepción, de que no debe ser el ejercicio del poder patrimonio del género masculino, pues este modo sexista de hacer política lo convierte en parte del Estado ampliado.",45
AND_1990_IU_es.pdf,AND,1990,IU,es,"La transformación del mundo no significa sustituir un sistema de dominio por otro, sino un nuevo estadio de civilización no masculino y para eso hace falta un instrumento mixto, que evite que los derechos de ciudadanía del género masculino se realicen en base y a costa del género femenino.",49
AND_1990_IU_es.pdf,AND,1990,IU,es,"Por ello es necesario la utilización de estrategias de acción positiva que superen el concepto-mujer como elemento subalterno, porque hay la emancipación mixta es una necesidad absoluta, no relativa.",29
AND_1990_IU_es.pdf,AND,1990,IU,es,"Pero las mujeres necesitamos espacios de visibilidad política, institucional y orgánica, para comunicarnos con las mujeres, sin sistemas intermedios.",19
AND_1990_IU_es.pdf,AND,1990,IU,es,"Somos conscientes del conflicto histórico que arrastra las irrupciones de las mujeres en el ámbito del poder, en el mundo de lo público, revelando los límites y las insuficiencias de una cultura masculina.",33
AND_1990_IU_es.pdf,AND,1990,IU,es,"Pero nosotras, las feministas, estamos empeñadas en resolverlo por la vía de la corresponsabilidad política.",15
AND_1990_IU_es.pdf,AND,1990,IU,es,Miles y miles de mujeres no habrán sido nunca libres si no hubiera sido por la acción del feminismo.,19
AND_1990_IU_es.pdf,AND,1990,IU,es,"Por esta, entre otras razones, las feministas estamos firmemente comprometidas con IU-CA, para cambiar Andalucía, para transformar la globalidad de nuestra sociedad.",22
AND_1990_IU_es.pdf,AND,1990,IU,es,"Desde los planteamientos de IU-CA hay que empezar diciendo que cualquier actuación en el marco de las Instituciones y más concretamente en el ámbito andaluz, debe estar sustentada como un elemento circunstancial y prioritario dentro de nuestro proyecto en uno de sus pilares fundamentales cual es el de la Igualdad de sexos y por consiguiente, la política programática a realizar en las distintas áreas debe incorporarlo como propio y en ningún caso como añadido.",74
AND_1990_IU_es.pdf,AND,1990,IU,es,"Partiendo pues de este elemento básico para nuestro proyecto y entendiendo lo que de cualitativo tiene desde IU-CA planteamos de forma prioritaria la creación de esta Consejería, que formaría, lógicamente, parte del Consejo de Gobierno, ya que sin ello sería imposible dar respuesta a los esfuerzos, reivindicaciones y problemas que tienen las mujeres andaluzas.",54
AND_1990_IU_es.pdf,AND,1990,IU,es,"A partir de la Consejería de la Mujer, la capacidad de aglutinar y movilizar a las mujeres por sus reivindicaciones crecería enormemente, a la vez, que la posibilidad de dar respuesta, analizar y cumplimentar con un mínimo control los distintos programas de mujer.",43
AND_1990_IU_es.pdf,AND,1990,IU,es,"Para que esto se lleve a cabo son necesarias las siguientes medidas: - Dotación presupuestaria suficiente para el PIONS - Creación del Consejo de la Mujer, con la participación de las asociaciones feministas para: ) Evaluar la gestión institucional ) Proponer las iniciativas correspondientes para la consecución de proyectos efectivos ) Crear una Comisión de seguimiento para evaluar y controlar el PIOM ) Fomentar las Asociaciones feministas - Dotación de infraestructuras u locales institucionales, con el apoyo político y financiero necesario para impulsar y desarrollar el Asociacionismo feminista.",88
AND_1990_IU_es.pdf,AND,1990,IU,es,La influencia y el desarrollo del AS.,7
AND_1990_IU_es.pdf,AND,1990,IU,es,femenino es determinante a la base de llevar a cabo una política encaminada en la transformación de esta sociedad en otra más igualitaria.,23
AND_1990_IU_es.pdf,AND,1990,IU,es,"Comisiones Obreras de Andalucía IZQUIERDA UNIDA - CONVOCATORIA POR ANDALUCÍA Junto a lo expuesto también hemos de plantearnos ir más allá, en el sentido de que no bastaría crear la Consejería de la Mujer, solamente, sino que a la citada Consejería habría que dotarla de medios necesarios suficientes para que garantice no sólo la planificación política propia, sino para irradiar al resto de las Consejerías en la planificación y ejecución de sus políticas.",73
AND_1990_IU_es.pdf,AND,1990,IU,es,"No obstante, ha de irse más allá en los instrumentos necesarios para practicar la política desde una perspectiva global, no parcelada y coordinada entre las áreas existentes y es: la creación de unidades administrativas en cada Consejería, que formando parte del entramado administrativo y por consiguiente, entramadas en el funcionamiento cotidiano, posibiliten la coordinación de las políticas dirigidas a la mujer en los distintos ámbitos, las hagan, por tanto, más rentables en su proyección a la sociedad (tengan un hilo conductor común y sustentado en un principio político-programático).",88
AND_1990_IU_es.pdf,AND,1990,IU,es,"Estas unidades estarán dotadas de medios suficientes, tanto personales como materiales para llevar a cabo su objetivo.",17
AND_1990_IU_es.pdf,AND,1990,IU,es,Desde IU-CA hemos optado por la supresión de la política de subvenciones actual y apostado en materia de subvenciones por la configuración de un reglamento común a todo el Consejo de Gobierno que regule los aspectos en materia de subvenciones.,40
AND_1990_IU_es.pdf,AND,1990,IU,es,"Ello sustentado en un planteamiento político y programático diferente al tratamiento que en la actualidad se le está dando a la problemática-mujer, vía subvención.",24
AND_1990_IU_es.pdf,AND,1990,IU,es,"Ni el Instituto de la Mujer, ni el Ministerio de Asuntos Sociales, ni por tanto el Gobierno, han sido capaces de dar soluciones a la problemática existente.",27
AND_1990_IU_es.pdf,AND,1990,IU,es,"a la hora de plantear los distintos programas, apostamos por el Ministerio de la Mujer, a la hora de presentar el programa de nuestra C.A. apostamos por la Consejería y en un futuro inmediato cuando desarrollemos nuestras propuestas para los ámbitos locales, dentro del principio de respecto y autonomía de cada una de las Administraciones, pero con el objetivo claro de coordinarlas y encardinarlas para su mejor acción y por consiguiente, mejor rentabilización de sus actuaciones hacia la sociedad.",79
AND_1990_IU_es.pdf,AND,1990,IU,es,"Propiciaremos y desarrollaremos la creación de la Concejalía -mujer y los Consejos locales para acometer la problemática en el ámbito local, y todo ello porque desde IU-CA propugnaremos nuestras propuestas políticas y programáticas dentro de una concepción del Estado, cual es el Estado federal.",44
AND_1990_IU_es.pdf,AND,1990,IU,es,"En coherencia con lo anteriormente expuesto, definimos una organización que fomente estructuras comarcales, abiertas y flexibles que sean un espacio de participación, de solución, de planificación para el conjunto de las mujeres de Andalucía, para sus organizaciones y colectivos; que trabajarían en algunos de sus aspectos de coordinación con los Municipios de las respectivas estructuras comarcales, sustrayendo así a las Diputaciones Provinciales el papel predominante que en la actualidad tienen.",70
AND_1990_IU_es.pdf,AND,1990,IU,es,"Y ello porque sustentamos nuestra propuesta en lo que es la estructura natural y la proximidad a las ciudadanas y ciudadanos de los entes a crear para que existan unas posibilidades objetivas de participación y un crecimiento mucho más detallado de los problemas, que permita combinando ambos factores, soluciones eficaces.",50
AND_1990_IU_es.pdf,AND,1990,IU,es,"Todas las propuestas aquí formuladas, explicitan unos planteamientos programáticos concretos a los que le son inherente un elemento básico definidor de la política de IU-CA: la participación.",27
AND_1990_IU_es.pdf,AND,1990,IU,es,"Participación que en lo que respecta a la problemática-mujer ha de concretarse inexcusablemente en la planificación política que desde la Consejería de la Mujer se ralice y desde las distintas Unidades Administrativas se propongan tienen que ser el producto de la participación de organizaciones y colectivos de mujeres en nuestra C.A. Y por otra parte, desde los entes que se proponen de carácter institucional y administrativo no sólo se propicie la participación, sino que se fomente la articulación y la participación desde una perspectiva plural, abierta y transformadora, que garantice como elemento esencial el cambio cualitativo de las mujeres andaluzas.",100
AND_1990_IU_es.pdf,AND,1990,IU,es,"A lo largo de este programa de gobierno, en sus distintas alternativas sectoriales, la apuesta feminista de IU-CA queda plasmada desde una visión integrada que garantiza por tanto un compromiso de todo el conjunto en llevar a cabo un auténtico cambio en la forma de hacer política, en el que destaca como principio y objetivo hacer realidad la igualdad entre hombres y mujeres en el protagonismo de la vida cotidiana y de las instituciones.",74
AND_1990_IU_es.pdf,AND,1990,IU,es,"Comisiones Obreras de Andalucía Comisiones Obreras de Andalucía ANDALUCÍA ANTE LA CRISIS ANDALUCÍA, por sus peculiaridades sociales, económicas e históricas, y su desigual incorporación al Estado, está padeciendo de una forma específica la relectura de dicho modelo de Estado, y las tensiones que la incorporación casi simultánea a la Comunidad Económica Europea y la adhesión al Acta Única están generando en la economía española.",64
AND_1990_IU_es.pdf,AND,1990,IU,es,"Los niveles de renta y paro, el diferencial con la media española y europea, las infraestructuras o los servicios públicos, lejos del triunfalismo al uso, nos hacen pensar que nos encontramos ante una grave discriminación territorial, tanto en el ámbito externo como en el intrarregional.",45
AND_1990_IU_es.pdf,AND,1990,IU,es,"Por otra parte, no podemos olvidar que el sistema económico internacional se encuentra en un momento de grandes transformaciones y en una crisis que se arrastra desde los años .",30
AND_1990_IU_es.pdf,AND,1990,IU,es,"Para los pueblos y regiones menos desarrolladas de Europa, esta crisis supone la desaparición de la tradicional salida de la inmigración y el recorte generalizado en las políticas sociales y redistributivas.",31
AND_1990_IU_es.pdf,AND,1990,IU,es,"Las grandes transformaciones se reflejan sobre todo en la internacionalización del capital, en la recolocación de actividades productivas, en la gran movilidad del capital transnacional y en la intensificación de la especialización en aquellos sectores que presentan ventajas comparativas para dicho capital.",42
AND_1990_IU_es.pdf,AND,1990,IU,es,"Esa intensificación tiene, para regiones subdesarrolladas como Andalucía, efectos directos en el dualismo y la desarticulación interna.",17
AND_1990_IU_es.pdf,AND,1990,IU,es,"Comisiones Obreras de Andalucía IZQUIERDA UNIDA - CONVOCATORIA POR ANDALUCÍA ANDALUCÍA ANTE LA CRISIS Las cifras macroeconómicas nos presentan un crecimiento de la economía andaluza basado fundamentalmente en los buenos años agrícolas y en el auge del sector de la construcción, debido a la inversión pública y a la llegada del capital extranjero y al blanqueo de dinero negro en el sector inmobiliario.",63
AND_1990_IU_es.pdf,AND,1990,IU,es,"En este sentido es de destacar la penetración en sectores claves de nuestra economía, como la alimentación, el turismo o los equipamientos.",22
AND_1990_IU_es.pdf,AND,1990,IU,es,"Nos encontramos, pues, ante un modelo de crecimiento económico que se sustenta en el capital financiero y las multinacionales, así como el capital especulativo, que, sin elementos de control ni de regulación evidentes y en ausencia de un desarrollo real del potencial endógeno con carácter decisorio, se asienta en nuestro territorio en aquellos sectores más rentables, de los que extrae las ganancias para incorporarlas a sus circuitos sectoriales.",68
AND_1990_IU_es.pdf,AND,1990,IU,es,"Esta dinámica sitúa a Andalucía en un papel de dependencia en los servicios y en la producción que, en ausencia de una capacidad propia de decisión y planificación, conlleva el aumento de las diferencias internas y la marginación de amplios sectores sociales y territorios.",44
AND_1990_IU_es.pdf,AND,1990,IU,es,"En consecuencia, al escaso desarrollo de las infraestructuras a su dependencia energética a su falta de iniciativa económica por las peculiaridades de su burguesía, vienen a sumarse una mayor dependencia tecnológica, un desmantelamiento progresivo del tejido industrial y un debilitamiento cada vez mayor del papel de los sectores más sociales de la economía, como las Pequeñas y Medianas empresas, las Cooperativas y los autónomos de la industria, del campo de los servicios.",72
AND_1990_IU_es.pdf,AND,1990,IU,es,"En este mapa político, que abarca al conjunto del Estado, el papel de los Sindicatos de clase y de las fuerzas sociales de progreso suponen un obstáculo, por lo que desde distintos ámbitos de poder, se plantea insistentemente el reubicarlos en áreas marginales, de gestión o de resistencialismo que no supongan influencia o alternativas que alteren los aspectos cualitativos de tal diseño.",62
AND_1990_IU_es.pdf,AND,1990,IU,es,"Sin embargo, no podemos obviar en un análisis de la realidad los aspectos detectados subjetiva y objetivamente como mejoras de la situación o del progreso por parte de la población.",30
AND_1990_IU_es.pdf,AND,1990,IU,es,"No cabe duda, en primer lugar, que sobre situaciones tercermundistas como las existentes en Andalucía hace diez años -algunas de las cuales aún perduran- mejoras parciales en sus equipamientos, servicios o asistencia a sectores desprotegidos son interpretados como avances sociales cualitativamente importantes.",42
AND_1990_IU_es.pdf,AND,1990,IU,es,"Junto a ello, el crecimiento económico ha generado un incremento de la renta en determinados sectores visualizada, en conjunto, como mejoras en el nivel de vida, aunque referenciadas sobre todo en el acceso a bienes de consumo.",37
AND_1990_IU_es.pdf,AND,1990,IU,es,"No obstante, este crecimiento, aparte del tensionamiento de lo especulativo frente a lo productivo es débil e insuficiente.",18
AND_1990_IU_es.pdf,AND,1990,IU,es,Es débil porque o bien descansa en actividades muy coyunturales o bien está sujeto a lo imprevisible de la meteorología.,20
AND_1990_IU_es.pdf,AND,1990,IU,es,"Fiar todo al tirón del , al turismo o a la determinada inversión pública, nos obliga a despertarnos ante el reajuste o enfriamiento económico, o ante el descenso turístico debido tanto a similares causas exógenas, como al deterioro de nuestra oferta global, donde no es pequeña la degradación medioambiental por las mismas promotoras urbanísticas.",54
AND_1990_IU_es.pdf,AND,1990,IU,es,Comisiones Obreras de Andalucía IZQUIERDA UNIDA - CONVOCATORIA POR ANDALUCÍA ANDALUCÍA ANTE LA CRISIS Y es insuficiente porque nuestras diferencias con el resto de España incluso en algunos casos están aumentando: Según los datos definitivos de la Encuesta de Población Activa (EPA) de .,44
AND_1990_IU_es.pdf,AND,1990,IU,es,", mientras la media nacional de paro se colocaba en el ', Andalucía mantiene un nivel de paro diez puntos por encima del resto de España.",26
AND_1990_IU_es.pdf,AND,1990,IU,es,"La situación sociolaboral de las mujeres ha dado un cierto giro en estos últimos años, pero en un camino donde la mujer andaluza no ha pisado tan sólo los primeros peldaños, además que se ha caracterizado por una mayor precarización del trabajo, una inestabilidad mayor en el empleo y un aumento de la incorporación del mercado laboral subterráneo.",58
AND_1990_IU_es.pdf,AND,1990,IU,es,La población femenina andaluza es algo más del de la población que equivale aproximadamente a un ' de la población femenina del resto del estado.,25
AND_1990_IU_es.pdf,AND,1990,IU,es,"El número de paradas en Andalucía, por tanto, se ha incrementado.",11
AND_1990_IU_es.pdf,AND,1990,IU,es,Esta cifra en términos absolutos equivale a un incremento del ' en tan sólo tres años y medio.,18
AND_1990_IU_es.pdf,AND,1990,IU,es,En Andalucía la cifra de mujeres activas arroja una tasa de actividad del orden del sobre el total de la población femenina de y más años.,26
AND_1990_IU_es.pdf,AND,1990,IU,es,"La tasa de actividad femenina crece en puntos porcentuales, pese al gran crecimiento experimentado, Andalucía sigue teniendo la menor tasa de actividad femenina en todas las comunidades autónomas.",28
AND_1990_IU_es.pdf,AND,1990,IU,es,"La tasa de paro de mujeres alcanza ya casi más del de la población activa, tan sólo Extremadura tiene una tasa más baja que la andaluza.",26
AND_1990_IU_es.pdf,AND,1990,IU,es,La tasa de paro ha aumentado en Andalucía incluso en épocas de crecimiento económico.,14
AND_1990_IU_es.pdf,AND,1990,IU,es,"Significativo es ver la diferencia porcentual entre la tasa de actividad de las mujeres casadas, que se sitúa en el ', frente a las mujeres solteras situado en un '.",30
AND_1990_IU_es.pdf,AND,1990,IU,es,"Así, el Producto Interior Bruto andaluz, creció porcentualmente casi dos puntos por encima de la media nacional, sin embargo este crecimiento no es suficiente, ya que cada año que pasa, y a pesar de ello, la producción andaluza representa un porcentaje menor dentro de la producción nacional.",47
AND_1990_IU_es.pdf,AND,1990,IU,es,"Si a esa cifra oficial del , de paro, sumamos el , de empleo temporal, (en su mayoría precario, y unas cifras de economía sumergida no incluidas a las iniciales cifras de paro), se llega a la terrible conclusión de que aproximadamente las dos terceras partes del potencial activo andaluz se encuentran entre el paro, los contratos en precario o la economía sumergida.",63
AND_1990_IU_es.pdf,AND,1990,IU,es,"Las consecuencias sociales y laborales de este modelo de crecimiento inciden, en primer lugar, en el mercado laboral.",18
AND_1990_IU_es.pdf,AND,1990,IU,es,"Mediante los mecanismos de precarización del empleo, van condicionando unas relaciones en las que la eventualidad y el miedo al paro permiten una sobreexplotación cada vez mayor, un incremento de la siniestrabilidad laboral y un descenso de la afiliación sindical.",40
AND_1990_IU_es.pdf,AND,1990,IU,es,Ello comporta una proliferación de la economía sumergida que disgrega aún más las relaciones en el mercado de trabajo y propicia actitudes individuales y competitivas en sus aspectos más proclives a las corruptelas.,33
AND_1990_IU_es.pdf,AND,1990,IU,es,"Junto a esto, la población subsidiaria -una parte de la cual participa en los circuitos de la economía sumergida y la contratación ilegal, para buscar mayores ingresos que los escasos que perciben- ve amortiguada sus potencialidades reivindicativas.",37
AND_1990_IU_es.pdf,AND,1990,IU,es,"Esto es particularmente evidente en el mundo rural, en el que la consecución de las sesenta peonadas y la participación en las subvenciones del PER, sitúa a la mayoría de los jornaleros ante un claro chantaje en el van claudicando para asegurarse el subsidio, mediante la acreditación Comisiones Obreras de Andalucía IZQUIERDA UNIDA - CONVOCATORIA POR ANDALUCÍA ANDALUCÍA ANTE LA CRISIS muchas veces fraudulenta de tal requisito y en el que son cómplices muchos propietarios agrícolas y sus capataces que, en ocasiones obtienen beneficios por ello.",86
AND_1990_IU_es.pdf,AND,1990,IU,es,"Este sistema ha permitido a un gran número de personas, que no son ni han sido jornaleros y que no tienen el más mínimo interés en realizar trabajo alguno, el acceso a estos subsidios que perciben vía bancaria sin comparecer en ningún sitio para justificar su situación real.",48
AND_1990_IU_es.pdf,AND,1990,IU,es,"La situación de la mujer jornalera no escapa, ni mucho menos de la situación general en el que el conjunto de mujeres trabajadoras de otros sectores de la producción se encuentran.",31
AND_1990_IU_es.pdf,AND,1990,IU,es,"Sus principales características son: El ' de las mujeres agrícolas tienen contratos de duración limitada El mayor tanto por ciento de mujeres en el sector agrícola creen insuficiente su salario En todo este entramado de la precaria situación del trabajo que sufren las trabajadoras agrícolas se le viene a añadir, como señalamos antes, una cierta discriminación en cubierto en cuanto a la percepción en la cobertura de la Seguridad Social en el Régimen Especial Agrícola (REA).",76
AND_1990_IU_es.pdf,AND,1990,IU,es,Además persisten convenios agrícolas que reflejan una discriminación de hecho en la percepción del salario.,15
AND_1990_IU_es.pdf,AND,1990,IU,es,"En este contexto de desarticulación del mercado de trabajo, de falta de control de las relaciones laborales y de facilidades para quienes se dedican a la especulación, hacen su agosto los intermediarios y los inversores de dinero negro.",38
AND_1990_IU_es.pdf,AND,1990,IU,es,"Mientras, las capas marginales de las barriadas periféricas, de los núcleos urbanos y rurales con menos perspectivas, van en aumento.",20
AND_1990_IU_es.pdf,AND,1990,IU,es,"Las bolsas de pobreza, las cifras de marginados, de drogodependientes de todo tipo, expresan los niveles de desigualdad existentes, que se van incrementando paradójicamente a medida que las cifras macroeconómicas dan más optimismo a los beneficiarios de la crisis.",39
AND_1990_IU_es.pdf,AND,1990,IU,es,"Las actitudes ante estos problemas van desde quienes reflexionan sobre el tipo de sociedad que se va generando a quienes responden desde la óptica individual a los síntomas de este problema, con exigencias autoritarias de más puro corte conservador.",39
AND_1990_IU_es.pdf,AND,1990,IU,es,"Siendo esta opción la que va ganando terreno, cuando se habla de la inseguridad ciudadana.",15
AND_1990_IU_es.pdf,AND,1990,IU,es,El modo de vida que se va consolidando se asienta cada vez más sobre las pautas del consumismo y la inmediatez del presente.,23
AND_1990_IU_es.pdf,AND,1990,IU,es,"La falta de perspectivas de futuro y el secuestro de la memoria histórica dejan a las personas como seres inscritos en el presente, a la búsqueda de las satisfacciones concretas del momento que le ofrece la sociedad de consumo, desconfiados, cuando no indiferentes a los proyectos de futuro y a las alternativas que supongan cambios profundos del sistema.",58
AND_1990_IU_es.pdf,AND,1990,IU,es,"Escépticos a la implicación colectiva, apáticos a la participación.",9
AND_1990_IU_es.pdf,AND,1990,IU,es,"Más proclives a la compartimentación y a la especialización que a la globalización, más influidos por los esquemas tecnocráticos que humanísticos.",21
AND_1990_IU_es.pdf,AND,1990,IU,es,La puesta en marcha de la empresa pública de la RTVA supone la mayor inversión y el proyecto cultural más ambicioso de Andalucía.,23
AND_1990_IU_es.pdf,AND,1990,IU,es,"No obstante, la gestión despilfarradora de esta empresa y la carencia de un proyecto de progreso, han impedido el cumplimiento de sus objetivos entre ellos la articulación cultural y territorial de los andaluces.",33
AND_1990_IU_es.pdf,AND,1990,IU,es,"Frente a las posibilidades que estos medios ofrecen de promoción cultural, crecimiento de un mercado audiovisual propio y conocimiento de la realidad, la RTVA no ha aportado nada nuevo al panorama cultural y comunicacional.",34
AND_1990_IU_es.pdf,AND,1990,IU,es,Seriales y folklorismo se alternan con la dependencia hacia el mercado audiovisual norteamericano.,13
AND_1990_IU_es.pdf,AND,1990,IU,es,"Así, lo que nació para ser reflejo de otra realidad, la andaluza, se convierte en exhibición de los tópicos acuñados sobre Andalucía y desde fuera de Andalucía.",27
AND_1990_IU_es.pdf,AND,1990,IU,es,"Comisiones Obreras de Andalucía IZQUIERDA UNIDA - CONVOCATORIA POR ANDALUCÍA ANDALUCÍA ANTE LA CRISIS Y esto, en contraste con el peso del atraso cultural existente, las elevadas tasas de analfabetos reales y funcionales que se dan en Andalucía.",38
AND_1990_IU_es.pdf,AND,1990,IU,es,La falta de equipamientos e infraestructuras culturales junto al modelo consumista de vivir el ocio conforman un panorama en el que hegemonía cultural está cada vez más en manos de las opciones conservadoras y neoliberales.,35
AND_1990_IU_es.pdf,AND,1990,IU,es,"Todo ello sin olvidar que Andalucía posee uno de los bagajes culturales más importantes de Europa, en un contexto como el Mediterráneo que ha destacado históricamente en este aspecto.",29
AND_1990_IU_es.pdf,AND,1990,IU,es,"Un sector dinámico como el de los jóvenes, está inmerso, desde una visión crítica, escéptica y desconfiada, en un conjunto social del que espera poco y por el que apuesta poco, aunque sea para transformarlo.",35
AND_1990_IU_es.pdf,AND,1990,IU,es,La juventud es uno de los sectores sociales a los que la crisis económica azota con más fuerza.,18
AND_1990_IU_es.pdf,AND,1990,IU,es,La problemática de los jóvenes andaluces es más aguda aún que la del resto del Estado.,16
AND_1990_IU_es.pdf,AND,1990,IU,es,"El índice de paro juvenil es muy superior en Andalucía, así como la proporción de jóvenes analfabetos -tres veces mayor-, el fracaso escolar en EGB es un más elevado, el tanto por ciento de universitarios un inferior que el estatal.",40
AND_1990_IU_es.pdf,AND,1990,IU,es,El desempleo juvenil sigue siendo el problema de primer orden ya que los jóvenes son los últimos en entrar en el mercado de trabajo y los primeros en salir.,29
AND_1990_IU_es.pdf,AND,1990,IU,es,"Junto a esto, la educación, el acceso a una vivienda digna, el servicio militar, la objeción de conciencia, el sexismo, las drogodependencias, la marginación rural, etc., llevan consigo una dinámica excluyente del joven de los roles sociales, a la vez que se les incita continuamente al consumo más despiadado.",49
AND_1990_IU_es.pdf,AND,1990,IU,es,"Bajo esta realidad, planteamos la necesidad de una puesta en marcha de una propuesta integral que de manera enérgica aborde la problemática juvenil, partiendo de la base de que no habrá una propuesta transformadora de la realidad juvenil si esta no está enmarcada en un proyecto globalmente transformador.",48
AND_1990_IU_es.pdf,AND,1990,IU,es,"Junto al incremento de las desigualdades sociales, los desequilibrios territoriales existentes no vislumbran su superación en un esquema económico que se sustenta en el territorio para extraer las pluralías -asentándose por tanto en los lugares y sectores más rentables- e incorporarlas a sus circuitos propios y no precisamente a los territorios donde se ubican.",54
AND_1990_IU_es.pdf,AND,1990,IU,es,"Encuentran, pues, las mayores dificultades las iniciativas locales y comarcales de desarrollo que se ven abocadas al fracaso o por falta de apoyos económicos e infraestructuras o por la dura competencia de las grandes empresas y los obstáculos de todo tipo en la obtención de recursos financieros y en la proyección comercial.",52
AND_1990_IU_es.pdf,AND,1990,IU,es,"Estas empresas encuentran además el handicap de la falta de formación empresarial adecuada y, en definitiva, se encuentran ajenas a la planificación fáctica de la economía que se dirige desde otros ámbitos.",32
AND_1990_IU_es.pdf,AND,1990,IU,es,"En estas condiciones se ven obligadas a subsistir precariamente o a entregarse al modelo establecido por el poder, bien políticamente -recibiendo sustanciosas subvenciones-, bien económicamente, absorbidas por grandes empresas, configurando en ocasiones escaparates políticos del poder más que experiencias válidas y estables de otro modelo de desarrollo.",47
AND_1990_IU_es.pdf,AND,1990,IU,es,Las conocidas actuaciones preferentes para las comarcas más deprimidas han ido quedando en el cajón del olvido.,17
AND_1990_IU_es.pdf,AND,1990,IU,es,"Todavía estas comarcas presentan indicadores de subdesarrollo evidentes, en cuanto a niveles de renta, equipamientos, comunicaciones, tasas de analfabetismo, etc.",20
AND_1990_IU_es.pdf,AND,1990,IU,es,"Las grandes inversiones públicas y privadas han ido canalizándose hacia territorios prósperos como el litoral, Vega del Guadalquivir y algunas capitales de provincia.",23
AND_1990_IU_es.pdf,AND,1990,IU,es,"El Proyecto de Reforma Agraria, como posibilidad de mejorar las perspectivas del campo en Andalucía, quedó definitivamente sepultado.",18
AND_1990_IU_es.pdf,AND,1990,IU,es,"La política de transporte, de comunicaciones o de ferrocarril no está planteada desde una óptica equilibradora del territorio sino para consolidar Comisiones Obreras de Andalucía IZQUIERDA UNIDA - CONVOCATORIA POR ANDALUCÍA ANDALUCÍA ANTE LA CRISIS el esquema de crecimiento económico que es un círculo vicioso: a mayores posibilidades -más inversión-más rentabilidad-más infraestructura-más posibilidades.",53
AND_1990_IU_es.pdf,AND,1990,IU,es,"Con esto quedan progresivamente más distantes las comarcas deprimidas, aunque reciban asistencias económicas como subsidios, o de otro tipo, que no contribuyen a un despegue cualitativo de sus potencialidades de desarrollo.",31
AND_1990_IU_es.pdf,AND,1990,IU,es,"Quedan así postergadas las inversiones que faciliten la comunicación horizontal de Andalucía, las inversiones de la Estación de Córdoba, las redes arteriales de Málaga, Granada o Almería, dando paso a los proyectos como el TAV o el de Costa Doñana.",40
AND_1990_IU_es.pdf,AND,1990,IU,es,"En este conjunto de actuaciones que, desde el esquema económico, incrementan los desequilibrios, juegan un papel relevante los procesos especulativos que tienen particular incidencia en las propias ciudades donde, aceleradamente, sube de forma escandalosa el precio de la vivienda y el de los alquileres.",44
AND_1990_IU_es.pdf,AND,1990,IU,es,"El acceso a las viviendas, junto a las deficiencias de la mayoría de las actuales -construidas en el periodo desarrollista de los -, han configurado ciudades en cuyo casco urbano se dan barriadas marginales y residencias de lujo que van asentándose en enclaves propicios.",44
AND_1990_IU_es.pdf,AND,1990,IU,es,Resulta evidente la demanda social insatisfecha de viviendas.,8
AND_1990_IU_es.pdf,AND,1990,IU,es,La desigualdad y el desequilibrio se evidencian palpablemente y en multitud de ocasiones son avaladas por los propios Ayuntamientos y la Junta de Andalucía.,24
AND_1990_IU_es.pdf,AND,1990,IU,es,"Ejemplo de altas inversiones en espacios muy circunscritos y al margen de las necesidades de las barriadas periféricas es la Expo, que expresa, además de este contraste, un modelo de ordenación territorial y económico en coherencia con un sistema económico que da prioridad a sus inversiones en función de unos intereses que consolidan los desequilibrios.",55
AND_1990_IU_es.pdf,AND,1990,IU,es,El impacto que este modelo de crecimiento está teniendo en el medio ambiente es preocupante en el sentido más grave del término.,22
AND_1990_IU_es.pdf,AND,1990,IU,es,"La contaminación de las aguas superficiales y de los acuíferos por el creciente aumento de los residuos urbanos, de ciertas instalaciones industriales, falta de depuración de aguas residuales, y el uso creciente de fertilizantes y pesticidas en las áreas agrícolas han llegado a límites intolerables.",45
AND_1990_IU_es.pdf,AND,1990,IU,es,"La salinización de los acuíferos por su sobreexplotación y la contaminación del litoral por la desmedida especulación urbanística con un deterioro irreversible de las Costas, ponen en evidencia una falta de planificación y una preponderancia de los criterios económicos de capital especulativo sobre los intereses de la colectividad.",48
AND_1990_IU_es.pdf,AND,1990,IU,es,Operaciones como la de Costa Doñana o el modelo agresivo al medio decidido para el Tren de Alta Velocidad son fiel reflejo de este esquema.,25
AND_1990_IU_es.pdf,AND,1990,IU,es,"La desertización progresiva, la desforestación existente, la contaminación atmosférica o la ampliación del cementerio nuclear del Cabril son aspectos de la realidad medio ambiental andaluza que manifiestan claramente las consecuencias de la política económica existente y de la actitud del gobierno al respecto.",43
AND_1990_IU_es.pdf,AND,1990,IU,es,La degradación e ineficacia de los servicios públicos se hace patente como más fuerza cada día.,16
AND_1990_IU_es.pdf,AND,1990,IU,es,"Y no hablamos sólo de Correos, Telefónica, RENTFE o Iberia, sino especialmente de aquellos que son gestionados por nuestra Comunidad Autónoma.",21
AND_1990_IU_es.pdf,AND,1990,IU,es,Los servicios sanitarios han visto desbordadas sus posibilidades.,8
AND_1990_IU_es.pdf,AND,1990,IU,es,La insuficiencia presupuestaria y los intentos de recortes los han situado en condiciones precarias.,14
AND_1990_IU_es.pdf,AND,1990,IU,es,"La masificación de las consultas, de las urgencias o de las listas de espera y de los hospitales son el exponente de un aumento de la demanda que tiene sus causas en distintos procesos.",34
AND_1990_IU_es.pdf,AND,1990,IU,es,"Por un lado, perviven aún enfermedades derivadas de pésimas condiciones de vida o graves deficiencias de infraestructuras IZQUIERDA UNIDA - CONVOCATORIA POR ANDALUCÍA ANDALUCÍA ANTE LA CRISIS -brotes de poliomielitis, fiebres tifoideas y de malta, tuberculosis, lepra, etc.-.",38
AND_1990_IU_es.pdf,AND,1990,IU,es,"De otro, se incrementan las relacionadas con el paro y la crisis económica.",13
AND_1990_IU_es.pdf,AND,1990,IU,es,"Y junto a estas las propias de un país con cierto grado de desarrollo, sobre todo, las enfermedades crónicas, debiéndose constatar que estilos de vida saludables existentes en Andalucía, como la dieta mediterránea son aspectos que disminuyen, por ejemplo, las tasas de enfermedades cardiovasculares.",44
AND_1990_IU_es.pdf,AND,1990,IU,es,"El aumento de la demanda, elevado por la justa incorporación de amplios sectores que no tenían acceso al sistema sanitario público -que en Andalucía ronda el medio millón de personas- no se ha visto correspondido por un aumento proporcional de los recursos transferidos -mal transferidos, por cierto, con déficits incorporados de más de mil millones de pesetas-.",57
AND_1990_IU_es.pdf,AND,1990,IU,es,"La Reforma de la Atención Primaria estancada y desplazada por los criterios centralistas y burocráticos que impregnaron la creación del SAS; la no realizada integración de los Hospitales de la Red Pública en el SAS, con un IASAM independiente aún -a pesar del decreto que determinaba su integración a finales del - y un dispositivo paralelo en la atención a las drogodependencias; la falta de participación de las administraciones locales, los usuarios y trabajadores sanitarios son rasgos predominantes de la crítica al funcionamiento de estos servicios que no han superado -a pesar del esfuerzo de muchos profesionales- el papel puramente asistencialista para promover la salud, la prevención o los programas de salud que se han anunciado a bombo y platillo durante un lustro sin que se hayan extendido realmente a toda la población.",133
AND_1990_IU_es.pdf,AND,1990,IU,es,"Mientras tanto, van proliferando las inversiones en iniciativas privadas, auspiciadas por la propia actuación del Gobierno en su diseño económico general y fomentada por la propia degradación del sistema sanitario público.",31
AND_1990_IU_es.pdf,AND,1990,IU,es,"A pesar de esto es necesario resaltar que aún, en Andalucía, y de forma evidente, los servicios públicos tienen un papel hegemónico en el campo sanitario, y que, por tanto, con una política progresista, pueden recuperar su credibilidad y, en consecuencia, frenar los procesos privatizadores existentes.",46
AND_1990_IU_es.pdf,AND,1990,IU,es,"Si los servicios sanitarios parecen responder a una necesidad del sistema para amortiguar gran parte de los efectos que sobre la salud producen, los servicios educativos están inmersos en una crisis de identidad en su papel, incluso el meramente reproductor de conocimientos.",42
AND_1990_IU_es.pdf,AND,1990,IU,es,La problemática del fracaso escolar y de las EE.MM.,9
AND_1990_IU_es.pdf,AND,1990,IU,es,"y la Universidad los sitúa en la impotencia de abordar ni sus causas, que son fundamentalmente socioeconómicas y culturales, ni sus efectos.",22
AND_1990_IU_es.pdf,AND,1990,IU,es,"Los cambios tecnológicos, de relaciones sociales y del modo de producción; las nuevas perspectivas abiertas en las que, asentada la democracia como valor universal, se impone así mismo la era de la razón, como limitadora de procesos conflictivos con el medio, con los recursos energéticos o la explosión demográfica dan al saber, a la cultura, a las instituciones como la universidad un papel de primer orden.",66
AND_1990_IU_es.pdf,AND,1990,IU,es,"Se han introducido fuertes contradicciones en la utilidad del sistema educativo, pues no participa ni en la planificación ni en las previsiones futuras que se intuyen para la comunidad; han de ir tras los acontecimientos, cada vez más acelerados, adaptándose a los mismos de forma lenta por la burocratización y las inercias existentes.",53
AND_1990_IU_es.pdf,AND,1990,IU,es,"Junto a esto, la falta de equipamientos, las diferentes posibilidades de acceso según medio y lugar, el hecho de esta supeditados a unas prioridades de carácter secundario, los coloca en una insuficiencia presupuestaria con respecto a las necesidades del mundo de hoy.",42
AND_1990_IU_es.pdf,AND,1990,IU,es,La centralización y la falta de participación real son un lastre para acometer los cambios con más agilidad y adecuación a la realidad y a las perspectivas de futuro.,29
AND_1990_IU_es.pdf,AND,1990,IU,es,"Los servicios sociales comunitarios, de reciente desarrollo en el tiempo, por mucho que teóricamente se proclame, no logran superar en la práctica los criterios benéfico-asistenciales, ya que la mayoría de las veces están priorizados en función de la dinámica de marginalidad que los efectos de la crisis conllevan y, en consecuencia, son más de emergencia y de asistencia que de promoción y desarrollo integral, y son percibidos por la mayoría de los usuarios más como prestación o atención coyuntural que como derecho, siendo este, a veces, mal entendidos, con Comisiones Obreras de Andalucía ANDALUCÍA ANTE LA CRISIS IZQUIERDA UNIDA - CONVOCATORIA POR ANDALUCÍA significado ajeno a la propia responsabilidad en la idea de delegación de voluntades hacia las instituciones.",119
AND_1990_IU_es.pdf,AND,1990,IU,es,"Además de la insuficiencia de recursos, estos continúan descoordinados y no profundizan en la descentralización ni en la participación comunitarias.",20
AND_1990_IU_es.pdf,AND,1990,IU,es,"El papel de la iniciativa privada es de importancia: (, de hogares y clubs del pensionista; el de las residencias de la tercera edad; de los centros para minusválidos; de centros para transeuntes; de las guarderías infantiles; de los centros para menores).",42
AND_1990_IU_es.pdf,AND,1990,IU,es,Esto conlleva una dinámica entorno a las subvenciones y una confluencia de criterios dispares que se acrecientan por la falta de cauces participativos.,23
AND_1990_IU_es.pdf,AND,1990,IU,es,"Expresión de todo esto es la evolución del Plan Andaluz de Servicios Sociales que no llegó a debatirse en el Parlamento, hurtando así la participación de las distintas opciones en el mismo.",32
AND_1990_IU_es.pdf,AND,1990,IU,es,Desde la grandiosa manifestación por la autonomía del de Diciembre y el hito del de Febrero de .,18
AND_1990_IU_es.pdf,AND,1990,IU,es,", el desarrollo autonómico ha ido perdiendo pulso e identidad.",10
AND_1990_IU_es.pdf,AND,1990,IU,es,"La LOAPA, como expresión del pacto PSOE-AP, tras el intento de golpe del -F, vino a configurar una visión timorata del Título VIII de la Constitución.",26
AND_1990_IU_es.pdf,AND,1990,IU,es,"El Gobierno Borbolla, claudicante y mil veces humillado, a puesto de manifiesto el desprecio por el sentir y la apuesta que Andalucía planteó ante el Estado.",26
AND_1990_IU_es.pdf,AND,1990,IU,es,"En este contexto, no han sido pocas las iniciativas que han confirmado la visión centralista de estos gobernantes andaluces: la negociación en precario de las transferencias, la ausencia de papel en las negociaciones del Acta Unica, el abandono de la comarcalización, la negativa a la creación del Fondo de Cooperación Municipal y de exigir mayores recursos para las haciendas municipales, el silencio ante la ampliación del Cementerio Nuclear del Cabril, la ausencia de participación en los planes de Desarrollo Regional de la CEE, conforman un paquete suficiente para afirmar sin duda el desprecio al que aludíamos anteriormente.",97
AND_1990_IU_es.pdf,AND,1990,IU,es,"Un Estado que se hace más centralista, para facilitar el desarrollo de un determinado esquema económico que no necesita ni considera conveniente la descentralización en la planificación y en la toma de decisiones, se ve consolidado por un Gobierno Autónomo sin personalidad propia al que transfiere la crisis del Estado del Bienestar -reflejado en los presupuestos para servicios públicos-, pero que se reserva para sí los aspectos de mayor importancia económica como las políticas sectoriales, fiscales o monetarias.",78
AND_1990_IU_es.pdf,AND,1990,IU,es,"Desde esta concepción sobra, lógicamente, la participación de los agentes sociales, sindicatos, PYMES, asociaciones ciudadanas y vecinales de todo tipo en las tareas de gobiernos y centros de decisión en los distintos ámbitos.",33
AND_1990_IU_es.pdf,AND,1990,IU,es,"Por ello, este concepto de la participación ha ido quedando postergada, desincentivada, incluso anulada.",14
AND_1990_IU_es.pdf,AND,1990,IU,es,"No así en lo referente a otras instancias organizadas como la Confederación de Empresarios Andaluces, que han visto en múltiples ocasiones reafirmadas sus pretensiones y, por tanto, su capacidad de intervención directa en las decisiones del Gobierno Andaluz.",38
AND_1990_IU_es.pdf,AND,1990,IU,es,"La existencia de las bases militares en Andalucía, en un periodo de crisis internacional que está cuestionando la existencia de los bloques, debilitando la estrategia de la tensión y de los bloques militares aglutinando a más sectores por la paz y el desarme, continúa -y ahora más aún- siendo un contrasentido.",51
AND_1990_IU_es.pdf,AND,1990,IU,es,"La política de supeditación permanente a las directrices del imperio tiene su complicidad en todos los ámbitos institucionales -como el Gobierno Andaluz- cuando, aún no teniendo competencia estrictas para ello, ni siquiera se manifiesta opinión contraria a esta situación.",39
AND_1990_IU_es.pdf,AND,1990,IU,es,Las bases militares de Morón y Rota son la espina clavada en Andalucía del gran contrasentido que hoy significan los bloques militares.,22
AND_1990_IU_es.pdf,AND,1990,IU,es,Las IZQUIERDA UNIDA - CONVOCATORIA POR ANDALUCÍA ANDALUCÍA ANTE LA CRISIS perspectivas abiertas en Europa y en el mundo harán cada vez más factibles su desmantelamiento.,26
AND_1990_IU_es.pdf,AND,1990,IU,es,A nosotros corresponde el suscitar el más amplio apoyo social a esta propuesta.,13
AND_1990_IU_es.pdf,AND,1990,IU,es,"Finalmente, el desprestigio al que han llegado Instituciones Públicas y los Partidos Políticos merecen una seria y severa reflexión.",19
AND_1990_IU_es.pdf,AND,1990,IU,es,"El tráfico de influencias, las corruptelas, el nepotismo, el abuso de las mayorías absolutas, la opacidad en los mecanismos de distribución del poder, al acceso a la información privilegiada, la llegada de los nuevos ricos, ha despertado en la mayoría de los ciudadanos un nivel de desconfianza que se ha proyectado al sistema en su conjunto, implicando indiferencia a los mismos, cuando no desprecio.",64
AND_1990_IU_es.pdf,AND,1990,IU,es,"El franquismo sociológico residual, que partía del argumento de la perversidad intrínseca de la democracia y de los partidos, se ve respaldado por los ejemplos aludidos y por el propio sistema que prefiere una sociedad apática a una participativa, una dinámica electoralista y de marketing a una de organización y movilización social.",52
AND_1990_IU_es.pdf,AND,1990,IU,es,"Recuperar esa credibilidad pasa necesariamente por asumir la ética civil en todos los ámbitos, superar la separación entre las Instituciones y la sociedad, los partidos y la ciudadanía.",28
AND_1990_IU_es.pdf,AND,1990,IU,es,"Junto a todo lo anterior es de destacar la respuesta social, expresada de múltiples formas y protagonizadas por diversas instancias y organizaciones, a esta situación.",25
AND_1990_IU_es.pdf,AND,1990,IU,es,"La Huelga General del -D, las manifestaciones contra el Cementerio Nuclear del Cabril, las plataformas que surgen ante el deterioro del Parque Nacional de Doñana, las movilizaciones contra las bases militares de Morón y Rota, las distintas movilizaciones estudiantiles y del profesorado, son ejemplos relevantes de una realidad que nos muestra que la sociedad civil no está muerta ni dormida sino, antes al contrario, que emerge, con distintos ritmos y que permite apostar con esperanza clara hacia un cambio en la correlación de fuerzas y opiniones en Andalucía en un sentido democrático y de progreso.",95
AND_1990_IU_es.pdf,AND,1990,IU,es,"Frente a un mundo construido en masculino: política, cultura, modos cotidianos, lenguaje, organización del trabajo, producción, consumo, estatutos sociales, etc., se abre camino la variable-mujer-en lucha no sólo por la igualdad, sino fundamentalmente por la diversidad, que es una nueva conciencia, un modo de ser individual y colectivo, que hay que afirmar en todos y cada uno de los campos, para las transformaciones, frente a las parcialidades.",67
AND_1990_IU_es.pdf,AND,1990,IU,es,"Comisiones Obreras de Andalucía Por un desarrollo democrático de las instituciones y de la sociedad civil Comisiones Obreras de Andalucía EL programa de gobierno de IU-CA en planteaba la necesidad de reclamar desde Andalucía un Nuevo Modelo Autonómico basado en la plenitud del autogobierno, la solidaridad y la visión de globalidad de un nuevo Estado Español.",56
AND_1990_IU_es.pdf,AND,1990,IU,es,Cuatro años de experiencia autonómica desigual han evidenciado la necesidad de iniciar una nueva fase en la vertebración del estado: hacia el Estado Federal.,24
AND_1990_IU_es.pdf,AND,1990,IU,es,"El camino hacia el Estado Federal necesitará desarrollar al máximo las competencias que prevé la Constitución y el Estatuto para Andalucía, necesitará así mismo avanzar en la superación del techo competencial, vía de la Constitución Española.",36
AND_1990_IU_es.pdf,AND,1990,IU,es,"Es decir, desde Andalucía habrá que trabajar en una doble vía: desarrollo constitucional estatutario al máximo y concreción de un pacto federal que necesariamente pasará por la reforma de la actual Constitución.",32
AND_1990_IU_es.pdf,AND,1990,IU,es,"El Gobierno andaluz que presida IU-CA ha de ser consciente, por tanto, de la necesidad de articular y cohesionar las distintas instituciones andaluzas en el proyecto autonómico y federal que pretendemos así como abrir cauces a la participación popular en los diferentes niveles de la administración para conseguir la articulación y la participación de la sociedad civil.",57
AND_1990_IU_es.pdf,AND,1990,IU,es,Toma así el Gobierno y el Parlamento Andaluz una nueva dimensión.,11
AND_1990_IU_es.pdf,AND,1990,IU,es,"No sólo se trata, como hasta ahora, de gestionar en un sentido u otro, las transferencias presupuestarias -y su orientación política- que se hagan Comisiones Obreras de Andalucía IZQUIERDA UNIDA - CONVOCATORIA POR ANDALUCÍA desde el Gobierno Central.",38
AND_1990_IU_es.pdf,AND,1990,IU,es,Un Gobierno Andaluz presidido por IU-CA y un Parlamento con mayoría de progreso darían un impulso reivindicativo a las instituciones de Andalucía.,22
AND_1990_IU_es.pdf,AND,1990,IU,es,"Este impulso, además de formular otra política y otra forma de gobernar, permitirían la presencia activa de Andalucía en los ámbitos de decisión política que nos afectan directamente como la CEE y el Estado.",34
AND_1990_IU_es.pdf,AND,1990,IU,es,"La política comunitaria, cada vez más desde una perspectiva regional, no puede conseguirse sin el protagonismo real de todos los implicados.",21
AND_1990_IU_es.pdf,AND,1990,IU,es,"La Europa social ha de abrirse paso con la participación de las fuerzas sindicales y una concepción descentralizada de su desarrollo, actualmente dirigida desde los intereses económicos financieros y de las grandes empresas.",33
AND_1990_IU_es.pdf,AND,1990,IU,es,"El Parlamento Andaluz y su Gobierno intervendrán en las políticas estatales, reivindicando el desmantelamiento de las bases militares y exigiendo otro reparto presupuestario en el que tengan más peso los recursos para los servicios públicos como Educación y Sanidad, que en Andalucía mantienen indicadores de infraestructura por debajo de la media nacional.",52
AND_1990_IU_es.pdf,AND,1990,IU,es,"Recabaría las reformas legales que desde amplios sectores de la población andaluza se demandan, como un marco legislativo que fomente la reforma agraria que propugnamos, una nueva ley de interrupción voluntaria del embarazo que supere la actual por ineficaz, modificación de la ley del divorcio que no precise de la exigencia de separación previa, etc,etc.",55
AND_1990_IU_es.pdf,AND,1990,IU,es,El Gobierno autónomo presidido por IU-CA tendrá que reclamar y desarrollar para Andalucía cuantas competencias están todavía sin traspasar.,19
AND_1990_IU_es.pdf,AND,1990,IU,es,- Culminar el traspaso de algunas competencias como las de Justicia e Instituciones Penitenciarias.,14
AND_1990_IU_es.pdf,AND,1990,IU,es,"- Activación de las vías de los artículos , y de la Constitución para ampliar la capacidad de legislar y de transferir materias de titularidad estatal: Planificación Económica, Confederación Hidrográfica del Guadalquivir y del Sur, Patronato de Doñana, INEM, etc. etc.",41
AND_1990_IU_es.pdf,AND,1990,IU,es,"- Desarrollo vía de la C.E. del papel de las Comunidades Autónomas, a través de sus Parlamentos en la planificación de la actividad económica general.",25
AND_1990_IU_es.pdf,AND,1990,IU,es,- Desarrollo activo del artículo del Estatuto referente a la información y articulación de los Tratados Internacionales.,17
AND_1990_IU_es.pdf,AND,1990,IU,es,La nueva fase hacia el Estado Federal necesita de un Gobierno Andaluz con máximos poderes.,15
AND_1990_IU_es.pdf,AND,1990,IU,es,Es impensable culminar la articulación y vertebración de la sociedad andaluza sin que materias como la hidrográfica sean de competencias plenas del Gobierno andaluz.,24
AND_1990_IU_es.pdf,AND,1990,IU,es,"En esta nueva fase, el gobierno habrá de renegociar la valoración de las transferencias.",14
AND_1990_IU_es.pdf,AND,1990,IU,es,Comisiones Obreras de Andalucía IZQUIERDA UNIDA - CONVOCATORIA POR ANDALUCÍA En nuestro programa de Gobierno del proponíamos la necesidad de suscribir un Pacto Institucional que hiciera posible unir la defensa de la Autonomía Andaluza a la de los Ayuntamientos.,39
AND_1990_IU_es.pdf,AND,1990,IU,es,Suponía una nueva visión desde el Gobierno Andaluz de la autonomía municipal.,12
AND_1990_IU_es.pdf,AND,1990,IU,es,"Hoy desde la nueva fase federalista que reclama IU-CA, la necesidad del Pacto Institucional recobra una tremenda actualidad: la Ley de Financiación de las Haciendas Locales no ha solucionado el problema económico que padecen los Ayuntamientos; estos siguen careciendo de la autonomía necesaria para el pleno ejercicio del poder; el poder está centralizado y no se potencia el traslado de competencias desde la Junta y Diputaciones a los Ayuntamientos y Comarcas aún en la medida en que se recoge en la Ley reguladora de las bases de Régimen Local y en el propio Estatuto de Autonomía.",96
AND_1990_IU_es.pdf,AND,1990,IU,es,"En definitiva, pese a los mandatos constitucionales (artículos y de la C.E.) los Ayuntamientos siguen siendo los parientes pobres del Estado.",21
AND_1990_IU_es.pdf,AND,1990,IU,es,"La comercialización, que descentraría el poder provincial y acercaría la toma de decisiones al pueblo, contemplada tanto en el artículo del E.A. y en el art.",26
AND_1990_IU_es.pdf,AND,1990,IU,es,"de la Ley de Regimen Local, se obstaculiza desde los órganos de poder de la Junta y Diputaciones.",18
AND_1990_IU_es.pdf,AND,1990,IU,es,Como hemos afirmado en reiteradas ocasiones .sin unos ayuntamientos que participen activamente en la configuración de las distintas políticas sectoriales del Gobierno Andaluz que afectan a sus respectivos municipios no es posible lograr un afianzamiento sobre bases sólidas de la Autonomía Andaluza.,42
AND_1990_IU_es.pdf,AND,1990,IU,es,Por todo ello seguimos proponiendo un Pacto Institucional que contemplié estos objetivos: Comisiones Obreras de Andalucía Que contemple la financiación de los Ayuntamientos por los presupuestos generales del estado según la fórmula -.,33
AND_1990_IU_es.pdf,AND,1990,IU,es,"( Ayuntamientos, Comunidades Autónomas, Gobierno Central).",6
AND_1990_IU_es.pdf,AND,1990,IU,es,Creación del Fondo Andaluz de Cooperación Municipal como contribución de los Presupuestos de la Comunidad Autónoma a paliar el empobrecimiento de las Corporaciones Locales.,24
AND_1990_IU_es.pdf,AND,1990,IU,es,"Por iniciativa de IU-CA, y haciendo uso de la Ley de Iniciativas Legislativas Popular y de Ayuntamientos (Ley ), Ayuntamientos andaluces han conseguido poner a debate en el próximo periodo legislativo una Proposición de Ley del Fondo Andaluz de Cooperación.",40
AND_1990_IU_es.pdf,AND,1990,IU,es,Andalucía necesita una ley propia de Régimen Local que sistematice y adecúe la organización y funcionamiento de la administración basada en la descentralización y comarcalización.,25
AND_1990_IU_es.pdf,AND,1990,IU,es,"El Gobierno Andaluz, mediante una adecuada política de delegación y asignación de competencias a los Ayuntamientos y organizaciones comarcales pretenderá una mayor eficacia en la gestión de servicios y una IZQUIERDA UNIDA - CONVOCATORIA POR ANDALUCÍA mayor participación y control de los mismos acercando la democracia al ciudadano.",48
AND_1990_IU_es.pdf,AND,1990,IU,es,IU-CA renueva su apuesta por la desaparición progresiva de las diputaciones en la medida que se consolide y avance el desarrollo comarcal de Andalucía.,24
AND_1990_IU_es.pdf,AND,1990,IU,es,"IU-CA, ante la duplicidad de funciones que vienen desempeñando las Diputaciones con algunas Consejerías de la Junta y principalmente por la función que ejercen en las distintas provincias que impiden de hecho la descentralización administrativa, sigue optando porque progresivamente se vayan sustituyendo por entes comarcales.",45
AND_1990_IU_es.pdf,AND,1990,IU,es,Para ello proponemos para el siguiente período legislativo: Mayor autonomía para los Ayuntamientos dentro del desarrollo del Estatuto de Andalucía.,20
AND_1990_IU_es.pdf,AND,1990,IU,es,Mayores competencias para los Ayuntamientos para la creación y seguimiento de sus propios servicios.,14
AND_1990_IU_es.pdf,AND,1990,IU,es,Ley marco que regule la creación de comarcas como órganos políticos supramunicipales con participación municipal.,15
AND_1990_IU_es.pdf,AND,1990,IU,es,Incentivo y asesoramiento de la Junta para la creación y funcionamiento de las comarcas.,14
AND_1990_IU_es.pdf,AND,1990,IU,es,Competencias para los entes comarcales trasferidas desde la Junta y las Diputaciones.,12
AND_1990_IU_es.pdf,AND,1990,IU,es,Beneficios a las comarcas establecidos en el FACM y Fondo de Solidaridad Intercomarcal.,13
AND_1990_IU_es.pdf,AND,1990,IU,es,"Posibilidad de comarcas Interprovinciales (hasta la reforma del Estatuto), buscándose mientras no llegue la reforma del E.A. algún nivel de coordinación.",21
AND_1990_IU_es.pdf,AND,1990,IU,es,El Pacto Institucional rompe con la misión que desde la administración central se da a la administración municipal y comarcal como meros gestores de servicios sin capacidad política para participar en la elaboración de la política andaluza.,37
AND_1990_IU_es.pdf,AND,1990,IU,es,"Como instrumentos de esa participación, propondremos: La planificación económica de la Comunidad Autónoma prevista en el Art.",17
AND_1990_IU_es.pdf,AND,1990,IU,es,"de E.A. se hará de acuerdo con el Consejo Económico y Social de Andalucía, donde las corporaciones locales comarcales participarán junto a los restantes agentes sociales en la elaboración, asesoramiento y control del Plan Económico de Andalucía.",37
AND_1990_IU_es.pdf,AND,1990,IU,es,El Gobierno creará de inmediato el Consejo Económico y Social como garantía de la participación en la planificación democrática de la economía.,22
AND_1990_IU_es.pdf,AND,1990,IU,es,"La actual Ley de Iniciativa Legislativa Popular y de los Ayuntamientos, aún significando un paso importante en la regulación de la posible participación en iniciativas legislativas (IU-CA ha sido la primera en utilizar la Ley para el FACM), consideramos debe ser reformada, eli IZQUIERDA UNIDA - CONVOCATORIA POR ANDALUCÍA minando algunas trabas burocráticas y disminuyendo los mínimos exigidos.",58
AND_1990_IU_es.pdf,AND,1990,IU,es,La posibilidad de ejercitar una consulta vía referendum contemplado en el Estatuto de Autonomía sólo para el caso de reforma del Estatuto habrá de ser regulada mediante Ley para que los ciudadanos andaluces puedan someter a consulta determinadas cuestiones o situaciones políticas en la Comunidad Autónoma o de las administraciones locales o comarcales.,53
AND_1990_IU_es.pdf,AND,1990,IU,es,"Propondremos una estructura y funcionamiento diferente al que actualmente tiene, garantizando una mayor eficacia y un respeto a la pluralidad política existente en los ayuntamientos andaluces.",26
AND_1990_IU_es.pdf,AND,1990,IU,es,Este órgano de colaboración entre la administración autónoma y municipios tendrá las siguientes funciones.,14
AND_1990_IU_es.pdf,AND,1990,IU,es,- Criterios de distribución del FACM.,6
AND_1990_IU_es.pdf,AND,1990,IU,es,- Elevar propuestas al Consejo de Gobierno sobre temas que afecten a la vida municipal y comarcal.,17
AND_1990_IU_es.pdf,AND,1990,IU,es,- Informar sobre los acuerdos de delegación de funciones y planes provinciales de obras y servicios.,16
AND_1990_IU_es.pdf,AND,1990,IU,es,- Elevar al Consejo Económico y Social de Andalucía las propuestas referentes al desarrollo Económico.,15
AND_1990_IU_es.pdf,AND,1990,IU,es,El plan económico va a suponer un esfuerzo financiero e inversor considerable que hace necesario aunar voluntades por parte de las administraciones andaluzas.,23
AND_1990_IU_es.pdf,AND,1990,IU,es,Las administraciones locales y comarcales habrán de participar activamente en la elaboración del Plan Económico de Andalucía.,17
AND_1990_IU_es.pdf,AND,1990,IU,es,"El modelo administrativo de IU-CA para Andalucía necesita de la participación activa de los ciudadanos y ciudadanas andaluzas, a través de órganos de consulta y participación, a todos los niveles de gestión: local, comarcal y autonómico.",36
AND_1990_IU_es.pdf,AND,1990,IU,es,El Gobierno incentivará y apoyará la participación ciudadana en todos los ámbitos de la administración.,15
AND_1990_IU_es.pdf,AND,1990,IU,es,"Por ello se propone en este Programa de Gobierno los mecanismos de participación de las organizaciones sociales que garantizan su papel activo en la toma de decisiones: Consejos Económicos y Sociales, Consejos de Salud, Juntas comarcales de Reforma Agraria, etc.",40
AND_1990_IU_es.pdf,AND,1990,IU,es,"En ellos los Sindicatos, las pequeñas y medianas empresas, las organizaciones agrarias, los usuarios, las asociaciones feministas y colectivos de toda índole, están representados y, por tanto, intervienen en la planificación, gestión y seguimiento de todas las tareas de gobierno.",40
AND_1990_IU_es.pdf,AND,1990,IU,es,"Pensamos que la ética civil, la honestidad y la transparencia no son abstracciones o formulaciones de intencionalidad sino que han de cimentarse en la práctica y esta no puede ser otra que la de propiciar y permitir el acceso y el protagonismo de la sociedad civil en las instituciones.",49
AND_1990_IU_es.pdf,AND,1990,IU,es,"Por un desarrollo equilibrado Comisiones Obreras de Andalucía AÑO DE LA REPÚBLICA DE COLOMBIA EXISTE un acuerdo casi generalizado entre las fuerzas políticas y sociales y los círculos académicos y profesionales a la hora de calificar los rasgos determinantes de la economía andaluza: excesiva polarización hacia los sectores primarios, baja industrialización, elevada dependencia exterior, baja tasa de actividad, etc.",59
AND_1990_IU_es.pdf,AND,1990,IU,es,"Estos rasgos dan lugar a un panorama que, en general, se puede caracterizar como una situación de subdesarrollo relativo en un entorno desarrollado.",23
AND_1990_IU_es.pdf,AND,1990,IU,es,"Este diagnóstico, con diversos matices, se admite generalmente.",8
AND_1990_IU_es.pdf,AND,1990,IU,es,Donde las opciones políticas y los diversos posicionamientos divergen es ante la pregunta siguiente: cómo se sale de esta situación?,20
AND_1990_IU_es.pdf,AND,1990,IU,es,"La respuesta, que en todo caso debe tener en cuenta el entorno económico en el que Andalucía se encuentra, tiene a su vez relación con la evolución reciente de la economía andaluza.",32
AND_1990_IU_es.pdf,AND,1990,IU,es,Ha existido hasta ahora una política económica en Andalucía?,9
AND_1990_IU_es.pdf,AND,1990,IU,es,"Si es así, cómo ha influido esta política en la marcha de la economía andaluza en los últimos años?",19
AND_1990_IU_es.pdf,AND,1990,IU,es,"En IU-CA pensamos que desde el gobierno andaluz, una vez normalizado éste desde Madrid con el relevo de Escuredo por Borbolla, se ha practicado una política económica que sustancialmente es la misma que la del Gobierno Central.",37
AND_1990_IU_es.pdf,AND,1990,IU,es,"O, mejor aún, que la complementa de manera subsidiaria.",9
AND_1990_IU_es.pdf,AND,1990,IU,es,"Dicha política ha consistido en grandes rasgos en el apoyo a las tesis que fundamentan la política económica del PSOE: mejorar la competitividad relativa para que la demanda externa actúe como motor del crecimiento, acompañando un apoyo a la entrada de capital del exterior para dinamizar los sectores productivos.",49
AND_1990_IU_es.pdf,AND,1990,IU,es,"Comisiones Obreras de Andalucía IZQUIERDA UNIDA - CONVOCATORIA POR ANDALUCÍA Esta política incorpora, también, fuertes inversiones en infraestructuras en la medida en que estas mejoran las condiciones en que se desenvuelven esas relaciones con el exterior, y en el incentivo a los sectores donde se presume que existen ventajas comparativas.",50
AND_1990_IU_es.pdf,AND,1990,IU,es,En el fondo subyace un modelo clásico: el del desarrollo con base exportadora.,13
AND_1990_IU_es.pdf,AND,1990,IU,es,"En este caso, modernizado con las tesis del llamado por la OCDE y la CEE desarrollo endógeno (que en realidad es otra cosa) y que, sustancialmente, coincide con el anterior en la importancia que concede a los sectores exportadores.",39
AND_1990_IU_es.pdf,AND,1990,IU,es,"La aplicación de estas políticas, junto con una coyuntura internacional determinada, ha tenido unos efectos innegables en la economía andaluza.",20
AND_1990_IU_es.pdf,AND,1990,IU,es,"Efectos que se pueden contrastar en el crecimiento del PIB regional, el descenso del paro y el incremento de la inversión extranjera como elementos más visibles.",26
AND_1990_IU_es.pdf,AND,1990,IU,es,"Menos visibles, pero igualmente relevantes, son otros efectos modernizadores que se han producido en sectores industriales y otros.",18
AND_1990_IU_es.pdf,AND,1990,IU,es,"Ahora bien, qué hay detrás de esos efectos?",8
AND_1990_IU_es.pdf,AND,1990,IU,es,"Está claro que el crecimiento del PIB, además de ser un indicador bastante discutible de calidad de vida, bienestar y justicia social, está fuertemente determinado por la elevada inversión en obras públicas, la reactivación especulativa del sector de la vivienda y la coyuntura meteorológica favorable a la agricultura.",48
AND_1990_IU_es.pdf,AND,1990,IU,es,"La creación de empleo, en condiciones de precariedad, no se traduce en un incremento suficiente de la tasa de actividad que, en su nivel actual, oculta casi .",28
AND_1990_IU_es.pdf,AND,1990,IU,es,"La fuerte inversión exterior se ha canalizado especialmente a la agricultura, el turismo y la compra de inmuebles, con claros fines especulativos, además de a la toma de posiciones en sectores industriales estratégicos.",33
AND_1990_IU_es.pdf,AND,1990,IU,es,"Debido a la desarticulación propia de la economía andaluza, estos efectos de crecimiento inciden en el agravamiento de los desequilibrios sociales y territoriales.",23
AND_1990_IU_es.pdf,AND,1990,IU,es,"De esta manera coexisten en Andalucía dos economías: una, muy dinámica, insertada en las redes del sistema multinacional europeo, donde se producen los cambios tecnológicos; y otra, en declive o estancada.",31
AND_1990_IU_es.pdf,AND,1990,IU,es,"Dado que en estos momentos históricos, el desarrollo de las fuerzas productivas permite perfectamente que el capital y sus multinacionales se sirvan de estas formas de enclave desarticulado para su entorno inmediato para sus fines, incluso en zonas relativamente desarrolladas, no es de esperar que se produzcan efectos de difusión al resto de la economía andaluza como consecuencia mecánica de este tipo de crecimiento.",64
AND_1990_IU_es.pdf,AND,1990,IU,es,"Incluso en los propios lugares donde estas inversiones se localizan, debido a que vienen controladas desde el exterior, los efectos alcanzan sólo a clases y capas sociales muy limitadas, marginándose al resto.",32
AND_1990_IU_es.pdf,AND,1990,IU,es,"La primacía tradicional del beneficio a corto plazo, acompañada del ánimo especulador y rentista de la burguesía local, completa una tendencia a la destrucción del medio ambiente y la hipoteca del futuro creando nuevas marginaciones.",35
AND_1990_IU_es.pdf,AND,1990,IU,es,El cuadro clásico de la modernización del subdesarrollo.,8
AND_1990_IU_es.pdf,AND,1990,IU,es,"La esperada difusión de efectos multiplicadores y modernizadores al resto de la economía andaluza se fía, en el proyecto del PSOE, a un hipotético empresariado andaluz que históricamente se ha mostrado incapaz de buscar formas de valorización productivas para el desarrollo de la propia Andalucía.",45
AND_1990_IU_es.pdf,AND,1990,IU,es,"La tradicional adscripción de estos sectores a la intermediación y la especulación, unida a las nuevas dinámicas espaciales del capitalismo, hacen estéril este empeño.",24
AND_1990_IU_es.pdf,AND,1990,IU,es,Por lo tanto la política seguida hasta la fecha es un rotundo fracaso si se examina desde la óptica de su contribución a la reforma de las estructuras económicas andaluzas.,30
AND_1990_IU_es.pdf,AND,1990,IU,es,Más aún en el aspecto de generar un auténtico proceso de desarrollo.,12
AND_1990_IU_es.pdf,AND,1990,IU,es,"En estas circunstancias, la CEE, los acontecimientos recientes de los países del Este y las vicisitudes y perspectivas del Mercado Único de no son un dato nuevo, sino el contexto necesario en el que se produce esta evolución de la economía andaluza.",42
AND_1990_IU_es.pdf,AND,1990,IU,es,"Incluso las políticas de reequilibrio regional, como las derivadas del P.D.R., operan como instrumentos reincidentes en los desequilibrios en beneficio de esta polarización: zonas y sectores modernizados exportadores y zonas y sectores estancados.",33
AND_1990_IU_es.pdf,AND,1990,IU,es,"Comisiones Obreras de Andalucía IZQUIERDA UNIDA - CONVOCATORIA POR ANDALUCÍA Los retrasos en la Carta Social Europea y la consolidación de las diferencias y los desequilibrios en Europa no son más que contribuciones a consolidar las condiciones de dualismo en Europa que, con amenazas como la del dumping social, permiten a los monopolios y multinacionales operar a sus anchas.",59
AND_1990_IU_es.pdf,AND,1990,IU,es,"Por todo lo anterior, Andalucía requiere otra política económica basada en otro modelo de desarrollo.",15
AND_1990_IU_es.pdf,AND,1990,IU,es,"Este modelo debe incorporar expresamente como objetivos solucionar las deficiencias históricas y los nuevos problemas que van alcanzando proporciones insospechadas: la capacidad de crear empleo, la satisfacción de las necesidades y la calidad de vida, la protección del medio ambiente y la democracia y participación plena como exigencia ética.",49
AND_1990_IU_es.pdf,AND,1990,IU,es,"Como estrategia central para activar este modelo, IU-CA propone la puesta en marcha de un proceso de acumulación sobre nuevas bases sociales.",22
AND_1990_IU_es.pdf,AND,1990,IU,es,"Básicamente, la economía social y un nuevo papel del sector público, sin excluir la colaboración con el capital regional y el multinacional.",22
AND_1990_IU_es.pdf,AND,1990,IU,es,"Como motor de este proceso, la satisfacción de las necesidades básicas de la población incorporando a éstas la exigencia de un medio ambiente protegido y cuidado que garantice el futuro.",30
AND_1990_IU_es.pdf,AND,1990,IU,es,"Como punta de lanza, la creación de empleo, ahora no sólo como objetivo sino también como estímulo a la demanda interna.",21
AND_1990_IU_es.pdf,AND,1990,IU,es,"Esta propuesta no es la de un desarrollo autárquico, que ignoraría lo evidente: Andalucía es una economía abierta.",18
AND_1990_IU_es.pdf,AND,1990,IU,es,"Propone el reforzamiento de la articulación interna de la economía a partir de la respuesta a la pregunta: qué debemos, o necesitamos, producir?",23
AND_1990_IU_es.pdf,AND,1990,IU,es,Igualmente propone unas relaciones entre los sectores más extravertidos de la economía y aquellos internos sobre los que se pretende actuar.,21
AND_1990_IU_es.pdf,AND,1990,IU,es,"Propone, por fin, un modelo de relación federal dentro del Estado y con la CEE, con las multinacionales y con el resto de regiones periféricas de Europa.",27
AND_1990_IU_es.pdf,AND,1990,IU,es,"En resumen, una inserción activa en el contexto económico y social en el que Andalucía se desenvuelve.",17
AND_1990_IU_es.pdf,AND,1990,IU,es,"Las medidas que siguen son los elementos constitutivos de ese modelo y la respuesta que IU-CA da al interrogante Qué se puede hacer desde El objetivo estratégico de IU-CA, hacia el pleno empleo en la democracia plena y en el respeto a la naturaleza, en Andalucía se traduce en unos objetivos de desarrollo económico democrático solidario, ético y viable: - Creación de empleo, en calidad y cantidad, para eliminar el paro e incrementar la tasa de actividad, creciendo por encima de la productividad.",83
AND_1990_IU_es.pdf,AND,1990,IU,es,- Incremento de la renta directa de los sectores más desfavorecidos de la población.,14
AND_1990_IU_es.pdf,AND,1990,IU,es,"- Incremento de la renta indirecta y la protección social y mejora de la calidad de vida, con especial atención a los sectores y territorios más desfavorecidos.",27
AND_1990_IU_es.pdf,AND,1990,IU,es,"- Disminución de la dependencia exterior mediante una inserción activa en Europa, la articulación de la economía andaluza, la mejora de su nivel tecnológico y su competitividad y la disminución de la subsidiación.",33
AND_1990_IU_es.pdf,AND,1990,IU,es,"- Conservación, protección y mejora del medio ambiente a través de la reconversión ecológica de las actividades de transformación y la actuación directa sobre recursos naturales.",26
AND_1990_IU_es.pdf,AND,1990,IU,es,"- Detención de los procesos de concentración y marginación territorial mediante una ordenación equilibrada del territorio que mejore la conexión intrarregional, disminuya la excesiva polarización del crecimiento hacia la zona occidental de Andalucía e integre a las zonas de montaña en la dinámica regional.",44
AND_1990_IU_es.pdf,AND,1990,IU,es,"- Integración y participación de la mujer en la actividad económica en plano de igualdad Comisiones Obreras de Andalucía IZQUIERDA UNIDA - CONVOCATORIA POR ANDALUCÍA Para la consecución de estos objetivos, IU-CA propone un desarrollo para Andalucía que tenga en cuenta las necesidades y potencialidades propias, además de las condiciones exteriores.",51
AND_1990_IU_es.pdf,AND,1990,IU,es,"Así, junto a las dinámicas determinadas externamente que actualmente dominan la evolución de la economía andaluza, esta propuesta pretende potenciar un mecanismo paralelo de crecimiento interno, equilibrado y articulado, y propiciar que el crecimiento y la modernización de los sectores relacionados más con el exterior se difundan al resto a través de la mejora de la articulación técnica, productiva y financiera.",61
AND_1990_IU_es.pdf,AND,1990,IU,es,"Se trata, por lo tanto, de: Un desarrollo que se apoye en los recursos y potencialidades de Andalucía, en la demanda regional, en la satisfacción de las necesidades básicas de la población y en el incremento de su calidad de vida a partir de una intervención planificada y acordada con los agentes sociales.",53
AND_1990_IU_es.pdf,AND,1990,IU,es,"Un desarrollo en el que la creación de empleo es objeto de atención preferente pues, además de ser un objetivo final, el aumento del empleo es la base del incremento de la demanda regional.",34
AND_1990_IU_es.pdf,AND,1990,IU,es,"Un desarrollo en el que los sectores que producen bienes y servicios básicos, así como los bienes intermedios y de capital necesarios para estos, son los que demandan mayores esfuerzos en la política de fomento y de modernización.",38
AND_1990_IU_es.pdf,AND,1990,IU,es,"Un desarrollo en el que la inversión exterior se examina en función del sector al que se dirige antes que de su origen, para intentar adaptarla a las necesidades de la propia Andalucía.",33
AND_1990_IU_es.pdf,AND,1990,IU,es,"Un desarrollo en el que los sectores exportadores deben apoyarse, no mediante incentivos directos a la inversión que no necesitan, sino creando condiciones para asegurar la difusión de su crecimiento al resto del tejido económico andaluz, diversificando el destino de las exportaciones andaluzas con el fin de reducir la dependencia y fomentar la colaboración con otros países menos desarrollados y aumentando el grado de elaboración de los productos exportados.",69
AND_1990_IU_es.pdf,AND,1990,IU,es,"Un desarrollo menos productivista y más respetuoso con el medio y los recursos naturales, entendido no como limitación sino como garantía del propio futuro, máxime en una economía tan vinculada a los propios recursos naturales como la andaluza.",38
AND_1990_IU_es.pdf,AND,1990,IU,es,"Un desarrollo en el que la paz, la solidaridad y la cooperación internacional es un estímulo para la expansión de la actividad económica y un instrumento para liberar los ingentes recursos ahora dedicados a lo militar, imprescindibles para el desarrollo de un mundo cada vez más interdependiente.",47
AND_1990_IU_es.pdf,AND,1990,IU,es,IZQUIERDA UNIDA - CONVOCATORIA POR ANDALUCÍA El éxito de este modelo depende de sus efectos entre los diferentes grupos sociales puesto que la expansión en la producción de bienes y servicios básicos depende de la capacidad de consumo de los sectores de renta media y baja y porque esta política requiere el apoyo de una mayoría social.,57
AND_1990_IU_es.pdf,AND,1990,IU,es,"Por lo tanto, los agentes sociales tienen una gran importancia en la consecución de este programa.",16
AND_1990_IU_es.pdf,AND,1990,IU,es,"En Andalucía, la capacidad de la burguesía para buscar formas de valorización que incluyan compromisos productivos es muy escasa.",19
AND_1990_IU_es.pdf,AND,1990,IU,es,"Luego una política de creación de empresarios sobre la base del capital andaluz corre el riesgo de crear la figura del empresario asistido que combina la actividad productiva con la especulación y la subsidiación, convirtiendo las demandas de crédito público y trato de favor en una política institucionalizada.",48
AND_1990_IU_es.pdf,AND,1990,IU,es,"Se trata, por lo tanto, de extender las reformas modernizadoras sobre una nueva base de acumulación social.",17
AND_1990_IU_es.pdf,AND,1990,IU,es,"Las cooperativas y sociedades anónimas laborales, las iniciativas locales, la cooperación entre pequeñas empresas, las corporaciones de desarrollo, la colaboración pública-privada y la creación de un sector público regional que trabaje en condiciones de mercado son los instrumentos de un bloque social de progreso en el plano económico.",48
AND_1990_IU_es.pdf,AND,1990,IU,es,"Este Bloque Social, por lo tanto, debe contar con los trabajadores y sus sindicatos, los pequeños y medianos empresarios, los agricultores, los autónomos y cooperativistas así como las instituciones públicas a todos los niveles.",34
AND_1990_IU_es.pdf,AND,1990,IU,es,"Esta alianza debe materializarse más allá del resistencialismo y de posturas meramente reivindicativas, asumiendo el reto de la modernización y del protagonismo de un nuevo desarrollo, lo cual obligará a superar muchas de las actitudes y formas actuales, propias de una sociedad atrasada, subdesarrollada y asistida.",46
AND_1990_IU_es.pdf,AND,1990,IU,es,"Esta alianza no excluye la colaboración con segmentos del capital regional ó la confluencia eventual con el capital exterior, siempre sobre la base de la aceptación de la importancia relativa de la actividad específica dentro del conjunto de la estrategia de desarrollo.",42
AND_1990_IU_es.pdf,AND,1990,IU,es,"La participación del sector público en este proyecto se basa en una nueva visión de su papel, que supone que no monopoliza la acumulación fuera de los mecanismos del mercado a través de una dirección centralizada, sino que actúa en el mercado, con los mecanismos de éste y posibilita el crecimiento de nuevas formas económicas dentro de un acuerdo democrático sobre los objetivos de necesidades a cubrir.",67
AND_1990_IU_es.pdf,AND,1990,IU,es,Este papel es distinto del tradicional del neoliberalismo y del Estado social-demócrata del Bienestar.,14
AND_1990_IU_es.pdf,AND,1990,IU,es,"A diferencia del Estado neoliberal, el sector público en un proyecto por la democratización de la economía no fía únicamente a las fuerzas del mercado la corrección de los desequilibrios y las diferencias, sino que interviene activamente en la creación de condiciones reales de igualdad entre las distintas comarcas y territorios y las distintas capas de la población.",58
AND_1990_IU_es.pdf,AND,1990,IU,es,"A diferencia del Estado social-demócrata del bienestar, el sector público en un proyecto activo de desarrollo no se limita a proveer determinados servicios mínimos a escala individual que no resultan rentables para el capital, sino que interviene activamente en la creación de condiciones para hacer rentables sectores de actividad que lo privado, en su configuración actual, no atiende, y respeta y potencia la iniciativa social ahí donde existe sin interferirla.",70
AND_1990_IU_es.pdf,AND,1990,IU,es,"En resumen, un concepto de la división entre la actuación pública y la privada que se defina en torno a cuál es la manera más eficiente y rentable de atender a la demanda social y no a esquemas preestablecidos, reparto de papeles que se produce en el marco de la Planificación Democrática.",52
AND_1990_IU_es.pdf,AND,1990,IU,es,Comisiones Obreras de Andalucía IZQUIERDA UNIDA - CONVOCATORIA POR ANDALUCÍA La radicalidad de los desafíos que para Andalucía suponen las mutaciones que se están produciendo en la Europa Comunitaria exige un proyecto de reconstrucción y de unidad.,37
AND_1990_IU_es.pdf,AND,1990,IU,es,No es posible pensar en simples políticas compensatorias o en políticas sectoriales más o menos parcializadas.,16
AND_1990_IU_es.pdf,AND,1990,IU,es,La inserción de un modo activo en la nueva Europa tiene que hacerse en el marco de una política alternativa para Andalucía.,22
AND_1990_IU_es.pdf,AND,1990,IU,es,"Para decirlo más claramente: sólo una política de reformas estructurales, en el marco de otro desarrollo, está en condiciones no sólo de superar los efectos negativos del proceso de integración sino de aprovechar las nuevas ventajas y las nuevas potencialidades.",40
AND_1990_IU_es.pdf,AND,1990,IU,es,"La política que ha llevado a cabo el PSOE ha significado una pérdida real de autonomía política, una creciente dependencia económica y la perpetuación de los rasgos más negativos de la realidad andaluza.",33
AND_1990_IU_es.pdf,AND,1990,IU,es,"Es más, el desplazamiento hacia el sur del eje estratégico español, la presencia militar extranjera y la nuclearización de nuestro territorio ponen de manifiesto que en el nuevo orden que se está imponiendo en Europa a Andalucía le puede tocar perder de nuevo.",43
AND_1990_IU_es.pdf,AND,1990,IU,es,"IU-CA ha venido expresando su convencimiento de que es posible otra política en Andalucía y en Europa, desde la idea de la alternativa, eso significa: - Primero, defensa de la autonomía plena en la perspectiva del Estado Federal.",38
AND_1990_IU_es.pdf,AND,1990,IU,es,"- Segundo, defensa de la interlocución directa de las regiones en las instituciones comunitarias.",14
AND_1990_IU_es.pdf,AND,1990,IU,es,"- Tercero, apuesta por un proceso constituyente europeo que gire en torno al Parlamento Europeo y las instituciones democráticas representativas a todos los niveles, y no dependa exclusivamente de los ejecutivos y la tecnocracia.",34
AND_1990_IU_es.pdf,AND,1990,IU,es,"Cuarto, defensa de una mayor presencia en el proceso de los sindicatos y las organizaciones sociales.",16
AND_1990_IU_es.pdf,AND,1990,IU,es,"En el marco de esta política alternativa de construcción europea, IU-CA propone la necesidad de una política de alianzas para la creación de un bloque de progreso europeo que cuente con los trabajadores y sus organizaciones, las regiones menos desarrolladas, la economía social y los nuevos movimientos sociales en torno a un programa que desarrolle medidas concretas para: - La promulgación de una Carta Social Europea que extienda las conquistas de los trabajadores en los distintos países a todos por igual y evite la posibilidad del dumping social - Una política de unidad monetaria y armonización fiscal progresista y solidaria, democráticamente controlada y dirigida por las mayorías y no por los monopolios y el Bundesbank - Una política de fondos estructurales basado en el incremento de estos en el conjunto del presupuesto comunitario y en su orientación hacia verdaderos Planes de Desarrollo Regional, con la participación directa de las regiones destinatarias de esos fondos - Una política de ordenación del territorio e infraestructuras a nivel comunitario que se oponga a la concentración y los desequilibrios y mejore la articulación interna en los territorios más atrasados - Una política de formación e investigación y desarrollo tecnológico a nivel comunitario orientada a cualificar a los trabajadores europeos y las pequeñas y medianas empresas ante los retos que plantean las nuevas tecnologías y asegurar su difusión a todos los sectores económicos para destinar estos avances a satisfacer las necesidades de las personas y los pueblos - Una política de integración de la mujer en plano de igualdad en todos los ámbitos sociales, que incida especialmente en los problemas concretos de las mujeres en los países y regiones donde el patriarcalismo está más arraigado IZQUIERDA UNIDA - CONVOCATORIA POR ANDALUCÍA Una política agraria común orientada a defender la renta y la calidad de vida de las poblaciones rurales, a través de la participación de los sectores productores de forma organizada en la transformación y comercialización, que aborde las problemáticas específicas de las agriculturas del Sur a través de la reforma de las estructuras agrarias y que fortalezca una agricultura menos dependiente, productivista y agresiva con el medio.",353
AND_1990_IU_es.pdf,AND,1990,IU,es,"La creación de políticas comunitarias específicas para sectores de interés para las regiones menos desarrolladas como la minería de la pirita, el cultivo del algodón, la pesca y sus transformados, el corcho y actividades industriales muy difundidas y atrasadas Una política anti-monopolios y de defensa de la pequeña y mediana empresa comunitaria encaminada a la creación de un verdadero mercado único y no un pastel único para cuatro multinacionales Una política ambiental comunitaria basada en el fomento a medio plazo de formas menos productivistas y derrochadoras de producción y consumo, con acciones inmediatas para la corrección de los deterioros ambientales más graves y la protección de los espacios naturales en peligro de toda Europa Una política cultural encaminada a defender la identidad de los pueblos de Europa y crear una conciencia europea basada en la diversidad y el pluralismo, en oposición a la homogeneización y despersonalización promovidas desde las multinacionales de la comunicación Una política de paz y solidaridad con el resto de países europeos y el mundo, encaminada a la superación del militarismo y a destinar los recursos así liberados a promover un desarrollo más armónico en el planeta.",190
AND_1990_IU_es.pdf,AND,1990,IU,es,"Los instrumentos principales con que se cuenta desde Andalucía para desarrollar una política económica diferente son: Las actuaciones de las Administraciones Públicas y el sector público, que definen el marco de intervención de las instituciones andaluzas en el desarrollo así como los recursos públicos que se dedican a él.",49
AND_1990_IU_es.pdf,AND,1990,IU,es,"La política de Cajas de Ahorros, Banca Pública y otras instituciones financieras como instrumentos para retener el máximo posible del ahorro regional y asignado a los objetivos del desarrollo.",29
AND_1990_IU_es.pdf,AND,1990,IU,es,"El sistema educativo, de formación y reciclaje profesional, científica y técnica y sus relaciones con el sistema productivo, para extender y consolidar una menor dependencia y una mayor competitividad.",29
AND_1990_IU_es.pdf,AND,1990,IU,es,"La política de empleo y de regulación y control del mercado de trabajo para asegurar la calidad del mismo y su contribución al desarrollo Los órganos y mecanismos de la Planificación Democrática, basados en los Consejos Económicos y Sociales, como instrumentos centrales de diálogo y diseño del papel a cumplir por el sector público y los agentes sociales.",58
AND_1990_IU_es.pdf,AND,1990,IU,es,Comisiones Obreras de Andalucía IZQUIERDA UNIDA - CONVOCATORIA POR ANDALUCÍA El Pacto Institucional es una propuesta para articular e involucrar a todas las instituciones andaluzas en el proyecto de desarrollo sobre la base de la corresponsabilización y la redistribución de los recursos y competencias.,44
AND_1990_IU_es.pdf,AND,1990,IU,es,"IU-CA propone avanzar en la comarcalización a través de este Pacto, partiendo de la agrupación voluntaria de municipios con criterios sociales y económicos, no meramente administrativos, y asumiendo progresivamente competencias y contenidos presupuestarios.",33
AND_1990_IU_es.pdf,AND,1990,IU,es,"Estas competencias y contenidos son: - Creación de empleo, desarrollo comarcal e iniciativas de promoción económica.",16
AND_1990_IU_es.pdf,AND,1990,IU,es,"- Ordenación territorial y agraria, urbanismo y gestión y protección del medio ambiente.",13
AND_1990_IU_es.pdf,AND,1990,IU,es,"- Vivienda, infraestructura comarcal, equipamientos y servicios públicos.",8
AND_1990_IU_es.pdf,AND,1990,IU,es,"- En general, cualquier otra competencia propia o delegada de las Diputaciones que se descentralizarán para posibilitar la comarcalización.",19
AND_1990_IU_es.pdf,AND,1990,IU,es,"La financiación de estos procesos de comarcalización se dará a través de los siguientes elementos: - Fondo Andaluz de Cooperación Municipal, que se creará con tres tramos: el primero proporcional a la población, el segundo con carácter de reequilibrio y solidaridad con los municipios más desfavorecidos y el tercero para incentivación de las comarcas que se vayan constituyendo.",58
AND_1990_IU_es.pdf,AND,1990,IU,es,"- Una nueva Ley de Financiación de las Corporaciones Locales - Descentralización presupuestaria de las Diputaciones - Reivindicación, ante la Admón Central, del de participación en ingresos del Estado - Participación de las comarcas en los fondos estructurales de la CEE a través de programas operativos integrados comarcales.",48
AND_1990_IU_es.pdf,AND,1990,IU,es,El presupuesto de la Junta de Andalucía es la máxima expresión del compromiso del Gobierno Andaluz con una determinada política.,20
AND_1990_IU_es.pdf,AND,1990,IU,es,"El presupuesto del Gobierno Andaluz de IU-CA se caracterizará por un incremento de los ingresos, una radicalización y redistribución de los gastos y una ejecución transparente y participativa.",28
AND_1990_IU_es.pdf,AND,1990,IU,es,"- Hacia el incremento progresivo de la capacidad financiera de la Comunidad Autónoma en la perspectiva del Estado Federal, en base a la reforma del título VIII de la Constitución y la aplicación del artículo .",36
AND_1990_IU_es.pdf,AND,1990,IU,es,- Modificación de la L.O.F.C.A. y renegociación de la financiación de la Comunidad Autónoma con el objetivo de valorar las transferencias no en base al estado actual de los servicios públicos sino a la dotación y gasto medio del Estado incluyendo la compensación del déficit acumulado.,46
AND_1990_IU_es.pdf,AND,1990,IU,es,"- Ampliación de los ingresos como consecuencia del incremento de competencias con carácter inmediato en Confederaciones Hidrográficas, Puertos y Costas, INEM y comunicaciones.",23
AND_1990_IU_es.pdf,AND,1990,IU,es,"- Aumento del Fondo de Compensación Territorial, a través de la participación en el mismo únicamente de las Comunidades menos Comisiones Obreras de Andalucía IZQUIERDA UNIDA - CONVOCATORIA POR ANDALUCÍA desarrolladas y aumentando el porcentaje que supone den los Presupuestos Generales del Estado.",43
AND_1990_IU_es.pdf,AND,1990,IU,es,"Desarrollo de la capacidad fiscal de la Comunidad Autónoma en particular en figuras impositivas específicas: tierras infrautilizadas, trasmisiones, sucesiones y donaciones y juego.",23
AND_1990_IU_es.pdf,AND,1990,IU,es,"Nuevas competencias fiscales, en el marco de la aplicación del artículo de la Constitución, en concreto la gestión de impuestos directos (renta y patrimonio).",24
AND_1990_IU_es.pdf,AND,1990,IU,es,Participación directa de la Junta de Andalucía en la determinación y gestión de los fondos estructurales de la CEE en el marco de un nuevo sistema de gestión de los mismos que regule el acceso a dichos fondos solidariamente con otras Comunidades Autónomas.,43
AND_1990_IU_es.pdf,AND,1990,IU,es,Empleo al máximo de la capacidad de endeudamiento de la Comunidad Autónoma.,12
AND_1990_IU_es.pdf,AND,1990,IU,es,"Incremento del gasto, el empleo y la inversión en servicios públicos básicos (sanidad, educación, servicios sociales) Reducción del gasto corriente de los organismos que no prestan servicios directos a la población a través de la implantación drástica de medidas de austeridad, racionalización administrativa y reducción de organigramas en el marco del Pacto Institucional, particularmente eliminando la duplicidad Diputaciones-Delegaciones provinciales.",59
AND_1990_IU_es.pdf,AND,1990,IU,es,"Incremento de las trasferencias a Ayuntamientos, en el marco del F.A.C.M. con carácter no finalista Supresión de todas las formas de subvención corriente a empresas que no estén directamente vinculadas a la creación ó mantenimiento de empleo Expansión de la inversión pública en viviendas y equipamientos sociales - Mantenimiento del nivel actual de inversión en infraestructura reorientándola a las zonas menos favorecidas y a la política hidráulica Reorientación selectiva de las trasferencias de capital a empresas, de acuerdo con los criterios de la Planificación Democrática Provincialización de la inversión en el desde el primer año, hacia la comarcalización progresiva.",99
AND_1990_IU_es.pdf,AND,1990,IU,es,"Implantación del carácter vinculante de la adscripción funcional y territorial del presupuesto Modificación de la Ley de Hacienda de la Comunidad Autónoma para implantar la tramitación parlamentaria de las modificaciones significativas Agilización de la ejecución mediante la fiscalización a posterior y la auditoría interna estadística y selectiva Acceso público a la ejecución del presupuesto en cada momento Potenciación de la Cámara de Cuentas de Andalucía como organismo fiscalizador con capacidad de actuar de propia iniciativa o a instancia de terceros (grupos parlamentarios, grupos municipales, organizaciones sociales e iniciativa popular).",89
AND_1990_IU_es.pdf,AND,1990,IU,es,"La política de incentivos a la empresa privada desde la Junta de Andalucía se regulará mediante ley en la que se contemplará: La preferencia de la economía social, la creación de empleo y el desarrollo tecnológico, establecida mediante procedimientos de baremación.",41
AND_1990_IU_es.pdf,AND,1990,IU,es,Comisiones Obreras de Andalucía IZQUIERDA UNIDA - CONVOCATORIA POR ANDALUCÍA Los mecanismos de transparencia y acceso público a las decisiones de concesión La orientación a participaciones en capital permanentes ó transitorias de los incentivos a la gran empresa ó de gran volumen La sujeción de los incentivos a los objetivos sectoriales y territoriales de la planificación La participación de los trabajadores en los Consejos de las empresas subvencionadas La Junta de Andalucía plantearía al Gobierno Central la necesidad del diálogo sobre las actuaciones del sector público en Andalucía con los objetivos siguientes: Coordinación de las decisiones estratégicas de las empresas públicas estatales con las necesidades y objetivos de desarrollo de Andalucía Colaboración del sector público estatal (industrial y financiero) con la Planificación Andaluza Presencia de la Junta de Andalucía en los Consejos de Administración de las empresas públicas que operan en Andalucía.,142
AND_1990_IU_es.pdf,AND,1990,IU,es,"La política de incentivos de la Junta de Andalucía al sector público estatal en ningún caso se configurará como subvención a la explotación, tomando forma de: Colaboración a la creación de un tejido industrial que favorezca la difusión de tecnologías y la modernización a las PYMES andaluzas sin generar excesiva dependencia de la gran empresa pública ni distorsionar las relaciones laborales en la misma Toma de capital en la propia empresa pública ó iniciativas mixtas Es necesaria la creación de un auténtico sector público andaluz, más allá del testimonialismo y la ocupación de los segmentos menos rentables de la producción.",100
AND_1990_IU_es.pdf,AND,1990,IU,es,"Este sector tendrá como objetivos prioritarios la creación de empleo y contribuir a superar los obstáculos que se oponen a la modernización y desarrollo de la economía andaluza, así como incidir en el equilibrio territorial.",35
AND_1990_IU_es.pdf,AND,1990,IU,es,Para ello IU-CA plantea la reforma de fines y actividades de las empresas existentes y la creación de otras en sectores clave.,22
AND_1990_IU_es.pdf,AND,1990,IU,es,"IU-CA propone la especialización y descentralización del IFA en varias ramas que actúen coordinadamente: Una red de agencias de desarrollo que concentra recursos técnicos y humanos, a la vez que actúa de ventanilla única, encargada de llevar adelante Planes Sectoriales y Territoriales y consolidar estructuras propias del territorio ó sector.",50
AND_1990_IU_es.pdf,AND,1990,IU,es,"Una sociedad pública de Capital-Riesgo, que promueva otras participaciones en corporaciones de desarrollo comarcales y metropolitanas y apoye acciones colectivas sectoriales Una tercera rama, que coordine y administre las participaciones de la Junta de Andalucía al ó en empresas mixtas IU-CA propone la dinamización y orientación de SADIEL y SODEAN al desarrollo e introducción de las nuevas tecnologías de la informática y la electrónica y las energías renovables, tanto al nivel de uso como de producción, en los sectores andaluces.",80
AND_1990_IU_es.pdf,AND,1990,IU,es,"IU-CA propone, igualmente, la orientación de la Empresa Andaluza de Gestión Ambiental no sólo a la gestión de residuos sino al desarrollo de técnicas no contaminantes.",26
AND_1990_IU_es.pdf,AND,1990,IU,es,"IZQUIERDA UNIDA - CONVOCATORIA POR ANDALUCÍA IU-CA propone la orientación de la Empresa Andaluza de Gestión de la Tierra al desarrollo tecnológico de la agricultura y la actividad forestal, la puesta en marcha de técnicas biológicas y ecológicas y la difusión de las mismas mediante el apoyo técnico a cooperativas y agricultores dentro de la política de asentamiento de la RAI.",61
AND_1990_IU_es.pdf,AND,1990,IU,es,IU-CA propone la limitación de EPSA a su papel de promoción y desarrollo de suelo público en colaboración con los Ayuntamientos y la desaparición de COPASA.,26
AND_1990_IU_es.pdf,AND,1990,IU,es,"IU-CA propone la creación de tres nuevas empresas públicas andaluzas: La primera, dedicada a colaborar, en forma de capital riesgo, a promocionar y modernizar las organizaciones de carácter asociativo en los sectores agrario y pesquero con el fin de facilitar la integración activa de estos sectores en el marco comunitario.",50
AND_1990_IU_es.pdf,AND,1990,IU,es,"La segunda, con un cariz semejante, destinada a promover las iniciativas colectivas y el acceso directo a los mercados del sector turístico andaluz.",23
AND_1990_IU_es.pdf,AND,1990,IU,es,"La tercera, para promocionar el desarrollo e incorporación de nuevas tecnologías en alimentación, conservación, transformación de productos agrarios, etc. que actuará en convenios con el sistema andaluz de ciencia y tecnología y la industria andaluza de bienes de equipo para apoyar la creación de una industria agroalimentaria que esté relacionada con el sector productor.",54
AND_1990_IU_es.pdf,AND,1990,IU,es,"El sistema financiero en Andalucía debe jugar un papel inverso al actual, como elemento de captación de ahorro que posibilite la inversión ahí donde es más necesaria.",27
AND_1990_IU_es.pdf,AND,1990,IU,es,Las propuestas de IU-CA van es este sentido: Es necesaria una política financiera coherente con el papel social de las Cajas que persiga los objetivos siguientes: Inversiones selectivas y vinculadas al territorio Responsabilidad con los objetivos de desarrollo económico y social de los territorios en que operan.,47
AND_1990_IU_es.pdf,AND,1990,IU,es,"Especialización en servicios financieros que acrecienten las posibilidades de inversión del pequeño ahorrador, las PYMES y los Ayuntamientos.",18
AND_1990_IU_es.pdf,AND,1990,IU,es,"Rentabilidad que asegure su supervivencia, más allá del beneficio inmediato y las operaciones especulativas Para que estos objetivos sean posibles, en el marco de la liberalización creciente del mercado financiero y más allá de fusiones de dudosa rentabilidad ó que conducen inevitablemente a la bancarización por la pérdida de referentes sociales, es necesario definir un marco y una práctica de colaboración de las Cajas Andaluzas que se caracterizará por: Papel articulador de la colaboración de la F.A.C.A., evitando cualquier fórmula de carácter estrictamente mercantil Existencia de mecanismos de garantía colectiva para apoyar a las Cajas más débiles Promoción de productos y servicios comunes donde haya economías de escala Mantenimiento de la identidad territorial de las Cajas y reducción del solapamiento para evitar competencia innecesaria Existencia de mecanismos de solidaridad interterritorial en el marco de la Planificación Democrática El carácter social y el consiguiente control del mismo así como su adaptación a las circunstancias actuales se alcanzará mediante el ejercicio de IZQUIERDA UNIDA - CONVOCATORIA POR ANDALUCÍA las competencias de la Comunidad Autónoma y la tramitación de una iniciativa parlamentaria que sustituya a la actual LORCA que contemple la participación de las organizaciones sociales (sindicatos, empresarios, agricultores, etc.) en lugar de los impositores.",202
AND_1990_IU_es.pdf,AND,1990,IU,es,"El otro aspecto que garantiza el carácter social de las Cajas, la aplicación de resultados, se regulará mediante la sustitución de la figura actual de la OBS por la inversión en iniciativas de promoción y desarrollo, bien en forma de Capital Riesgo u otras que se determinen.",47
AND_1990_IU_es.pdf,AND,1990,IU,es,"En el marco de la mayor participación de la C.A. en la actuación del sector público estatal, IU-CA reclamará la transferencia del I.C.O. a la Junta de Andalucía y, en cualquier caso, la presencia del ejecutivo andaluz en las decisiones del mismo que afecten a Andalucía y en el seguimiento de su actuación cotidiana en nuestra comunidad, en particular en lo que se refiere a concesión de préstamos y garantías.",70
AND_1990_IU_es.pdf,AND,1990,IU,es,"IU-CA planteará a la Banca Privada en Andalucía la colaboración con el proyecto de desarrollo dentro de un único convenio en el que se contemple: - Suscripción de deuda pública, Autonómica y Local, por parte de la Banca - Colaboración en gestión de tesorería y fondos autonómicos - Política de préstamos subvencionados a las empresas y los sectores calificados por la Junta Política de garantía basado en una mayor atención a la viabilidad e interés de los proyectos que al planteamiento abusivo actual de garantías reales Eliminación de prácticas abusivas y publicidad engañosa Con el fin de contribuir a superar las barreras de acceso al crédito y a la contratación, IU-CA potenciará las S.G.R. aumentando la participación pública en sus fondos de garantía, promoviendo la mayor participación de las Cajas en las mismas y facilitando la presencia en sus órganos de gobierno de las organizaciones de la economía social.",149
AND_1990_IU_es.pdf,AND,1990,IU,es,"En la misma línea, se pondrá en marcha la Sociedad Pública de Avales que desempeñará una doble función: de aval directo a las iniciativas calificadas favorablemente desde el IFA y otras instancias, que no tengan otras vías, y de segundo aval para multiplicar la capacidad de las SGRS.",48
AND_1990_IU_es.pdf,AND,1990,IU,es,"El sistema educativo en toda su extensión, dentro de sus objetivos de formación de ciudadanos y ciudadanas activos, críticos y capaces, debe contemplar específicamente la preparación para el sistema productivo en su conformación actual y su evolución previsible.",38
AND_1990_IU_es.pdf,AND,1990,IU,es,"La formación profesional ocupacional, como medida de urgencia para atajar graves carencias actuales que producen una segmentación indeseable del mercado de trabajo, deberá evolucionar a converger con el IZQUIERDA UNIDA - CONVOCATORIA POR ANDALUCÍA sistema de F.P. reglado, que deberá completarse con mecanismos de reciclaje y formación permanente.",48
AND_1990_IU_es.pdf,AND,1990,IU,es,"La Universidad andaluza, más allá de su faceta de formación de titulados deberá evolucionar en el sentido de potenciar la investigación científica y tecnológica en las líneas prioritarias que se marquen desde la Planificación.",34
AND_1990_IU_es.pdf,AND,1990,IU,es,"A este fin, por considerarse todo el sistema educativo un instrumento decisivo para atender las demandas más urgentes e inducir los cambios estructurales necesarios para el desarrollo, IU-CA propone la adopción de las siguientes medidas: Establecimiento de un mecanismo de seguimiento de la evolución del sistema productivo para ir reseñando constantemente los perfiles formativos desde la formación profesional mínima obligatoria de dos años (desde los a los ) hasta las carreras y especializaciones universitarias.",74
AND_1990_IU_es.pdf,AND,1990,IU,es,"Integración en un único Plan de FPO de todas las actividades de esta índole, así como las de reciclaje y formación permanente, que se coordine con el sistema educativo reglado e integre iniciativas públicas y sociales, contemplando específicamente acciones dirigidas a la formación de las mujeres sin cualificar y su inserción en sectores en los que se encuentren subrepresentadas, a los trabajadores de las PYMES y a otros sectores desfavorecidos así como a la formación empresarial.",76
AND_1990_IU_es.pdf,AND,1990,IU,es,Atribuciones a los Consejos Escolares y Consejos Sociales para ir adaptando los cursos y contenidos a la evolución y necesidades concretas en cada lugar.,24
AND_1990_IU_es.pdf,AND,1990,IU,es,"Iniciativa selectiva a las líneas de investigación y desarrollo que se dirijan específicamente a sectores prioritarios, cuenten con el interés y la colaboración de empresas públicas y privadas y supongan la incorporación a los trabajos de jóvenes titulados e investigadores.",40
AND_1990_IU_es.pdf,AND,1990,IU,es,Creación de un Instituto público de Tecnología Andaluza para coordinar iniciativas de investigación y desarrollo orientadas a su difusión a la pequeña y mediana empresa y la economía social.,29
AND_1990_IU_es.pdf,AND,1990,IU,es,"IU-CA propone que las prioridades en materia de formación e investigación y desarrollo se fijen en los sectores siguientes: Nuevas técnicas en agricultura, con especial incidencia en producción de semillas y variedades adaptadas, técnicas de explotación ahorradoras de energía e inputs industriales y técnicas de agricultura biológica Desarrollo de la acuicultura Nuevas tecnologías en alimentación: conservación, envasado, preparación, .",59
AND_1990_IU_es.pdf,AND,1990,IU,es,"Aplicación de las nuevas tecnologías de la producción y diseño a las manufacturas más extendidas (textil, madera, pequeño metal,.) Nuevos materiales para la construcción y bienes de consumo duradero Bienes de equipo para el ahorro de energía y el aprovechamiento de energías renovables, en particular la solar Bienes de equipo para el tratamiento de los efluentes industriales más extendidos (alpechines, melazas, .) Técnicas biológicas de tratamiento y aprovechamiento de residuos orgánicos Aplicación de las tecnologías informáticas y de telecomunicaciones para la mejora de la gestión de las empresas y el desarrollo de redes logísticas para los sectores muy dispersos y extendidos.",101
AND_1990_IU_es.pdf,AND,1990,IU,es,"Comisiones Obreras de Andalucía IZQUIERDA UNIDA - CONVOCATORIA POR ANDALUCÍA La política de creación de empleo, para IU-CA, no es únicamente una política finalista que se dirige a un objetivo último, sino también una política instrumental para promover el crecimiento de la demanda interna, en especial la proviniente de los sectores de renta media y baja.",56
AND_1990_IU_es.pdf,AND,1990,IU,es,"Por eso IU-CA reivindica la transferencia a la Junta de Andalucía del INEM, integrando en un único organismo la gestión de demandas y ofertas, la gestión del subsidio de desempleo, el Plan de Empleo Rural, las acciones de F.P.O. y el asesoramiento a trabajadores en busca de empleo.",48
AND_1990_IU_es.pdf,AND,1990,IU,es,"Dentro de estas transferencias, IU-CA reivindica también, para la Junta de Andalucía, la gestión de los mecanismos de lucha contra el fraude laboral en todos los ámbitos.",27
AND_1990_IU_es.pdf,AND,1990,IU,es,"El ejercicio de estas competencias se realizará con la participación directa de las organizaciones sindicales y empresariales, incluyéndose dentro de los objetivos de la Planificación Democrática.",26
AND_1990_IU_es.pdf,AND,1990,IU,es,"El principal instrumento para la puesta en práctica de estas políticas debe ser la Planificación de Democrática entendida como: Fruto del diálogo social entendido como acuerdo en las grandes líricas entre los agentes sociales sin hacer dejación de sus intereses concretos, con los avances concretos que sean posibles.",48
AND_1990_IU_es.pdf,AND,1990,IU,es,Mecanismos de control democrático y participación en la actuación pública de los agentes sociales.,14
AND_1990_IU_es.pdf,AND,1990,IU,es,Encuentro de los constituyentes del Bloque Social de Progreso para sentar las bases de su modernización y cooperación.,18
AND_1990_IU_es.pdf,AND,1990,IU,es,Instrumento para fijar objetivos y formas de atención a las necesidades que exprese la demanda social.,16
AND_1990_IU_es.pdf,AND,1990,IU,es,"Así entendida la P.D. se constituye no como planificación central macroeconómica indicativa u obligatoria ni como concertación cupular, sino como un conjunto de mecanismos para alcanzar la democratización de la política económica.",32
AND_1990_IU_es.pdf,AND,1990,IU,es,"IU-CA presentará una Ley al Parlamento de Andalucía para la constitución del C.E.S. de Andalucía y ocho Consejos Provinciales que, progresivamente y en paralelo al proceso de comarcalización, irán constituyendo Consejos: Juntas Comarcales.",33
AND_1990_IU_es.pdf,AND,1990,IU,es,Dicha Ley se negociará previamente con los sindicatos y otros agentes sociales y el Consejo Andaluz de Municipios.,18
AND_1990_IU_es.pdf,AND,1990,IU,es,"Los Consejos agruparán a la Administración (Autónoma y Ayuntamientos), y a las organizaciones sindicales, patronales y de la economía social.",20
AND_1990_IU_es.pdf,AND,1990,IU,es,Para la representación de las partes se emplearán los criterios de mayor representatividad contrastada por procedimientos electorales democráticos.,18
AND_1990_IU_es.pdf,AND,1990,IU,es,"De no haberse dado estos procesos en algún sector, se entenderá que todas las organizaciones deben estar representadas.",18
AND_1990_IU_es.pdf,AND,1990,IU,es,"En la misma ley se regularán los mecanismos objetivos para la democratización del mundo empresarial, de cara a los mismos Consejos y a otras corporaciones como Cámaras de Comercio ó Agrarias.",31
AND_1990_IU_es.pdf,AND,1990,IU,es,"Se adoptarán medidas de apoyo a la igualdad de oportunidades de todas las organizaciones, tanto en el plano de la representación como en tér Comisiones Obreras de Andalucía IZQUIERDA UNIDA - CONVOCATORIA POR ANDALUCÍA minos de recursos orgánicos y técnicos, para lo cual se contemplará específicamente la financiación de los sindicatos y otras organizaciones sociales dado su carácter de interés público y social.",63
AND_1990_IU_es.pdf,AND,1990,IU,es,Corresponde al C.E. y S. aprobar el Plan económico cuatrienal e informar todo el desarrollo legislativo y normativo posterior que lo desarrolle.,22
AND_1990_IU_es.pdf,AND,1990,IU,es,"Igualmente, el C.E. y S. aprobará el Plan Director de Ordenación Territorial que supondrá la plasmación territorial del anterior así como la integración y determinación en un mismo instrumento planificador de todas las figuras de protección e intervención ambiental.",39
AND_1990_IU_es.pdf,AND,1990,IU,es,El C.E. y S. tendrá acceso a toda la información necesaria para controlar la ejecución del Plan y sus efectos.,20
AND_1990_IU_es.pdf,AND,1990,IU,es,"Los Consejos Comarcales coordinarán las actuaciones a su nivel territorial, en particular las incluidas en el Pacto Institucional con especial énfasis en la inversión pública, creación de empleo, etc.",29
AND_1990_IU_es.pdf,AND,1990,IU,es,"Se integrarán, como mesas sectoriales ó en la forma que se adopte, los diferentes Consejos Asesores y de otro tipo existentes.",21
AND_1990_IU_es.pdf,AND,1990,IU,es,"Las decisiones de los Consejos Económicos y Sociales se entenderán vinculantes para el sector público, sin perjuicio de la superior capacidad de decisión de los organismos representativos (Parlamento y Ayuntamientos).",30
AND_1990_IU_es.pdf,AND,1990,IU,es,"El carácter vinculante se extenderá, como mínimo a las actuaciones concertadas del resto de sectores con la Administración Pública andaluza que supongan compromiso para ésta.",25
AND_1990_IU_es.pdf,AND,1990,IU,es,"Los planes generales, Económico y Territorial, se tramitarán como Ley en el Parlamento de Andalucía.",15
AND_1990_IU_es.pdf,AND,1990,IU,es,"Las acciones de microplanificación, dentro de las líneas generales del Plan, se realizarán bajo las directrices y supervisión de los C.E.S. comarcales cuando sean de ámbito territorial y de mesas específicas que se creen cuando sean sectoriales.",37
AND_1990_IU_es.pdf,AND,1990,IU,es,"La actuación del IFA en estos casos, como agencia de desarrollo, perseguirá como objetivo la constitución y dinamización de entidades de promoción propias de los sectores y territorios, con el apoyo público necesario, bajo la dirección de los C.E.S. La forma preferente de intervención del sector público andaluz en sectores y territorios será dentro del marco de esta microplanificación.",59
AND_1990_IU_es.pdf,AND,1990,IU,es,"La estructura de UPES, UBIES, ILES, etc. existentes serán la base de la que se parta y se integrará paulatinamente en estas estructuras territoriales conforme se vayan creando.",28
AND_1990_IU_es.pdf,AND,1990,IU,es,"Comisiones Obreras de Andalucía IZQUIERDA UNIDA - CONVOCATORIA POR ANDALUCÍA Plan de urgencia para la creación de empleo mediante inversiones públicas directas y concertadas con Ayuntamientos en los sectores siguientes: - Vivienda social pública - Infraestructuras y equipamientos en el medio rural y urbano con déficits - Servicios públicos básicos - Restauración y protección del medio ambiente Plan de inserción en el mercado de trabajo para jóvenes, mujeres y parados de larga duración que incorpore las medidas siguientes: - Incentivación directa vía costes de la seguridad social a los contratos de relevo e inserción que adquieran carácter fijo en las empresas privadas.",102
AND_1990_IU_es.pdf,AND,1990,IU,es,- Financiación a los contratos de inserción y formación en Administraciones Públicas y Entidades sin fin de lucro.,18
AND_1990_IU_es.pdf,AND,1990,IU,es,- Fijación de los años como edad máxima en las figuras de contratación juvenil - Establecimiento de modalidades de contratación que contemplen jornadas laborales compatibles con procesos de formación y reciclaje y con necesidades específicas de las mujeres y hombres con responsabilidades familiares que supongan un dificultad para el acceso al empleo.,52
AND_1990_IU_es.pdf,AND,1990,IU,es,"Plan de FPO en base a las diferentes directrices sectoriales y a la marcha del mercado de trabajo, que asegure horas de formación a jóvenes en busca de primer empleo, mujeres en paro y parados de larga duración.",38
AND_1990_IU_es.pdf,AND,1990,IU,es,"En el marco de la reorganización administrativa, negociada con las organizaciones sindicales, se contemplarán las siguientes medidas: - Estabilización de interinos y contratados del sector público - Adecuación de plantillas en los servicios públicos - Reducción de horas extraordinarias en los servicios públicos tendiendo a su eliminación total - Supresión de las contrataciones fuera del capítulo primero de los presupuestos - Negociación con la Administración Central de un programa cuatrienal de creación de empleo en el sector público estatal Comisiones Obreras de Andalucía IZQUIERDA UNIDA - CONVOCATORIA POR ANDALUCÍA Puesta en marcha del sector público andaluz Derecho a la negociación plena de los trabajadores de ala Administración incluyendo las ofertas de empleo, los mecanismos de promoción e ingreso y las clasificaciones de puestos de trabajo.",125
AND_1990_IU_es.pdf,AND,1990,IU,es,Elaboración de un Estatuto de la Empresa Pública Andaluza que contemple la participación de los trabajadores en los Consejos de Administración de las empresas públicas andaluzas y sus participadas.,29
AND_1990_IU_es.pdf,AND,1990,IU,es,"Plan de defensa de la calidad de trabajo que incorpore programas especiales en sectores de alto riesgo, campañas de reconocimientos preventivos, investigación y control de nuevas enfermedades profesionales y derechos de información sobre los riesgos ambientales derivados de los procesos productivos.",41
AND_1990_IU_es.pdf,AND,1990,IU,es,"Dentro del marco de las medidas para combatir la discriminación sexista y para alcanzar una mayor integración de la mujer en el mundo laboral en igualdad de condiciones, se adoptarán las medidas siguientes: Inicio, con carácter urgente, de un plan sectorial dirigido a la confección textil y otras manufacturas donde las mujeres son mayoritarias, que plantee la modernización como vía para mejorar las condiciones de trabajo.",66
AND_1990_IU_es.pdf,AND,1990,IU,es,"Establecimiento de mecanismos de discriminación positiva para la promoción en el sector público, favorables a la mujer en caso de igualdad de otras circunstancias objetivas.",25
AND_1990_IU_es.pdf,AND,1990,IU,es,"Denuncia, desde la Junta de Andalucía ante la Administración Central de la legislación discriminatoria que impide el acceso al trabajo a las mujeres ó discrimina de forma explícita (agricultura, minería, .",31
AND_1990_IU_es.pdf,AND,1990,IU,es,) ó implícita (empleadas de hogar).,6
AND_1990_IU_es.pdf,AND,1990,IU,es,Denuncia de convenios colectivos que consagren situaciones discriminatorias.,8
AND_1990_IU_es.pdf,AND,1990,IU,es,"Creación, dentro de la Inspección de Trabajo, de unidades administrativas dirigidas especialmente a velar por la igualdad y no discriminación.",20
AND_1990_IU_es.pdf,AND,1990,IU,es,"Intervención, de oficio, de la Administración de relaciones laborales en todos los casos de acoso sexual en el puesto de trabajo, acompañada de una campaña de difusión e información.",29
AND_1990_IU_es.pdf,AND,1990,IU,es,Instauración de la obligatoriedad de las guarderías laborales a partir de un umbral de trabajadoras.,15
AND_1990_IU_es.pdf,AND,1990,IU,es,Comisiones Obreras de Andalucía IZQUIERDA UNIDA - CONVOCATORIA POR ANDALUCÍA IU-CA propone la implantación del salario social con carácter individual para quienes no dispongan de rentas o ingresos superiores a las .,32
AND_1990_IU_es.pdf,AND,1990,IU,es,anuales y no puedan acceder a otro tipo de prestación.,10
AND_1990_IU_es.pdf,AND,1990,IU,es,La percepción asegurada será inicialmente de . ptas.,8
AND_1990_IU_es.pdf,AND,1990,IU,es,"mensuales, con pagas, y llevará asociado el derecho a la atención médica y farmacéutica gratuita, así como a los servicios sociales públicos.",22
AND_1990_IU_es.pdf,AND,1990,IU,es,Los perceptores del Salario Social estarán obligados a la realización de actividades de formación y reciclaje profesional o a la prestación de actividades de carácter social no laboral que se determinen por los Consejos Económicos y Sociales.,37
AND_1990_IU_es.pdf,AND,1990,IU,es,"Para la elaboración del Censo de los beneficiarios de estas medidas, que se revisará anualmente, se contará con los Ayuntamientos y los servicios sociales públicos a escala local.",28
AND_1990_IU_es.pdf,AND,1990,IU,es,"El gobierno de IU-CA se fijará la cobertura del de la población andaluza por los servicios sanitarios y sociales públicos en cuatro años, priorizando los aspectos siguientes: - Atención general y especializada a la tercera edad, incluyendo un plan de residencias que cubra todo el territorio andaluz - Atención a minorías étnicas y otros grupos marginados Comisiones Obreras de Andalucía IU-CA propondrá que la Junta de Andalucía presione ante la Administración Central para alcanzar una cobertura de desempleo al menos del y la eliminación de las elementos discriminatorios de determinados regímenes de la Seguridad Social, específicamente el R.E.A., el de los trabajadores del Mar, el de Autónomos y el de las Empleadas de Hogar, en la perspectiva de alcanzar las mismas prestaciones en todos los casos.",126
AND_1990_IU_es.pdf,AND,1990,IU,es,"La Junta de Andalucía reclamará las competencias para la gestión de la Seguridad Social en Andalucía, para acelerar los procesos de acceso a las prestaciones y la lucha contra el fraude.",31
AND_1990_IU_es.pdf,AND,1990,IU,es,"IZQUIERDA UNIDA - CONVOCATORIA POR ANDALUCÍA Las diferentes formas de economía social en Andalucía (cooperativas, S.A.L., autónomos, agricultores y empresas pequeñas y medianas), serán prioritarias en la actuación de fomento económico de la Junta de Andalucía por su carácter creador de empleo y el papel que están destinados a jugar en el proceso de desarrollo.",55
AND_1990_IU_es.pdf,AND,1990,IU,es,"Por este motivo serán destinatarias con carácter general y prioritario de las ayudas públicas y, como se recoge en las líneas sectoriales, serán objeto de atención preferente en la política de fomento.",32
AND_1990_IU_es.pdf,AND,1990,IU,es,"Las contrapartidas requeridas serán la efectiva modernización de estos sectores en base a proyectos colectivos que aseguren un tejido económico más eficaz y flexible en el marco de los diversos planes que emanen de los C.E.S. Con el fin de crear más empleo y que este sea viable y de futuro, el gobierno andaluz dirigido por IU-CA adoptará las medidas siguientes: Dotación a las organizaciones de la economía social de recursos TOTAL: Asegurar el asesoramiento inicial y el apoyo técnico durante el período de puesta en marcha de las nuevas iniciativas.",91
AND_1990_IU_es.pdf,AND,1990,IU,es,"Articulación de medidas para asegurar la formación y reciclaje profesional, incorporación de nuevas tecnologías y mejora de la gestión empresarial a través de las organizaciones del sector.",27
AND_1990_IU_es.pdf,AND,1990,IU,es,"Potenciación del sistema de pago único, con prima en caso de creación de un puesto de trabajo adicional.",18
AND_1990_IU_es.pdf,AND,1990,IU,es,Aplicación al máximo de la Ley de Defensa de la Competencia y persecución de los casos de abuso de posición dominante de la gran empresa y los monopolios.,28
AND_1990_IU_es.pdf,AND,1990,IU,es,Definición de marcos específicos de financiación a las empresas de la economía social que contemplen la política de avales y garantías y plazos y costes adecuados en la financiación.,29
AND_1990_IU_es.pdf,AND,1990,IU,es,"Con el fin de apoyar el desarrollo de la Economía Social y garantizar la representación de sus intereses en los órganos de la Planificación Democrática, son necesarias organizaciones de la Economía Social fuertes, que presten servicios reales y sean representativas.",40
AND_1990_IU_es.pdf,AND,1990,IU,es,"Para ello IU-CA propone las medidas siguientes: Consideración a las organizaciones de la Economía Social en plano de igualdad con las de la gran patronal, en tanto no se deslinden las representaciones por mecanismos democráticos objetivos.",36
AND_1990_IU_es.pdf,AND,1990,IU,es,"Financiación, por parte de la Junta de Andalucía de la presencia de las organizaciones de la Economía Social de Andalucía, ante las instituciones comunitarias.",24
AND_1990_IU_es.pdf,AND,1990,IU,es,"Creación de euroventanillas en todas las provincias gestionadas por las organizaciones de la economía social Comisiones Obreras de Andalucía IZQUIERDA UNIDA - CONVOCATORIA POR ANDALUCÍA Creación, con cargo al programa STAR, de una red de asesoramiento por Videotex para las organizaciones citadas La Junta de Andalucía dirigida por IU-CA propiciará un nuevo marco legal para la economía social en la medida de sus competencias y en la interlocución con el Gobierno Central.",72
AND_1990_IU_es.pdf,AND,1990,IU,es,Dicho marco recogerá: El establecimiento de cuotas de la Seguridad Social adaptadas a las necesidades de los diversos sectores.,19
AND_1990_IU_es.pdf,AND,1990,IU,es,"La cobertura de desempleo, jubilación y enfermedad en condiciones similares al Régimen General para los autónomos La flexibilización del cambio de Régimen en las cooperativas El incremento de las posibilidades de contratación laboral en las cooperativas Establecimiento de un Estatuto Fiscal específico para las empresas de economía social que faciliten su capitalización Desde la Junta de Andalucía se protegerá especialmente a las empresas cooperativas y S.A.L. que presten servicios públicos o atiendan a necesidades básicas como educación, transporte, construcción, etc.",80
AND_1990_IU_es.pdf,AND,1990,IU,es,Dicho apoyo se basará en la garantía para sus trabajadores de condiciones laborales iguales a los del sector público y contribución a sus inversiones en la medida en que sustituyan la inversión pública.,33
AND_1990_IU_es.pdf,AND,1990,IU,es,"Como contrapartida, se les requerirá un nivel de prestación de servicios igual al establecido para el sector público, lo que garantizará con las reservas necesarias.",25
AND_1990_IU_es.pdf,AND,1990,IU,es,"La Administración Andaluza facilitará el acceso al mercado de compras públicas de las empresas de la economía social en condiciones de competitividad, reduciendo los plazos de pago y facilitando la licitación.",31
AND_1990_IU_es.pdf,AND,1990,IU,es,"IU-CA es consciente de que la economía social se encuentra en muchos casos en situación irregular ó francamente sumergida, la mayoría de las veces, por verse obligada a operar en los sectores menos rentables del mercado por la competencia de los monopolios.",42
AND_1990_IU_es.pdf,AND,1990,IU,es,"IU-CA es consciente, igualmente, que las medidas represivas no son la solución, pues en muchos casos las causas son estructurales.",20
AND_1990_IU_es.pdf,AND,1990,IU,es,"Por eso la lucha contra la economía sumergida requiere la modernización y reconversión de las empresas y su paso a zonas de rentabilidad, a la vez que a la evitación de prácticas monopolistas y abusivas de la gran empresa.",39
AND_1990_IU_es.pdf,AND,1990,IU,es,"Por lo anterior, IU-CA priorizará la actuación en los sectores donde la economía sumergida está más presente con medidas de mejora de la productividad y de desintermediación y mejora de las posibilidades comerciales de la Economía Social.",37
AND_1990_IU_es.pdf,AND,1990,IU,es,"En ningún caso, sin embargo, se primarán actividades sumergidas y menos cuando sean elementos de competencia desleal y dumping social.",20
AND_1990_IU_es.pdf,AND,1990,IU,es,"Comisiones Obreras de Andalucía IZQUIERDA UNIDA - CONVOCATORIA POR ANDALUCÍA La situación actual en el medio rural en Andalucía se caracteriza de forma determinante por el efecto del subsidio agrario y del P.E.R. Las consecuencias inmediatas y a medio plazo de este régimen son: La generación de un modelo social subsidiado y dependiente de las instituciones y de la patronal, que rompe los valores de clase y la solidaridad, afecta a la dignidad del que aparentemente se beneficia del mismo y dificulta enormemente, por lo tanto, las posibilidades de articulación de una alternativa democrática de progreso a la marginación del medio rural El efecto sociológico que contiene el sistema, en el sentido de obligar a las personas, en particular los jóvenes y las mujeres, a permanecer en la unidad familiar paterna con el fin de poder sumar los subsidios hasta un ingreso familiar suficiente La destrucción del tejido productivo local no agrario en el medio rural, que pasa a convertirse en economía sumergida, a la vez que no se plantea su propia viabilidad y renovación La distorsión del funcionamiento de la agricultura, en particular de las pequeñas explotaciones familiares, en las que la renta percibida a través del subsidio evita cuestionar la situación en la que, de no existir éste, se encontrarían La distorsión en los ingresos municipales provocada por el P.E.R., con el que se confunden la atención a las necesidades de infraestructuras y equipamientos con la prioridad de generar empleo Una situación como ésta es coherente con las necesidades del sistema a corto plazo: permite mantener unos niveles de consumo aceptables y necesarios, a la vez que mantiene la desarticulación social y la marginación efectiva de la población rural.",281
AND_1990_IU_es.pdf,AND,1990,IU,es,"La alternativa, por lo tanto, debe cifrarse en elementos de transformación estructural, y tiene, sin embargo, que comprender el efecto que el sistema actual tiene sobre la renta, renta que deberá mantenerse para que dicha alternativa sea aceptable para la mayoría de la población rural.",45
AND_1990_IU_es.pdf,AND,1990,IU,es,"En este sentido es preciso distinguir los mecanismos de protección social de los mecanismos de transformación estructural, con la consiguiente creación de empleo en el medio rural.",27
AND_1990_IU_es.pdf,AND,1990,IU,es,"Afortunadamente, una de las grandes victorias recientes del movimiento obrero en éste país es la de legitimar figuras de protección cada vez más amplias y universales como es el caso del salario social.",33
AND_1990_IU_es.pdf,AND,1990,IU,es,"Las personas, por el sólo hecho de serlo, tienen derecho a la supervivencia en unas condiciones mínimamente dignas.",18
AND_1990_IU_es.pdf,AND,1990,IU,es,Este criterio permite orientar una alternativa democrática y de progreso a la situación que se vive en el mundo rural en un momento de grandes transformaciones.,26
AND_1990_IU_es.pdf,AND,1990,IU,es,"En el fondo, por lo tanto, se trata de separar tres cuestiones: El derecho a una protección social tanto directa (renta directamente percibida) como indirecta (servicios públicos, equipamientos, etc.) que se oponga a la marginación creciente de muchos ámbitos rurales La reforma de las estructuras agrarias, entendida como la necesaria evolución de este sistema productivo hacia la eficacia y la competitividad, incluyendo la generación de empleo y el mayor control de la población rural sobre la base fundamental de su sustento Comisiones Obreras de Andalucía IZQUIERDA UNIDA - CONVOCATORIA POR ANDALUCÍA incluso la propiedad de los medios de producción, en definitiva la Reforma Agraria Integral La creación de un tejido económico no exclusivamente agrario en el medio rural, con mayor o menor relación con el anterior, capaz, igualmente, de crear empleo y retener el máximo de valor añadido posible en las zonas de producción.",144
AND_1990_IU_es.pdf,AND,1990,IU,es,"La creación de la Política Agraria Comunitaria (P.A.C.) en los años sesenta se basaba en el desarrollo de las áreas más competitivas, con explotaciones agrarias consideradas más eficientes, dentro de una filosofía muy productivista.",34
AND_1990_IU_es.pdf,AND,1990,IU,es,"Ello dio lugar la marginación de las agriculturas más débiles y a la consolidación de formas de producción orientadas al superávit y especializadas en lácteos, carnes y cereales.",28
AND_1990_IU_es.pdf,AND,1990,IU,es,"Las contradicciones que esta política generaba y su elevado coste, obligaron a una reforma de la P.A.C. en sentido restrictivo: tasas de corresponsabilidad, umbrales de garantía, política de abandono de tierras,.",31
AND_1990_IU_es.pdf,AND,1990,IU,es,"El ingreso de Grecia, España y Portugal en la CEE coincide con esta revisión de la P.A.C. y pone en evidencia lo inadecuado de la misma y sus sucesivas reformas a las estructuras agrarias de los países del Sur de Europa.",41
AND_1990_IU_es.pdf,AND,1990,IU,es,Las políticas de estabilización presupuestaria y precios se traducen en un castigo directo a la renta de estos agricultores.,19
AND_1990_IU_es.pdf,AND,1990,IU,es,"Este castigo, que afecta principalmente a las explotaciones agrarias, no se compensa con una política de estructuras que evite la desintegración de gran parte del tejido agrario andaluz.",28
AND_1990_IU_es.pdf,AND,1990,IU,es,"Por el contrario, el pequeño y mediano agricultor y las cooperativas se ven obligados a competir en claras condiciones de inferioridad, lo que se traduce en la práctica en un salvese quien pueda.",33
AND_1990_IU_es.pdf,AND,1990,IU,es,"Esto es, una reconversión agraria por su peso con unas contrapartidas claramente insuficientes; los presupuestos dedicados a estructuras, turas, fundamentalmente el FEOGA-orientación, suponen un procentaje mínimo en relación a los presupuestos dedicados a sostenimiento de precios y mercados.",38
AND_1990_IU_es.pdf,AND,1990,IU,es,"Sumando a este marco las deficiencias constatables en el Tratado de Adhesión así como las dificultades objetivas en la aplicación de la P.A.C. en España (decreto ) en beneficio de los pequeños y medianos agricultores, se obtiene un panorama en el cual las expectativas que el ingreso en la CEE generó no se han visto correspondidas más que con un incremento de las dificultades y desequilibrios.",66
AND_1990_IU_es.pdf,AND,1990,IU,es,"Las apariencias pueden indicar la existencia de un desarrollo, incluso de un notable desarrollo en la agricultura andaluza durante los últimos años.",22
AND_1990_IU_es.pdf,AND,1990,IU,es,"Sin embargo, hay evidencias que indican lo inadecuado del modelo de crecimiento.",12
AND_1990_IU_es.pdf,AND,1990,IU,es,"Se ha producido crecimiento económico en determinadas comarcas, fundamentalmente en el litoral, produciéndose por contra un estancamiento, incluso una recesión en las comarcas desfavorecidas del interior.",26
AND_1990_IU_es.pdf,AND,1990,IU,es,"En algunos casos el desarrollo ha estado basado en el monocultivo (flor cortada en Cádiz, fresas en Huelva, .",19
AND_1990_IU_es.pdf,AND,1990,IU,es,) con el consiguiente riesgo de colapso para las economías de la comarca por la saturación de los mercados y la dependencia de las firmas extranjeras.,26
AND_1990_IU_es.pdf,AND,1990,IU,es,"Ha habido una notable penetración de capital, en el sector agroalimentario que, en general, ha contribuido a acentuar más los desequilibrios territoriales.",22
AND_1990_IU_es.pdf,AND,1990,IU,es,"La explotación familiar y el sector cooperativo han ido perdiendo peso gradualmente al verse atenazados por un lado por las empresas que suministan inputs, y por otro por las que comercializan y transforman los productos y que se han beneficiado de unos mercados Comisiones Obreras de Andalucía IZQUIERDA UNIDA - CONVOCATORIA POR ANDALUCÍA unas normas comunitarias hechas a su medida (veánse los ejemplos de los sectores de la leche, el azúcar, etc.) Cuando se persigue un máximo beneficio en el menor plazo posible en el medio rural, se cae en el deterioro de los recursos naturales, llegando a situaciones a veces irresistibles.",102
AND_1990_IU_es.pdf,AND,1990,IU,es,"A un histórico proceso de desforestación en Andalucía se añade estos últimos años un inadecuado uso del agua que puede conducir a su agotamiento en determinadas zonas o a la salinización de los acuíferos y por tanto a su inutilidad a corto plazo, con carácter prácticamente irreversible.",47
AND_1990_IU_es.pdf,AND,1990,IU,es,"El abuso de pesticidas y fertilizantes, así como la falta de planes de eliminación de residuos en zonas de agricultura intensiva constituye un factor más de deterioro medioambiental.",28
AND_1990_IU_es.pdf,AND,1990,IU,es,A los que habrá que sumar los vertidos industriales y que no son adecuadamente tratados ni canalizados.,17
AND_1990_IU_es.pdf,AND,1990,IU,es,"Por otra parte, cabe señalar la pérdida de suelo rústico debido a la erosión, incendios forestales, avance no planificado de la ocupación urbana, (.",24
AND_1990_IU_es.pdf,AND,1990,IU,es,Hectáreas en el período de .-.,6
AND_1990_IU_es.pdf,AND,1990,IU,es,La Ley de Reforma Agraria de de Julio de . señalaba como principios en los que se inspiraba los siguientes: a) El cumplimiento de la función social de la propiedad de la tierra b) El establecimiento y desarrollo de explotaciones agrarias rentables social y económicamente.,45
AND_1990_IU_es.pdf,AND,1990,IU,es,La contribución a la solución de graves problemas sociales Qué resultados ha habido en los años de vigencia de la Ley?,21
AND_1990_IU_es.pdf,AND,1990,IU,es,"Comisiones Obreras de Andalucía En primer lugar, y por razones judiciales, se produce un amplio período de paralización de las posibles actuaciones.",22
AND_1990_IU_es.pdf,AND,1990,IU,es,"La patronal representante de los grandes propietarios ha recurrido en numerosas ocasiones ante los tribunales de justicia la Ley y sus disposiciones derivadas, con éxito en ocasiones, dada la baja calidad jurídica de algunas normas de aplicación de la Junta de Andalucía, por ejemplo el Reglamento hubo de hacerse por dos veces.",52
AND_1990_IU_es.pdf,AND,1990,IU,es,"Pero finalmente, el Tribunal Constitucional falló en Marzo de .",10
AND_1990_IU_es.pdf,AND,1990,IU,es,"favorablemente a la Ley, de tal forma que de haber existido voluntad política para su aplicación, la Ley de Reforma Agraria sería un buen instrumento de actuación para conseguir los objetivos fijados en su artículo primero citados anteriormente.",38
AND_1990_IU_es.pdf,AND,1990,IU,es,Sin embargo eso tampoco ocurrió.,5
AND_1990_IU_es.pdf,AND,1990,IU,es,"No ha habido en todos estos años expropiación de una sola Hectárea de tierra en nuestra Comunidad Autónoma, con lo que las posibilidades de producirse asentamientos de trabajadores agrícolas en fincas que incumplen la función social de la tierra, han sido nulas.",42
AND_1990_IU_es.pdf,AND,1990,IU,es,"Los escasos asentamientos realizados por el IARA se han llevado a cabo en nuevas zonas regables, pero no por una rigurosa acción en las comarcas declaradas de Reforma Agraria sobre propiedades infrautilizadas.",32
AND_1990_IU_es.pdf,AND,1990,IU,es,Incluso lo realizado en este terreno ha sido inferior a los previsto según las Memorias del propio IARA (entre .,20
AND_1990_IU_es.pdf,AND,1990,IU,es,se asentaron colonos sobre una previsión del IARA de ).,10
AND_1990_IU_es.pdf,AND,1990,IU,es,"Por otra parte, la forma en que se están efectuando los asentamientos en nuevas zonas regables resulta inaceptable.",18
AND_1990_IU_es.pdf,AND,1990,IU,es,Las condiciones de vida en que la Junta de Andalucía a través del IARA sitúa a los colonos son absolutamente mejorables.,21
AND_1990_IU_es.pdf,AND,1990,IU,es,"El hecho para quienes proceden de otros municipios, sin suficientes recursos financieros, con deficiencias en la capacitación profesional, coloca a estos grupos cooperativos e individuos aislados en manos de la banca y en inferioridad de condiciones dentro del mercado competitivo en el que se obliga a sobrevivir.",47
AND_1990_IU_es.pdf,AND,1990,IU,es,"Ni siquiera ofrece el IARA planes de cultivo alternativos, basados por ejemplo en agricultura ecológica, o combinación de diversas fuentes de recursos (agroturismo, productos artesanales) que pudiesen colaborar a ir crean- IZQUIERDA UNIDA - CONVOCATORIA POR ANDALUCÍA do colectivos de agricultores que no necesariamente debieran caer en el mundo productivista de la agriuchtura intensiva dependiente de los agroquímicos, la banca y los grandes oligopolios del mercado.",66
AND_1990_IU_es.pdf,AND,1990,IU,es,Tampoco han sido puestos en aplicación planes de mejora forzosa ni el impuesto por infrautilización en ninguna de las grandes fincas de las comarcas declaradas por falta de voluntad política del Gobierno Andaluz para aplicar la Ley pese a contar con instrumentos para ello y el apoyo de los sectores sociales más necesitados.,53
AND_1990_IU_es.pdf,AND,1990,IU,es,"Sí se han observado en cambio algunos efectos indirectos de la Ley de Reforma Agraria, pero tampoco positivos.",18
AND_1990_IU_es.pdf,AND,1990,IU,es,"En primer lugar se ha producido un encarecimiento del precio de la tierra, incorporándose dinero negro, según fuentes oficiales, al medio rural andaluz.",23
AND_1990_IU_es.pdf,AND,1990,IU,es,Se ha producido traspaso de propiedades en numerosas comarcas de nuestra geografía interviniendo en estas actividades capitales ajenos al sector agrario que actúan de reclamo para la abandono de la actividad agraria de pequeñas explotaciones familiares.,36
AND_1990_IU_es.pdf,AND,1990,IU,es,"También se señala desde fuentes oficiales que otro efecto positivo ha sido la mayor generación de empleo en las comarcas de Reforma Agraria, intensificándose al mismo tiempo la productividad.",29
AND_1990_IU_es.pdf,AND,1990,IU,es,"Sin embargo, los aumentos de productividad han beneficiado solamente a los propietarios de la tierra y el crecimiento del empleo, si lo ha habido, ha sido de carácter precario, no estable, razones suficientes para que no compartamos esta complacencia.",39
AND_1990_IU_es.pdf,AND,1990,IU,es,A das estructuras agrarias en Andalucía siguen operando al margen de los intereses de la mayoría de la población rural y en su perjuicio.,24
AND_1990_IU_es.pdf,AND,1990,IU,es,"Todos los cambios que se vienen produciendo en las diferentes agriculturas que se dan en Andalucía tienen un denominador común: los elementos de avance y progreso no constituyen la base de una mejora de la renta y la calidad de vida de los trabajadores y agricultores, los estancamientos y los nuevos problemas sí recaen sobre ellos.",56
AND_1990_IU_es.pdf,AND,1990,IU,es,"IU-CA apuesta por una transformación de las estructuras agrarias andaluzas en favor de estos sectores y dirigida por ellos, en el marco de los Consejos y Juntas Comarcales y, en general, de la Planificación Democrática.",35
AND_1990_IU_es.pdf,AND,1990,IU,es,"La organización de estos sectores es, por lo tanto, una necesidad prioritaria para el desarrollo del medio rural andaluz.",19
AND_1990_IU_es.pdf,AND,1990,IU,es,La acción del sector público se orientará prioritariamente a crear condiciones para un mayor protagonismo de los mismos.,18
AND_1990_IU_es.pdf,AND,1990,IU,es,"Una nueva Ley de Reforma de Agraria ha de ser un instrumento eficaz que impulse un desarrollo equilibrado de todas las comarcas andaluzas y para ello IZQUIERDA-UNIDA CONVOCATORIA POR ANDALUCÍA se compromete a desarrollar una ley que contemple: - La ampliación de la Ley a todas las comarcas andaluzas, que permita actuar de forma selectiva y coherente de acuerdo a las necesidades reales.",63
AND_1990_IU_es.pdf,AND,1990,IU,es,"- Creación de las Juntas Comarcales, con la participación los Ayuntamientos, sindicatos, empresarios y Administración.",15
AND_1990_IU_es.pdf,AND,1990,IU,es,"- Introducción de la expropiación por utilidad pública - Dotación presupuestaria adecuada para el desarrollo de las comarcas que permita actuar eficazmente sobre las infraestructuras rurales, el factor tierra y la estabilidad de los proyectos Comisiones Obreras de Andalucía IZQUIERDA UNIDA - CONVOCATORIA POR ANDALUCIA La mejora de la infraestructura rural es indispensable para el desarrollo de la agricultura y de la silvicultura.",63
AND_1990_IU_es.pdf,AND,1990,IU,es,"Ello se pretende a través de: - Medidas destinadas a la diversificación de las actividades (agricultura, artesanía, agroindustria, turismo, silvicultura, etc.) - Concentración parcelaria - Mejora de las tierras destinadas a agricultura y pastos - Mejora y renovación de las redes de riego y el acondicionamiento de los sistemas de drenajes - Mejora de caminos rurales - Planes de formación Un obstáculo para el desarrollo agrario en Andalucía es el precio del mercado de la tierra y la distribución de su propiedad.",82
AND_1990_IU_es.pdf,AND,1990,IU,es,La Ley de Reforma Agraria debe actuar para regular el mercado de la tierra con medidas que caben perfectamente en el marco de nuestra Constitución: - Medidas fiscales que gravan la plusvalía obtenida en las ventas de tierra - Aplicación cuando convenga del derecho de retracto a favor de la Comunidad Autónoma en las transacciones de tierra - Empleo del impuesto sobre tierras infrautilizadas.,64
AND_1990_IU_es.pdf,AND,1990,IU,es,- Impuesto sobre el patrimonio progresivo y sobre el valor real del inmueble La distribución de la propiedad es un factor limitante en determinadas comarcas de Andalucía.,27
AND_1990_IU_es.pdf,AND,1990,IU,es,Unas por su carácter minifundista y gran dispersión de las explotaciones y otras por su carácter latifundista propia de tiempos pasados.,21
AND_1990_IU_es.pdf,AND,1990,IU,es,IZQUIERDA-UNIDA CONVOCATORIA POR ANDALUCIA actuará para que la distribución de la propiedad no limite en nada cuantas opciones se den con avance de un desarrollo socio-económico.,26
AND_1990_IU_es.pdf,AND,1990,IU,es,"Si es necesaria una concentración de las explotaciones actuará con la concentración parcelaria; si es necesario para el asentamiento de trabajadores y cooperativas en una comarca, tendrá que expropiarse.",29
AND_1990_IU_es.pdf,AND,1990,IU,es,- La participación de la comarca en inversiones de la Comunidad Autónoma - Creación del Fondo Andaluz de Cooperación Municipal para asegurar la participación de los ayuntamientos en los planes comarcales - Reinserción en el sector agrario de parte de los beneficios de las empresas especialmente en investigación y desarrollo - Modificación del actual papel de parte de los beneficios de las empresas especialmente en investigación y desarrollo - Modificación del actual papel de las Cajas Rurales; su integración en el sistema financiero de las Cajas de Ahorro y la obligación por parte de estas de contribuir a financiar planes comarcales Aplicación correcta de los objetivos y Reglamentos de la CEE y que pueden contribuir a corregir las desviaciones que produce el crecimiento desequilibrado de las comarcas.,127
AND_1990_IU_es.pdf,AND,1990,IU,es,Participación directa de las comarcas en los fondos del Plan de Desarrollo Regional.,13
AND_1990_IU_es.pdf,AND,1990,IU,es,"Comisiones Obreras de Andalucía IZQUIERDA UNIDA - CONVOCATORIA POR ANDALUCÍA Para remediar la situación de deterioro y en ocasiones de arbitrariedad en la que están viviendo los obreros agrícolas en paro, con subsidios llenos de irregularidades y con falta de perspectivas de una vida digna, IU-CA quiere proponer una nueva filosofía superadora de fraudes, humillaciones y marginación.",57
AND_1990_IU_es.pdf,AND,1990,IU,es,"En este sentido, es preciso, hacer realidad el principio de MAS TRABAJO Y MENOS SUBSIDIO, mediante las siguientes actuaciones: - Trabajo público a cambio de un salario público - Reforma en profundidad del PER.",34
AND_1990_IU_es.pdf,AND,1990,IU,es,"Los ayuntamientos deben aplicar estos fondos atendiendo a su finalidad concreta, reclamando de otras administraciones la financiación para las obras de su competencia - Planes comarcales de inversiones que generen al menos cuatro meses de trabajo público para los auténticos obreros agrícolas en paro - Unir los fondos del PER y el subsidio en la bolsa común en plan experimental, en algunas comarcas, para la realización de obras públicas de interés social - Plan de capacitación profesional de cara a proyectos de desarrollo agroindustrial en el medio rural.",88
AND_1990_IU_es.pdf,AND,1990,IU,es,"Formación ocupacional rural con la participación de los sindicatos - Jubilación anticipada a partir de los sesenta años - Fomento de un cooperativismo planificado y con recursos - Asegurar la presencia de los trabajadores asalariados en los foros comunitarios Archivo: El Cobertura de una forma legal, justa y sin fraude en épocas de paro, jubilación y enfermedad Nueva Ley que regule las relaciones laborales en el campo Conocemos por explotación familiar agraria aquella en la que trabaja DIRECTAMENTE el titular (propietario, arrendatario, colono, aparecer.",84
AND_1990_IU_es.pdf,AND,1990,IU,es,) y su familia,4
AND_1990_IU_es.pdf,AND,1990,IU,es,con una dedicación principal recibiendo por ello la mayor parte de los ingresos totales,14
AND_1990_IU_es.pdf,AND,1990,IU,es,El conjunto de problemas que pesan hoy sobre la explotación familiar agraria es amplio y heterogéneo.,16
AND_1990_IU_es.pdf,AND,1990,IU,es,Las transformaciones que se han producido en la agricultura de carácter familiar lo han hecho a un ritmo muy desigual dependiendo del entorno geográfico y socioeconómico donde se desarrolla su actividad.,31
AND_1990_IU_es.pdf,AND,1990,IU,es,El programa de IU-CA aborda la complejidad del problema considerando los nuevos elementos que entran a formar parte de la agricultura en general y de la explotación familiar en especial.,30
AND_1990_IU_es.pdf,AND,1990,IU,es,"Efectivamente, la concepción del mundo rural implica algo más que una delimitación geográfica y una actividad agrogranadera; se refiere a un tejido económico-social que entraña un conjunto de actividades de lo más diverso.",33
AND_1990_IU_es.pdf,AND,1990,IU,es,La revitalización del tejido socioeconómico no puede basarse sólo en la acción directa a la agricultura.,16
AND_1990_IU_es.pdf,AND,1990,IU,es,"Por otra parte, con la plena integración de España a la CEE, en la agricultura andaluza se va a producir un ajuste a las necesidades del mercado europeo e internacional.",30
AND_1990_IU_es.pdf,AND,1990,IU,es,El que este hecho tenga consecuencias más o menos traumáticas para el sector de la agricultura familiar va a depender de su grado de desarrollo.,25
AND_1990_IU_es.pdf,AND,1990,IU,es,La Política Agraria Comunitaria responde a un esquema productivista que ha demostrado acentuar los desequilibrios; no está pensada para llevar a cabo reformas agrarias profundas.,25
AND_1990_IU_es.pdf,AND,1990,IU,es,Pese a ello la Comunidad Autónoma ha de sacar el máximo rendimiento de los fondos estructurales europeos.,17
AND_1990_IU_es.pdf,AND,1990,IU,es,Comisiones Obreras de Andalucía IZQUIERDA UNIDA - CONVOCATORIA POR ANDALUCÍA En este sentido no puede hablarse de una agricultura andaluza sino de las AGRICULTURAS ANDALUZAS.,25
AND_1990_IU_es.pdf,AND,1990,IU,es,"Una propuesta de crecimiento armónico aplicada a una Comunidad con agriculturas y entornos rurales heterogéneos, obliga a abordar las actuaciones y consiguientemente el apoyo de forma selectiva y coherente.",29
AND_1990_IU_es.pdf,AND,1990,IU,es,"En las últimas décadas, lejos de aplicarse una política tendente a suavizar los desequilibrios históricos, se ha alentado un proceso de selección de explotaciones agrarias, ignorándose y dando por superados los problemas estructurales que afectan a un gran número de explotaciones, en su mayoría de carácter familiar y de dedicación a tiempo parcial.",53
AND_1990_IU_es.pdf,AND,1990,IU,es,"Las consecuencias están a la vista: Comarcas de agricultura puntera han constituido polos de atracción para nuevas inversiones, agrarias y de apoyo, mientras en comarcas deprimidas, donde la mayoría de los agricultores pasa situaciones de estrecheces, hay una ausencia total de apoyo en inversiones (públicas o privadas) que afecta, no sólo a la actividad agraria sino que incide en la propia calidad de vida del conjunto de la población: Calidad y cantidad de trabajo Transportes y comunicaciones Medio ambiente y recursos naturales, etc.",83
AND_1990_IU_es.pdf,AND,1990,IU,es,"Mientras hay comarcas que, dada su actividad económica son (al menos temporalmente) deficitarias en mano de obra, otras se ven afectadas por fuertes emigraciones por carecer de una política de estímulo del EMPLEO acorde a sus posibilidades naturales.",38
AND_1990_IU_es.pdf,AND,1990,IU,es,Las comarcas con fuerte crecimiento atraen la especulación.,8
AND_1990_IU_es.pdf,AND,1990,IU,es,Ello da lugar a que bienes primarios como la VIVIENDA queden fuera del alcance del segmento de población más débil.,20
AND_1990_IU_es.pdf,AND,1990,IU,es,"El contrapunto lo aportan las zonas rurales deprimidas de montaña, donde las viviendas, generalmente mal equipadas (.",17
AND_1990_IU_es.pdf,AND,1990,IU,es,hogares no disponen de servicio de higiene y .,9
AND_1990_IU_es.pdf,AND,1990,IU,es,"carecen de agua corriente) son abandonadas, lo que está dando lugar a que pequeñas aldeas serranas de Andalucía se vean condenadas a la despoblación a corto plazo y medio plazo.",30
AND_1990_IU_es.pdf,AND,1990,IU,es,El mítico horizonte de .,5
AND_1990_IU_es.pdf,AND,1990,IU,es,ha dado lugar a una política de inversiones muy localizadas.,10
AND_1990_IU_es.pdf,AND,1990,IU,es,"Estas inversiones efectuadas sin atender a las necesidades sociales y territoriales no solucionan los problemas del, en general, precario sistema de COMUNICACIONES del medio rural.",25
AND_1990_IU_es.pdf,AND,1990,IU,es,En comarcas con una gran actividad económica se aprecia una falta de respeto total hacia EL MEDIO AMBIENTE.,18
AND_1990_IU_es.pdf,AND,1990,IU,es,"Acciones como desmontes forestales, vertidos industriales, ocupación de vías pecuarias, etc, suelen quedar en la impunidad.",16
AND_1990_IU_es.pdf,AND,1990,IU,es,"Por otra parte, medidas tendentes a proteger el medio ambiente y los RECURSOS NATURALES (indemnizaciones a agricultores en zonas ecológicamente sensibles) no son aplicadas en toda su amplitud.",28
AND_1990_IU_es.pdf,AND,1990,IU,es,"Muy al contrario la Administración Autónoma acostumbra a ceder ante los grupos económicos potentes: En comarcas fundamentalmente costeras, donde el consumo de agua pone en grave peligro los acuíferos naturales, los primeros recortes, en forma de bloqueo de concesiones o coste elevado del agua de riego, afectan de manera muy especial a la actividad agraria, aún cuando se utilicen métodos que permiten maximizar este recurso hasta niveles difícilmente mejorables técnicamente (riego localizado de goteo).",74
AND_1990_IU_es.pdf,AND,1990,IU,es,"Este amplio abanico de problemas, producto de un desarrollo desequilibrado de la agricultura andaluza, requiere un conjunto de medidas de actuación de nuestra Comunidad Autónoma.",25
AND_1990_IU_es.pdf,AND,1990,IU,es,"Puesto que la naturaleza de los problemas en la agricultura es variada, distintas son sus soluciones.",16
AND_1990_IU_es.pdf,AND,1990,IU,es,IU-CA pretende acometer esta problemática con los Planes de Acción Comarcal.,11
AND_1990_IU_es.pdf,AND,1990,IU,es,"Existen un gran número de explotaciones enclavadas en zonas de fácil acceso o próximas a grandes núcleos urbanos en las que se observa una fuerte competencia de la agricultura con otros sectores económicos, en general, más potentes (turismo, industrias, etc).",40
AND_1990_IU_es.pdf,AND,1990,IU,es,"Comisiones Obreras de Andalucía IZQUIERDA UNIDA - CONVOCATORIA POR ANDALUCÍA Las acciones serán tendentes a regular esta fuerte competencia, entre las que cabrían destacar: Competencia por el suelo - Definición nítida del suelo agrario y forestal y regulación del avance continuado de la ocupación urbana - Redefinición de los criterios para hacer la revisión del catastro.",56
AND_1990_IU_es.pdf,AND,1990,IU,es,"Medidas fiscales que graven las plusvalía obtenida en las ventas de tierra Competencia por el agua - Frente a problemas de salinización de acuíferos por sobreexplotación, establecimiento de criterios racionales referentes a la utilización del agua, fijando unos mínimos y máximos para los distintos usos (agrícola, industrial, doméstico, etc) y velar por su cumplimiento.",54
AND_1990_IU_es.pdf,AND,1990,IU,es,"En las comarcas con la actividad agraria en declive, las explotaciones suelen asentarse sobre unas bases arcaicas de producción.",19
AND_1990_IU_es.pdf,AND,1990,IU,es,"Producen, en general, cultivos de baja rentabilidad para las explotaciones de una gran base territorial y con un buen nivel de mecanización.",22
AND_1990_IU_es.pdf,AND,1990,IU,es,La tendencia en estas comarcas es el abandono de la actividad agraria.,12
AND_1990_IU_es.pdf,AND,1990,IU,es,"Por otra parte, acusan un bloqueo estructural importante en comunicaciones, agroindustria, redes de comercialización, etc, que las hacen poco atractivas para la inversión exterior no agraria.",26
AND_1990_IU_es.pdf,AND,1990,IU,es,Las acciones deben dirigirse a reactivar la economía de la comarca.,11
AND_1990_IU_es.pdf,AND,1990,IU,es,"- Apoyo público prioritario a jóvenes (menores de cuarenta años) que deseen instalarse como agricultores, con un proyecto viable, - Aumento de las dotaciones para mejorar la infraestructura así como incentivos para la inversión no agraria en proyectos de interés social - Aplicación de la Reforma Agraria Integral en toda su amplitud Regulación de la actividad: - Aplicación de medidas fiscales encaminadas a disuadir la infrautilización de tierras potencialmente rentables - Estímulo para la reconversión forestal de los territorios con vocación para ello Gran parte del litoral andaluz así como algunas zonas de regadío del interior (Medio y Bajo Guadalquivir), constituye hoy la agricultura puntera de Andalucía.",107
AND_1990_IU_es.pdf,AND,1990,IU,es,"Con agriculturas muy tecnificadas, estas comarcas son polos de atracción para inversiones secundarias y del sector servicios que contribuyen a acelerar la actividad económica.",24
AND_1990_IU_es.pdf,AND,1990,IU,es,Los problemas se derivan del propio proceso de crecimiento.,9
AND_1990_IU_es.pdf,AND,1990,IU,es,"Como son: Fuerte endeudamiento de los agricultores no acorde al nivel de renta de la explotación familiar agraria, atenazadas por el aumento de los costes y los tipos de interés y la caída de los precios, bien productos sometidos a ordenación común de mercados (remolacha, algodón), bien productos víctimas de importaciones de choque (maíz, patatas), bien productos con precios inestables (hortalizas, flor cortada).",63
AND_1990_IU_es.pdf,AND,1990,IU,es,Este endeudamiento está amenazando con colapsar un gran número de explotaciones familiares agrarias.,13
AND_1990_IU_es.pdf,AND,1990,IU,es,"Redes de comercialización en manos de grupos agroalimentarios potentes y que controlan la economía de las comarcas, dada la dispersión de la oferta y la falta de protagonismo del sector productor en la fijación de los precios de mercado.",39
AND_1990_IU_es.pdf,AND,1990,IU,es,"Las acciones deben dirigirse a sostener el nivel de actividad y evitar el colapso económico que pueden producir las zonas de monocultivo (como por ejemplo de la flor cortada en la Costa de Cádiz, las zonas algodoneras del Bajo Guadalquivir, etc) en el sentido siguiente: Convenios de aplicación rigurosa con la banca pública tendentes a Comisiones Obreras de Andalucía IZQUIERDA UNIDA - CONVOCATORIA POR ANDALUCÍA buscar soluciones financieras adecuadas a la capacidad productiva de las explotaciones Estímulo de proyectos asociativos de transformación y comercialización de las producciones.",87
AND_1990_IU_es.pdf,AND,1990,IU,es,"Mercados en origen y exportación directa Fomento a la diversificación de cultivos Puesta en marcha de medidas de salvaguarda de los recursos naturales, planes de eliminación controlada de residuos y desarrollo de acciones formativas y disuasorias dirigidas tanto a agricultores como a los consumidores para conseguir un adecuado uso de los agroquímicos.",52
AND_1990_IU_es.pdf,AND,1990,IU,es,Más de la mitad del territorio andaluz está en zonas de montaña y desfavorecidas.,14
AND_1990_IU_es.pdf,AND,1990,IU,es,Las comarcas afectadas tienen unas posibilidades económicas muy reducidas por las condiciones especialmente difíciles para aprovechar los recursos naturales.,19
AND_1990_IU_es.pdf,AND,1990,IU,es,Todo proceso de desarrollo será inevitablemente lento y exige un esfuerzo continuado.,12
AND_1990_IU_es.pdf,AND,1990,IU,es,El tratamiento específico de este apartado se aborda en el programa de forma especial.,14
AND_1990_IU_es.pdf,AND,1990,IU,es,"Si bien, la degradación del medio ambiente se está convirtiendo en un problema universal, hay comarcas en Andalucía que, por su enclave (parques naturales, preparques, zonas húmedas y de montaña de reconocido valor ecológico) en las que, a la problemática general del mundo rural, hay que asociar los problemas específicos derivados del choque de intereses entre la actividad económica comarcal, incluida la agraria, y el derecho de toda la población a que se salvaguarde el patrimonio natural.",77
AND_1990_IU_es.pdf,AND,1990,IU,es,Las medidas específicas en estas zonas irán dirigidas a regular las relaciones entre la actividad económica y la conservación de los parajes donde se desarrolla.,25
AND_1990_IU_es.pdf,AND,1990,IU,es,"Para ello se parte de la base que un condicionante, inicialmente regresivo como lo es un entorno protegible, no tiene por qué implicar un cese considerable de las actividades.",29
AND_1990_IU_es.pdf,AND,1990,IU,es,Se trata de establecer unas pautas de comportamiento y unos métodos de explotación no agresivos para con la naturaleza y poner en marcha las medidas compensatorias por los descensos de rentas de la población afectada.,35
AND_1990_IU_es.pdf,AND,1990,IU,es,"Es necesario que en la gestión de los Espacios Naturales Protegidos de Andalucía se armonicen ambos intereses, para lo que se propone una mayor participación de las poblaciones afectadas al elaborar los Planes de Ordenación de los Recursos Naturales.",39
AND_1990_IU_es.pdf,AND,1990,IU,es,"IU-CA hace una fuerte apuesta por el cooperativismo agrario en todas las fases de la actividad (producción, transformación y comercialización), a la vez que reconoce en el movimiento cooperativo una fórmula viable de desarrollo democrático económico.",36
AND_1990_IU_es.pdf,AND,1990,IU,es,Es necesaria la recuperación auténtica del movimiento cooperativo ya que la presencia efectiva en las instituciones y el propio peso en la economía de Andalucía es mínimo.,27
AND_1990_IU_es.pdf,AND,1990,IU,es,"De ahí la necesidad de eliminar el confusionismo en el que se ha incurrido en estos últimos años en cuestiones sociales, de representatividad, laborales, fiscales, etc.",26
AND_1990_IU_es.pdf,AND,1990,IU,es,Es preciso un cambio radical y actuar consecuadamente con el sector para consolidar y relanzar las cooperativas agrarias.,18
AND_1990_IU_es.pdf,AND,1990,IU,es,El ingreso de España en la CEE requiere una buena organización de la agricultura.,14
AND_1990_IU_es.pdf,AND,1990,IU,es,Se reconoce desde las propias instancias comunitarias que Andalucía tiene un sector transformador y comercializador muy deficiente.,17
AND_1990_IU_es.pdf,AND,1990,IU,es,"Nuestros productos son exportados a otras zonas donde son transformados, retornando a la región como producto elaborado.",17
AND_1990_IU_es.pdf,AND,1990,IU,es,El valor añadido del proceso y los puestos de trabajo de estas fases se van fuera.,16
AND_1990_IU_es.pdf,AND,1990,IU,es,Le corresponde a un sector cooperativo potente intervenir en estas actividades de forma más firme.,15
AND_1990_IU_es.pdf,AND,1990,IU,es,"Comisiones Obreras de Andalucía IZQUIERDA UNIDA - CONVOCATORIA POR ANDALUCÍA Se propone una nueva Ley de Cooperativas Andaluzas que permitan a las cooperativas operar de forma competitiva y que regule de forma clara aspectos como fiscalidad, financiación, seguridad social, etc.",40
AND_1990_IU_es.pdf,AND,1990,IU,es,"La agricultura andaluza con su gran diversidad, alcanza en ocasiones, aceptables cotas de tecnificación, siendo consecuencia de ello por ejemplo el espectacular crecimiento económico productivo de algunas zonas del litoral.",30
AND_1990_IU_es.pdf,AND,1990,IU,es,"Este crecimiento, no siempre paralelo al deseable desarrollo, viene dado por la aplicación de nuevas tecnologías que suelen producir beneficios a corto plazo, pero si se produce una aplicación incorrecta de las mismas (pesticidas, plásticos, intensificación) se está causando un deterioro medioambiental de difícil o imposible recuperación.",47
AND_1990_IU_es.pdf,AND,1990,IU,es,"Por otro lado, gran parte de esas nuevas tecnologías proceden de importación (maquinaria, semillas) con lo que ello supone de encarecimiento de los costes de producción y de dependencia exterior.",30
AND_1990_IU_es.pdf,AND,1990,IU,es,"Por estas entre otras razones, es necesario tanto el adecuado conocimiento de las nuevas tecnologías por parte de los agricultores, como la generación de tecnologías agrarias propias por parte de equipos investigadores de nuestra Comunidad Autónoma.",36
AND_1990_IU_es.pdf,AND,1990,IU,es,"Lo que se ha venido en llamar el bloque ID (Investigación y Desarrollo) aplicado al medio rural andaluz supone la necesidad de establecer un proceso de Investigación, Experimentación, Formación y Extensión adecuado a las necesidades de nuestra agricultura y condiciones de la población, con las referencias de los contextos comunitarios y estatal.",52
AND_1990_IU_es.pdf,AND,1990,IU,es,"Los países de nuestro entorno destinan entre , y del PIB a investigación pública.",14
AND_1990_IU_es.pdf,AND,1990,IU,es,"En Andalucía, la investigación agraria es sólo el , de la Producción Final Agraria.",14
AND_1990_IU_es.pdf,AND,1990,IU,es,"Quiere decirse que desde la Junta de Andalucía, que asumió en .",12
AND_1990_IU_es.pdf,AND,1990,IU,es,las competencias en esta materia se debiera dar un notable impulso a los presupuestos destinados a ID agrario.,18
AND_1990_IU_es.pdf,AND,1990,IU,es,"Por otra parte, es evidente la necesidad de coordinación de los distintos organismos públicos que realizan algún tipo de investigación agraria.",21
AND_1990_IU_es.pdf,AND,1990,IU,es,"Las Universidades, el Consejo Superior de Investigación Científicas y la propia Consejería de Agricultura y Pesca deben operar en más estrecha colaboración que lo conseguido hasta el momento.",28
AND_1990_IU_es.pdf,AND,1990,IU,es,Hay por otra parte una evidencia respecto a las grandes empresas del sector agroalimentario: son muy escasas las que dedican fondos propios a investigación.,24
AND_1990_IU_es.pdf,AND,1990,IU,es,"Como consecuencia de ello, pocas empresas agroindustriales que operan en Andalucía son destacadas en el contexto de la innovación tecnológica europea desarrollada con recursos propios.",25
AND_1990_IU_es.pdf,AND,1990,IU,es,"Una Administración como la Junta de Andalucía podría arbitrar medidas que impulsaran a la empresa privada por el camino de la investigación, a partir de un determinado volumen de ventas.",30
AND_1990_IU_es.pdf,AND,1990,IU,es,"Los convenios que la Junta de Andalucía establece en materia de ayudas financieras a grandes empresas del sector -y las hay en los sectores lácteo, ganadero, conservero, vitivinícola, olivarero, hortofrutícolas- deberían recoger cláusulas referidas a programas de investigación necesarios para el conjunto del sector agrario andaluz, con aportaciones financieras de las propias empresas en función de sus recursos movilizados en Andalucía.",61
AND_1990_IU_es.pdf,AND,1990,IU,es,Un segundo aspecto que tratamos en este apartado del programa es la formación de los agricultores y trabajadores agrícolas.,19
AND_1990_IU_es.pdf,AND,1990,IU,es,Un adecuado desarrollo del nuevo marco educativo estatal debe situar a los jóvenes de las zonas rurales en condiciones de igualdad con otros para optar por su futuro académico o laboral.,31
AND_1990_IU_es.pdf,AND,1990,IU,es,"A partir de ahí debe ser tarea de la Administración educativa, el garantizar una adecuada formación profesional a los diversos colectivos de personas que desarrollen su actividad en el sector agrario.",31
AND_1990_IU_es.pdf,AND,1990,IU,es,"Trabajadores asalariados, titulares de explotaciones familiares y cooperativistas, con especial atención a la demanda específica Comisiones Obreras de Andalucía IZQUIERDA UNIDA - CONVOCATORIA POR ANDALUCÍA ca de jóvenes y mujeres, son los grupos cuyas necesidades formativas para una adecuada inserción en el mundo del trabajo del medio rural se deben estudiar y atender.",53
AND_1990_IU_es.pdf,AND,1990,IU,es,"Será necesario abordar un urgente y riguroso estudio de las perspectivas a corto y medio plazo de la demanda de los diversos perfiles profesionales en el medio rural andaluz, para a continuación diseñar, con la práctica del diálogo social los programas formativos adecuados, atendiendo a la especificidad de los diversos colectivos y de las características de las diferentes comarcas.",59
AND_1990_IU_es.pdf,AND,1990,IU,es,"Las propuestas en esta materia son: Participación de las organizaciones sociales en la determinación de proyectos y su seguimiento Atender proyectos sobre temas sociolaborales de la realidad rural, así como sobre áreas desfavorecidas, medio ambiente y forestales Mejora de la dotación de los equipos investigadores de la Consejería de Agricultura y Pesca, mayor coordinación entre Centros y Departamentos, mayor agilidad en la información Criterios de evaluación de proyectos: - Desarrollo sostenido de zonas desfavorecidas - Especial atención a la ganadería extensiva y al subsector forestal - Productos alternativos no excedentarios en nuevos regadíos - Mejor aprovechamiento y preservación de recursos naturales (agua, suelo) Alcanzar el , de la PFA Progencia a grandes empresas agroalimentarias para que dediquen recursos a ID Potenciar los Departamentos de la Consejería como entidades funcionales.",129
AND_1990_IU_es.pdf,AND,1990,IU,es,"Planificación y puesta en marcha de formación dirigidos a trabajadores agrícolas, explotaciones familiares, cooperativistas (directivos y no directivos), jóvenes y mujeres Participación de los sectores sociales en la planificación y seguimiento de los programas formativos Dotar mayor visión medioambiental y democrática, no sólo tecnocrática y gerencial Adecuar los contenidos teóricos y prácticos a cada realidad Profesorado suficiente, estable y especializado Colaboración con la Consejería de Educación y Ciencia en el desarrollo de enseñanzas regladas Fomentar el desarrollo de las tradicionales acciones de extensión, como son las de asesoramiento técnico, promoción y divulgación, dotando las dependencias comarcales de mayores recursos humanos y materiales Adecuar la asignación de tareas entre el personal técnico y administrativo con criterios de profesionalidad Racionalizar administrativa y funcional en la ubicación geográfica de nuevas Oficinas Comarcales Agrarias.",130
AND_1990_IU_es.pdf,AND,1990,IU,es,"Desarrollo de la red Videotex y generalización para la Extensión Agraria como primer paso para conseguir una mejor articulación de los sectores y comarcas Comisiones Obreras de Andalucía IZQUIERDA UNIDA - CONVOCATORIA POR ANDALUCÍA Algo más del del territorio andaluz, unos , millones de hectáreas es terreno de vocación forestal o montes, ya que por sus características no es susceptible de un cultivo agrícola permanente y rentable.",67
AND_1990_IU_es.pdf,AND,1990,IU,es,"La acción destructiva del hombre a través de talas abusivas, pastoreo incontrolado, roturaciones para cultivos agrícolas, incendios forestales y avance excesivo de urbanizaciones, ha hecho que de la superficie inicial actualmente sólo queden , millones de hectáreas importantes de erosión, desbordamiento de ríos, aterramiento de embalses y cauces naturales y daños a cultivos y poblaciones.",55
AND_1990_IU_es.pdf,AND,1990,IU,es,La aplicación de un conjunto de medidas de protección y restauración a largo plazo era una necesidad patente en la que debía intervenir muy especialmente la Administración Autónoma.,28
AND_1990_IU_es.pdf,AND,1990,IU,es,Tomando como base el trabajo de movimientos sociales plasmado en .,11
AND_1990_IU_es.pdf,AND,1990,IU,es,"en el Pacto Andaluz por la Naturaleza, el Parlamento Andaluz fue sensible al sentir generalizado de amplios sectores de la opinión pública, aprobando en .",25
AND_1990_IU_es.pdf,AND,1990,IU,es,por unanimidad el PLAN FORESTAL ANDALUZ.,6
AND_1990_IU_es.pdf,AND,1990,IU,es,El Plan prevee actuaciones durante años con una inversión anual superior a .,13
AND_1990_IU_es.pdf,AND,1990,IU,es,"Para un adecuado desarrollo del Plan y la consecución de los diez primeros objetivos marcados desde IU-CA proponemos: - La transferencia a la Comunidad Autónoma de las competencias sobre las Confederaciones Hidrográficas del Guadalquivir y del Sur, aún dependientes de la Administración Central, sin cuya participación real y efectiva sería inviable la ejecución del Plan.",55
AND_1990_IU_es.pdf,AND,1990,IU,es,- Adecuada coordinación entre los organismos gestores del Plan.,9
AND_1990_IU_es.pdf,AND,1990,IU,es,- Fomento de especies autóctonas mediterráneas así como de razas ganaderas autóctonas adecuadas al sistema dehesa Recuperación para uso público de los .,23
AND_1990_IU_es.pdf,AND,1990,IU,es,"de vías pecuarias en Andalucía La participación real de los agentes y sociales de las entidades locales en la elaboración y seguimiento de los Planes de Ordenación de Recursos Naturales, ya sean en su modalidad de Territoriales, Especiales, o de Uso y Protección Actualmente la CEE está proponiendo acciones en el mundo rural diferentes a las que regían en .",60
AND_1990_IU_es.pdf,AND,1990,IU,es,", fecha del ingreso de España en la Comunidad.",9
AND_1990_IU_es.pdf,AND,1990,IU,es,"Dichas acciones van encaminadas a conseguir los siguientes objetivos: - Modernización de la agricultura - Mantenimiento de la población rural - Ayuda a las rentas - Protección del medio ambiente Estos objetivos pretenden conseguirse por la aplicación combinada de los diversos fondos estructurales (FEOGA- Orientación, FEDER, Fondo Social Europeo).",49
AND_1990_IU_es.pdf,AND,1990,IU,es,Y ello acompañado de una política de pérdida de protagonismo del FEOGA-Garantía (Precios).,13
AND_1990_IU_es.pdf,AND,1990,IU,es,La Administración Autonómica ha de obtener el máximo rendimiento de estos fondos estructurales ya que suponen una fuente de financiación nada despreciable para acometer o complementar proyectos de mejora de infraestructuras rurales.,32
AND_1990_IU_es.pdf,AND,1990,IU,es,"Las políticas de precios garantizados, existentes desde hace décadas en cultivos regulados por una Organización Común de Mercados (remolacha, cerales, aceite.",21
AND_1990_IU_es.pdf,AND,1990,IU,es,") o la coyuntura favorable de algunos productos Comisiones Obreras de Andalucía IZQUIERDA UNIDA - CONVOCATORIA POR ANDALUCÍA (fresa, flor cortada, hortalizas.",22
AND_1990_IU_es.pdf,AND,1990,IU,es,") han impulsado una tendencia al monocultivo, poco deseable por razones económicas, sociales e incluso agrícolas.",16
AND_1990_IU_es.pdf,AND,1990,IU,es,"Por otra parte, los excedentes de la CEE están provocando la caída de precios y por lo tanto la rentabilidad de algunos productos Se hace necesario la reorientación de las explotaciones familiares y cooperativas hacia una diversificación de cultivos que elimine los riesgos de una excesiva concentración de las producciones.",50
AND_1990_IU_es.pdf,AND,1990,IU,es,"En este sentido, habrá que tener en cuenta las propuestas de la CEE de ir a producciones no alimentarias.",19
AND_1990_IU_es.pdf,AND,1990,IU,es,La investigación pública ha de determinar las zonas de Andalucía que puedan ser de interés para el cultivo de productos alternativos.,21
AND_1990_IU_es.pdf,AND,1990,IU,es,Retomando planteamientos de .,4
AND_1990_IU_es.pdf,AND,1990,IU,es,", aún vigentes, en Andalucía existe un potencial por desarrollar en cuanto a la ganadería extensiva y fundamentalmente de especies ovina, caprina y porcino ibérico.",25
AND_1990_IU_es.pdf,AND,1990,IU,es,"Para fomentar la expansión de estas actividades será preciso la concentración de centros de selección de razas, así como la mejora de los pastizales con acciones sobre el sistema dehesa combinado con el desarrollo del Plan Forestal Andaluz.",38
AND_1990_IU_es.pdf,AND,1990,IU,es,Es preciso potenciar una red de mataderos frigoríficos que cuenten con la participación de los propios ganaderos.,17
AND_1990_IU_es.pdf,AND,1990,IU,es,"La investigación pública ha de jugar un papel más determinante en las fases de transformación de los productos: quesería artesanal, embutidos, conservas, etc.",23
AND_1990_IU_es.pdf,AND,1990,IU,es,"La agricultura ha de suponer el óptimo aprovechamiento de sus posibilidades, tanto en producción como en transformación y comercialización ción a la vez que deben buscarse otro tipo de fuentes de recursos.",32
AND_1990_IU_es.pdf,AND,1990,IU,es,"Tanto la Administración como la iniciativa pública han de establecer los cauces para el desarrollo de actividades complementarias a la agricultura: turismo rural, artesanía, etc.",25
AND_1990_IU_es.pdf,AND,1990,IU,es,Potenciar estas alternativas supone apostar por la generación de empleo estable y por darle solidez a las economías familiares.,19
AND_1990_IU_es.pdf,AND,1990,IU,es,Las diferencias de rentas entre unas comarcas y otras son evidentes pudiendo oscilar entre máxima y mínima en la relación tres a uno.,23
AND_1990_IU_es.pdf,AND,1990,IU,es,En las zonas desfavorecidas se dan de forma acusada fenómenos como el despoblamiento o el envejecimiento de la población rural.,20
AND_1990_IU_es.pdf,AND,1990,IU,es,Una acción preferente de IU-CA va dirigida a acortar esas diferencias mediante la aplicación de medidas específicas con el objetivo de elevar el nivel de renta y la calidad de vida de ese aproximadamente millón de habitantes que reside en zonas desfavorecidas y que ocupa más de la mitad del territorio andaluz.,52
AND_1990_IU_es.pdf,AND,1990,IU,es,"El Plan Forestal Andaluz puede ser uno de los instrumentos que contribuya a la corrección de desequilibrios, pero no el único.",21
AND_1990_IU_es.pdf,AND,1990,IU,es,"Es preciso potenciar las inversiones públicas en infraestructura, dando prioridad a las zonas declaradas desfavorecidas.",15
AND_1990_IU_es.pdf,AND,1990,IU,es,Los ayuntamientos han de jugar un papel determinante en la canalización de las dotaciones presupuestarias para la puesta en marcha de planes comarcales de inversión pública.,26
AND_1990_IU_es.pdf,AND,1990,IU,es,Para asegurar una mínima inversión sobre las comarcas desfavorecidas IU-CA propone una fórmula similar a la que existe en la CEE consistente en la aplicación de fondos especiales comunitarios a zonas cuya renta per cápita sea inferior al de la media.,41
AND_1990_IU_es.pdf,AND,1990,IU,es,Fondos que estarían complementados por presupuestos de la Junta de Andalucía a las comarcas andaluzas con una renta inferior a la media.,22
AND_1990_IU_es.pdf,AND,1990,IU,es,La Comunidad Autónoma ha de complementar con fondos propios las Indemnizaciones Compensatorias de Montaña (ICM) ya que la cuantía actual es muy escasa - millones para .,27
AND_1990_IU_es.pdf,AND,1990,IU,es,"Comisiones Obreras de Andalucía IZQUIERDA UNIDA - CONVOCATORIA POR ANDALUCÍA En el último período tanto en Andalucía como a nivel estatal, gracias a la intervención de la administración del PSOE, se ha conseguido el mayor grado de confusionismo posible en los canales de representación y participación de los agricultores, trabajadores agrícolas y de las cooperativas.",55
AND_1990_IU_es.pdf,AND,1990,IU,es,"La prueba está en que el grado de afiliación y de asociación en la población rural raya el ridículo, comparado con el grado de vertebración y participación de los países europeos.",31
AND_1990_IU_es.pdf,AND,1990,IU,es,Se ha utilizado permanentemente un doble lenguaje en este aspecto.,10
AND_1990_IU_es.pdf,AND,1990,IU,es,"Mientras se ha predicado ante la opinión pública la necesidad de participación de la población rural en los proyectos de la sociedad, se ha engañado a las organizaciones representativas, hasta el punto de tratar de presentar reuniones puramente informativas como mesas reales de concertación.",44
AND_1990_IU_es.pdf,AND,1990,IU,es,"Hasta tal punto ha llegado el intento de desarticulación social que las organizaciones legítimas que denuncian estos procesos son acosadas vía desestabilización, asfixia económica o fuerza bruta.",27
AND_1990_IU_es.pdf,AND,1990,IU,es,IU-CA ha hecho de la participación y del respeto a las fuerzas sociales un hábito de trabajo en la oposición y pretende trasladar esta fórmula en el gobierno.,28
AND_1990_IU_es.pdf,AND,1990,IU,es,La puesta en marcha del programa precisa del apoyo y la participación cotidiana de las fuerzas sociales en las tareas de gobierno a través de la concertación real.,28
AND_1990_IU_es.pdf,AND,1990,IU,es,La industrialización de Andalucía es uno de los objetivos prioritarios de IU-CA.,12
AND_1990_IU_es.pdf,AND,1990,IU,es,"Para ello es necesario una verdadera política industrial, hasta la fecha inexistente.",12
AND_1990_IU_es.pdf,AND,1990,IU,es,Los ejes de esa política industrial serán: - Promoción de la industria agroalimentaria vinculada al sector productor.,17
AND_1990_IU_es.pdf,AND,1990,IU,es,- Apoyo a los núcleos de industrialización endógena existentes.,9
AND_1990_IU_es.pdf,AND,1990,IU,es,"- Modernización de las manufacturas tradicionales en situación difícil (textil, madera, materiales de construcción, .) - Consolidación y modernización de la industria auxiliar de la gran empresa pública y privada, contribuyendo a su diversificación.",34
AND_1990_IU_es.pdf,AND,1990,IU,es,"- Promoción de nuevas especializaciones dirigidas a la producción de bienes de equipo para aprovechamiento de energías renovables, protección del medio ambiente y para el sector agroalimentario.",27
AND_1990_IU_es.pdf,AND,1990,IU,es,"- Promoción de manufacturas basadas en nuevos materiales (cerámicas, fibras, .) orientadas a la producción de bienes de consumo.",19
AND_1990_IU_es.pdf,AND,1990,IU,es,- Protección de la artesanía de interés histórico o cultural con políticas de intangibles.,14
AND_1990_IU_es.pdf,AND,1990,IU,es,"Las estrategias a adoptar en los diferentes sectores se basarán en planes sectoriales de actuación coordinados por el IFA y tendrán las características siguientes: - La participación de las PYMES, preferentemente en proyectos de carácter colectivo ó de cooperación.",39
AND_1990_IU_es.pdf,AND,1990,IU,es,"Comisiones Obreras de Andalucía IZQUIERDA UNIDA - CONVOCATORIA POR ANDALUCÍA La participación de la empresa pública andaluza, para, sin sustituir a las anteriores, dinamizar los procesos, afrontar las actuaciones más innovadoras y servir de ejemplo.",35
AND_1990_IU_es.pdf,AND,1990,IU,es,"La colaboración, cuando exista, con la gran empresa estatal ó privada sobre la base de contrapartidas comerciales y tecnológicas y sin admitir prácticas abusivas, regulando la colaboración el sector público andaluz.",31
AND_1990_IU_es.pdf,AND,1990,IU,es,"Las actuaciones perseguirán los efectos siguientes: Evitar la desindustrialización y el desmantelamiento de industrias estratégicas ó de cabecera, cuando las condiciones del mercado lo permitan.",25
AND_1990_IU_es.pdf,AND,1990,IU,es,"Mantenimiento y mejora del empleo, sin incentivar la economía sumergida ni el dumping social.",14
AND_1990_IU_es.pdf,AND,1990,IU,es,"Incremento de la calidad y la competitividad de las producciones, incorporando nuevas tecnologías y formas de organización.",17
AND_1990_IU_es.pdf,AND,1990,IU,es,"Mejora de la posición comercial tanto en el mercado interno como el externo, mediante políticas de intangibles y diferenciación de productos.",21
AND_1990_IU_es.pdf,AND,1990,IU,es,"Logro de especializaciones con futuro en la CEE, promoviendo la asociación técnica o comercial con empresas comunitarias.",17
AND_1990_IU_es.pdf,AND,1990,IU,es,Articulación productiva y financiera con el tejido económico andaluz para reducir la vulnerabilidad.,13
AND_1990_IU_es.pdf,AND,1990,IU,es,"La política de industrialización prestará una especial atención a la componente territorial, siendo un elemento central en la estrategia de equilibrio entre zonas más dinámicas y menos, incluyendo en estas las zonas industriales en declive, así como un instrumento de generación de empleo no agrario en el medio rural.",49
AND_1990_IU_es.pdf,AND,1990,IU,es,"Al igual que en el caso de la industria, la Junta de Andalucía ha carecido hasta la fecha de política minera lo cual es más grave en este caso pues la actividad extractiva se practica desde hace miles de años en Andalucía.",42
AND_1990_IU_es.pdf,AND,1990,IU,es,"Las líneas maestras de la política del gobierno de IU-CA serán, desde el punto de vista administrativo: Implantación de una auténtica policía de minas que gire en torno a la exigencia de planes de labores fiables y que se cumplan, con compromisos específicos de empleo y que incluyan la restauración ambiental, el control de escombreras y la protección de las aguas subterráneas y superficiales.",64
AND_1990_IU_es.pdf,AND,1990,IU,es,Control de la extracción de áridos con exigencia en todos los casos de un estudio de impacto ambiental y una fianza para la restauración.,24
AND_1990_IU_es.pdf,AND,1990,IU,es,Dotación de medios suficientes a la administración minera para desarrollar sus tareas.,12
AND_1990_IU_es.pdf,AND,1990,IU,es,"En el plano de las orientaciones estratégicas del sector, IU-CA plantea las líneas siguientes: Confección, en el marco de la CEE y de acuerdo con Portugal, de un plan estratégico para el desarrollo de las reservas de la franja pirítica del SW peninsular que se negocie con las multinacionales que actualmente operan en el sector, en el marco del cual se ponga en marcha el aprovechamiento integral de la pirita.",70
AND_1990_IU_es.pdf,AND,1990,IU,es,"Desarrollo ordenado del sector de minerales no metálicos y rocas ornamentales contemplando su transformación, preparación, comercialización y la restauración ambiental.",20
AND_1990_IU_es.pdf,AND,1990,IU,es,"Por último, y con relación a la calidad de vida en las comarcas mineras, la Junta de Andalucía, de acuerdo con los Ayuntamientos implicados Comisiones Obreras de Andalucía IZQUIERDA UNIDA - CONVOCATORIA POR ANDALUCÍA llevará adelante planes comarcales orientados a diversificar la actividad económica en las mismas, mejorar los niveles de equipamiento y la calidad ambiental, y a eliminar determinadas condiciones de tipo colonialista que aún persisten, particularmente en los clásicos poblados mineros.",73
AND_1990_IU_es.pdf,AND,1990,IU,es,"El grado de dependencia de Andalucía se sitúa muy por encima de la media estatal, cubriendo sus fuentes primarias apenas un de la demanda.",24
AND_1990_IU_es.pdf,AND,1990,IU,es,"El objetivo de IU-CA es reducir esa dependencia, discriminando por sectores y aprovechando al máximo los recursos propios.",18
AND_1990_IU_es.pdf,AND,1990,IU,es,"Este objetivo va ligado a la aparición de nuevas especialidades industriales en la fabricación de bienes de equipo para aprovechamiento de diversas fuentes de energía, para lo cual se dispone de nivel tecnológico y capacidad productiva suficiente.",37
AND_1990_IU_es.pdf,AND,1990,IU,es,"En paralelo se adoptarán medidas tendentes a diversificar las fuentes de aprovisionamiento, implantar el ahorro de energía por medios activos y pasivos y disminuir la presencia de las formas de producción más contaminantes y peligrosas.",35
AND_1990_IU_es.pdf,AND,1990,IU,es,"Las medias concretas serán las siguientes: Implantación de la obligatoriedad de sistemas de captación de energía solar por colectores planos a todas las viviendas de promoción pública de nueva construcción, en una primera fase, y sucesivamente a las VPO, para la obtención de agua caliente sanitaria.",46
AND_1990_IU_es.pdf,AND,1990,IU,es,Esta medida irá acompañada de normas que aseguren el mejor diseño energético de las viviendas.,15
AND_1990_IU_es.pdf,AND,1990,IU,es,"Implantación de sistemas de agua caliente sanitaria y climatización en todos los edificios públicos de nueva planta y, sucesivamente, en los ya existentes.",23
AND_1990_IU_es.pdf,AND,1990,IU,es,Puesta en marcha de una política de incentivos para el desarrollo de las siguientes aplicaciones: Producción de vapor a baja temperatura mediante colectores cilindro-parabólicos para aplicaciones industriales.,27
AND_1990_IU_es.pdf,AND,1990,IU,es,"Conversión y aprovechamiento de residuos vegetales y otra biomasa preferiblemente en los sectores donde se generan, o al menos, en las mismas zonas.",23
AND_1990_IU_es.pdf,AND,1990,IU,es,Continuación e intensificación de la investigación en energía fotovoltaica y eólica.,11
AND_1990_IU_es.pdf,AND,1990,IU,es,Puesta en marcha de líneas de investigación para el aprovechamiento de carbones pobres con técnicas no contaminantes.,17
AND_1990_IU_es.pdf,AND,1990,IU,es,Incentivación selectiva de las minicentrales hidráulicas con atención a los impactos ecológicos posibles.,13
AND_1990_IU_es.pdf,AND,1990,IU,es,Apoyo al gas natural como alternativa energética menos contaminante.,9
AND_1990_IU_es.pdf,AND,1990,IU,es,Comisiones Obreras de Andalucía IZQUIERDA UNIDA - CONVOCATORIA POR ANDALUCÍA IU-CA presentaba en .,14
AND_1990_IU_es.pdf,AND,1990,IU,es,un programa de Gobierno con plena vigencia para .,9
AND_1990_IU_es.pdf,AND,1990,IU,es,"Ello se debió básicamente a: El mantenimiento de los parámetros estructurales de la flota andaluza con poca variación, en cuanto a unidades, proporciones de ésta con números de tolenada y potencia, porcentajes de participación en el PIB, valores añadidos etc.",40
AND_1990_IU_es.pdf,AND,1990,IU,es,Variaciones que además se producen continuando la tónica evolutiva hacia la baja.,12
AND_1990_IU_es.pdf,AND,1990,IU,es,"Los problemas del mar siguen siendo los mismos, no habiéndose dado por el Gobierno Andaluz del PSOE en estos últimos años solución alguna a ellos.",25
AND_1990_IU_es.pdf,AND,1990,IU,es,"Continúa siendo imperiosa la necesidad de la creación de una Consejería del Mar que acabe con la tradicional difusión y pluridependencia de los subsectores del mar, que a lo único que llevan es a producir un abandono e injercicio de competencias por parte de la administración actual.",47
AND_1990_IU_es.pdf,AND,1990,IU,es,"La necesidad de introducir en el sector factores de transparecia y modernización de todas sus estructuras, y que se ejemplifican en la actitud de la Administración actual de no atreverse ni siquiera a actualizar y publicar los censos del sector desde .",42
AND_1990_IU_es.pdf,AND,1990,IU,es,Efectivamente la documentación básica de conocimiento del sector pesquero (los anuarios de pesca marítima) se ha visto paralizada desde .,20
AND_1990_IU_es.pdf,AND,1990,IU,es,", con una sola intencionalidad: el que no pueda conocerse por nadie de forma pública la grave situación del sector.",20
AND_1990_IU_es.pdf,AND,1990,IU,es,"Desde Convocatoria por Andalucía, ya en .",7
AND_1990_IU_es.pdf,AND,1990,IU,es,"invertimos el esquema de enquadrar a los sectores del mar (pesca, puertos, tráfico) en distintos ambitos administrativos que conllevaba una excesiva pluralidad de órganos administrativos con competencia en ellos.",29
AND_1990_IU_es.pdf,AND,1990,IU,es,"La inversión consistía en unir a los sectores en su ámbito natural, a unirlo con lo que ya está unido, es decir, la mar.",24
AND_1990_IU_es.pdf,AND,1990,IU,es,"Así, puesto que el tráfico marítimo, cabotaje y fluvial, puertos y pesca se desarrollan en ese mismo medio se les dará un único tratamiento administrativo, dándosele la importancia que en Andalucía tiene.",32
AND_1990_IU_es.pdf,AND,1990,IU,es,La Consejería del Mar debe abarcar las competencias sobre: Tráfico de cabotaje Como medidas para este período de Gobierno se plantea la aplicación de competencias y su consiguiente exigencia al Gobierno central sobre: A) Competencia exclusiva sobre todas las aguas del litoral andaluz dentro de las millas B) Regulación de las embarcaciones de lista Desgraciadamente el sector sigue manteniendo los mismos anacrónicos sistemas de relaciones laborales y deficitaria estructura empresarial.,70
AND_1990_IU_es.pdf,AND,1990,IU,es,"El único paso dado por el Gobierno Andaluz, para modernizar éste ha sido la propuesta de Convocatoria por Andalucía en el Programa de .",24
AND_1990_IU_es.pdf,AND,1990,IU,es,"de democratizar las Cofradías de Pescadores, pero las lógicas resistencias de alguna pequeña parte del sector apoyado por la derecha andaluza, y la indefinición del Gobierno Central del PSOE unidos a la tardanza del Consejero Manaute en decidirse democratizadora, ha hecho que a estas alturas aún no se haya llevado a cabo tal democratización.",54
AND_1990_IU_es.pdf,AND,1990,IU,es,"Comisiones Obreras de Andalucía IZQUIERDA UNIDA - CONVOCATORIA POR ANDALUCÍA En definitiva, el sector continua inmerso en el submundo de economía sumergida que denunciábamos en .",26
AND_1990_IU_es.pdf,AND,1990,IU,es,"; manteniéndose las mismas consecuencias: El armador no asume directamente los riesgos empresariales, anclado en concepciones arcaicas de propiedad y es excesivamente conservador a la hora de buscar nuevos métodos de pesca.",32
AND_1990_IU_es.pdf,AND,1990,IU,es,"Se hace engañosamente copartícipe del resultado de la pesca al marinero, potenciándose la opción de obtener capturas por encima de todo, con lo que esto conlleva de irracionalidad.",28
AND_1990_IU_es.pdf,AND,1990,IU,es,"Se sigue taponando el desarrollo de las asociaciones empresariales y de los sindicatos en el sector, que contribuiría a la modernización del mismo.",23
AND_1990_IU_es.pdf,AND,1990,IU,es,"Se desperdicia la posibilidad de contar desde la Administración con un auténtico órgano coadyuvante, como serían unas cofradías auténticamente democráticas.",20
AND_1990_IU_es.pdf,AND,1990,IU,es,Por todo ello las MEDIDAS que desde el Gobierno de Convocatoria por Andalucía tomaremos son: Aceleración de la democratización de las Cofradías de Pescadores Potenciación de auténticas estructuras empresariales y afloración de empresas modernas en el sector Exigencia al Gobierno Central de la derogación del sistema a la parte con la inclusión de un sistema de salarios más primas de capturas Petición al Gobierno Central de extensión del derecho de desempleo a todos los trabajadores por cuenta ajena de la pesca Petición al Gobierno Central de equiparación de los coeficientes reductores para la jubilación La actuación del Gobierno Andaluz desde .,101
AND_1990_IU_es.pdf,AND,1990,IU,es,ha seguido al dictado la política del Gobierno Central de paulatina desaparición del sector extractivo: con ello el envejecimiento y progresivo deterioro de nuestra flota se ha incrementado con respecto a .,32
AND_1990_IU_es.pdf,AND,1990,IU,es,Además las únicas actuaciones de renovación de flota se han realizado en la flota de gran altura con lo que nuestra flota artesanal de bajura y del caladero de Marruecos ha venido deteriorándose paulatinamente; siendo las unidades cada vez más obsoletas y menos adecuadas a los caladeros en que faenan.,50
AND_1990_IU_es.pdf,AND,1990,IU,es,Las MEDIDAS de Gobierno en este campo son: Plan de rejuvenecimiento de la flota de Bajura y modificación con incorporación de últimas tecnologías y construcción de buques polivalentes Plan de sustitución de la flota artesanal con buques polivalentes en todo caso nunca inferior a toneladas Potenciación de acuerdos con terceros países para mantenimiento de la flota con bandera mixta con base en puerto andaluz y tripulaciones al menos al Aún hoy en .,73
AND_1990_IU_es.pdf,AND,1990,IU,es,"los únicos conocimientos sobre nuestros caladeros devienen de la experiencia práctica, de nuestros hombres del mar, que no obstante su competencia, no se encuentran constatados por datos de investigación científica que los corroboren.",33
AND_1990_IU_es.pdf,AND,1990,IU,es,Tal falta de conocimientos se sigue reflejando en: IZQUIERDA UNIDA - CONVOCATORIA POR ANDALUCÍA Falta de Carta de Fondos.,19
AND_1990_IU_es.pdf,AND,1990,IU,es,No sabemos la composición y forma de nuestros fondos y sus delimitaciones y ello no obstante la gran importancia que tiene para la existencia o no de pesquerías y para la reproducción de los caladeros.,35
AND_1990_IU_es.pdf,AND,1990,IU,es,"Falta de estudios sobre estocajes, rendimientos, rentabilidad y reproducción de los caladeros y en su consecuencia, inexistencia de censos ó erróneos cuando menos sin justificación científica Falta de ordenación pesquera y ausencia de vedas en gran número de especies y especialidades de pesca, así como topes de capturas y su ordenación de tallas Falta de paradas programadas y establecimiento de horarios Por otro lado, la experiencia en estos cuatro años de la política pesquera de la comunidad de la CEE que directamente afecta a nuestra flota andaluza nos demuestra que los TACS señalados por Bruselas para la región Suratlántica, zona novena de la comunidad, están fuera de lugar y de las necesidades del caladero, cuando no absurdas sin que por nuestras autoridades pesqueras se hayan planteado a la Comunidad las necesidades de su modificación.",134
AND_1990_IU_es.pdf,AND,1990,IU,es,"Por consiguiente LAS MEDIDAS DE GOBIERNO que se proponen en este aspecto son En cuanto a la regulación de la flota: Regulación del arte de arrastre en buques superiores a toneladas Adecuación de la potencia de motores a cada tipo de barco, arte y caladeros Modernización de los medios de seguridad del buque tanto navegación como faenado Orientación de los censos y nuevas unidades hacia artes no depredadoras, dentro del carácter de polivalencia ya mencionado En cuanto a la regulación de caladeros: Delimitación de los caladeros Asignaciones en zonas con exclusividad a determinados tipo de artes Establecimiento de zona de exclusión total de actividad extractiva Fijación de paradas y vedas sistemáticas en períodos de reproducción por caladeros, artes y especies Fijación de veda obligatoria para el cerco desde el de diciembre al de marzo en todo el litoral.",138
AND_1990_IU_es.pdf,AND,1990,IU,es,"Delimitación de la actividad extractiva de la pesca en nuestros caladeros a los días laborales de la semana, con descanso absoluto de sábados, domingos y festivos Establecimiento de horario de pesca según tipo de artes y caladeros Fijación de tipos y medidas de las artes y establecimiento de tallas mínimas de captura por especies Contingencia de las capturas por artes y especies Este conjunto de medidas conllevaría consiguientemente una regeneración de nuestros caladeros que permita adecuar los esfuerzos pesqueros a realizar en los mismos de forma más racional y beneficiosa para los trabajadores del mar.",95
AND_1990_IU_es.pdf,AND,1990,IU,es,"Renovación de la política de investigación pesquera tendentes a: Estudio de caladeros con evaluación de stock, rendimiento y rentabilidades Estudios de fondos marinos, realización de una cartografía de los fondos territoriales andaluces Estudios de artes y nuevas tecnologías Estudio de precios Adecuación de la formación reglada a las nuevas técnicas y tecnología pesquera y de navegación Comisiones Obreras de Andalucía IZQUIERDA UNIDA - CONVOCATORIA POR ANDALUCÍA Incremento de la formación profesional tendente al reciclaje y perfeccionamiento del personal embarcado, mediante la puesta en práctica de planes formativos en colaboración con las Centrales Sindicales y Organismos Empresariales.",96
AND_1990_IU_es.pdf,AND,1990,IU,es,"Potenciación de explotaciones de tipo medio, mediante concesiones a cooperativas y trabajadores del sector Desarrollo del marisqueo libre en bancos naturales debidamente ordenados Formación profesional de mariscadores y cooperativas acuícolas Política de investigación para cobertura de explotaciones de bancos naturales marisqueros y caladeros propios Elaboración y aprobación de una ley andaluza de acuicultura Ayudas a la creación de cooperativas y formación de sus miembros Ayuda a la adquisición de unidades pesqueras, primando las de nueva construcción También en este campo se sigue manteniendo la misma falta de transparencia tradicionalmente existente en el sector, por ello proponemos: Normalización de los productos pesqueros en cuanto a forma de presentación, tallas, calidades, etc.",110
AND_1990_IU_es.pdf,AND,1990,IU,es,Potenciación de las denominaciones de origen y Consejos Reguladores Facilitación de la intervención de las OPS en el proceso comercializador El poco desarrollo de la Industria Transformadora de los productos del mar en Andalucía hace que nuestro territorio sea deficitario en este tipo de productos y que los valores añadidos que éstas producen se orientan a otras zonas.,58
AND_1990_IU_es.pdf,AND,1990,IU,es,"Las MEDIDAS DE GOBIERNO que proponemos son: Modernización y ampliación de la capacidad de las instalaciones de refrigeración y congelado, tanto en buques como puertos.",25
AND_1990_IU_es.pdf,AND,1990,IU,es,"Creación de instalaciones de refrigeración y congelación en lonja y puertos para libre utilización por el sector Potenciación de instalaciones y medios de transformación en primer nivel, en los puertos Plan de ayuda para la creación de industrias de transformados y precocinado de productos pesqueros Especialización del puerto en los canales de comunicación del congelado Potenciación de las industrias de conserva y salazón tendentes a: a) Regulación de las denominaciones de origen b) Campaña de publicidad de las especies y modalidades autóctonas Comisiones Obreras de Andalucía IZQUIERDA UNIDA - CONVOCATORIA POR ANDALUCÍA c) Creación de consejo de regulación de la utilización de los términos: - Caballa del Sur - Productos de almadraba Se hace imperioso la regeneración y descontaminación de las aguas, no sólo del litoral, sino también de las aguas interiores, pues ellas vierten contaminación en sus desembocaduras al mar, para ello se propone: Eliminación de la contaminación de los ríos mediante el saneamiento de los vertidos urbanos e industriales Eliminación de los vertidos costeros, sin depuración previa Cumplimiento de la normativa internacional sobre limpieza de tanques y bodegas de buques mercantes.",183
AND_1990_IU_es.pdf,AND,1990,IU,es,"A pesar de que seis de las provincias andaluzas tengan puerto de mar comercial, tres en el caso de Cádiz, Andalucía ha sido integrada en un sistema de transporte terrestre, que además no ha servido para cubrir sus necesidades, pagándose hoy las consecuencias de esa incorrecta política de transporte.",49
AND_1990_IU_es.pdf,AND,1990,IU,es,"Por otro lado, lo que en cualquier país europeo no sólo es aprovechado las vías fluviales de navegación, sino que son construidos cuando no existen canales de navegación), y constituyen la columna vertebral de su desarrollo, en Andalucía hemos desperdiciado e ignorado en todos estos años el Guadalquivir.",48
AND_1990_IU_es.pdf,AND,1990,IU,es,"Hay también que tener en cuenta el hecho de que el puerto de Algeciras se colocará, previsiblemente, en un futuro muy próximo entre los primeros de Europa, siendo nudo central de las líneas de tráfico entre América, Europa, y los tráficos asiáticos del Canal de Suez, conllevando ello la necesidad de una cobertura a nivel de tráfico hacia dicho puerto, que habrá de cubrirse mediante el cabotaje.",67
AND_1990_IU_es.pdf,AND,1990,IU,es,"Se hace preciso, por tanto: El desarrollo de un tráfico de cabotaje andaluz que complete la infraestructura del transporte y se convierta en la columna vertebral del mismo, viniendo a suplir deficiencias ya crónicas como la falta de comunicación entre Huelva y Cádiz, o la puesta en mercado de los productos del campo almeriense.",54
AND_1990_IU_es.pdf,AND,1990,IU,es,"La potenciación de la navegación fluvial del Guadalquivir, con la realización de la correspondiente infraestructura en sus orillas y haciendo navegable el río para gabarras más arriba de Sevilla, permitiéndose así un transporte más económico a los productos del valle del Guadalquivir.",42
AND_1990_IU_es.pdf,AND,1990,IU,es,"La formulación de una política de cabotaje entre los puertos andaluces La regulación de los viajes turísticos, costeros y de río Diseño de una política fluvial en el Guadalquivir que aproveche sus condiciones naturales Además de las necesidades ya señaladas de este programa y las evaluaciones que en esta materia se habrán de realizar como consecuencia de Comisiones Obreras de Andalucía IZQUIERDA UNIDA - CONVOCATORIA POR ANDALUCÍA otras medidas anteriormente señaladas, se proponen las siguientes: Dragado de las barras del río Carrera Creación de un refugio pesquero entre la desembocadura del Guadalquivir y la ría de Huelva, que permita dar una travesía de tan largo litoral en malas condiciones de tiempo Terminación del puerto de Conil Instalaciones de atraque portuario en la Línea Realización de instalaciones portuarias en la Isleta en la provincia de Almería Plan de mejora de las instalaciones portuarias de los puertos pesqueros andaluces.",147
AND_1990_IU_es.pdf,AND,1990,IU,es,"La construcción es un sector con diferentes factores de arrastre sobre el resto de la economía y que, por lo tanto, está destinado a jugar un papel fundamental en la puesta en marcha del proyecto económico de IU-CA, en especial en sus primeros momentos.",44
AND_1990_IU_es.pdf,AND,1990,IU,es,"En la actualidad el sector viene actuando en un sentido doble: mecanismo para la realización de plusvalías especulativas, especialmente en la construcción de viviendas; y de apropiación de la inversión pública, particularmente en las grandes obras públicas.",37
AND_1990_IU_es.pdf,AND,1990,IU,es,"El resultado, junto a un volumen de empleo apreciable que debe reconocerse, es la desatención a las necesidades reales de vivienda (de manera absoluta ó dificultando enormemente el acceso) de grandes sectores de la población; y la consolidación de un modelo de vertebración territorial desequilibrado y concentrador.",47
AND_1990_IU_es.pdf,AND,1990,IU,es,"La política en materia de construcción de IU-CA tiende a corregir esos efectos no deseados, adecuando el desarrollo del sector a las demandas de la población, especialmente las que ahora no se manifiestan en el mercado, y crear más empleo, más factores de arrastre y multiplicadores en la economía y mejorar el equilibrio territorial.",54
AND_1990_IU_es.pdf,AND,1990,IU,es,"Por ello, y sin perjuicio de las medidas generales de carácter urbanístico y de ordenación del territorio que se proponen más adelante, IU-CA llevará adelante las medidas que se detallan.",30
AND_1990_IU_es.pdf,AND,1990,IU,es,Comisiones Obreras de Andalucía IZQUIERDA UNIDA - CONVOCATORIA POR ANDALUCÍA Plan cuatrienal de .,14
AND_1990_IU_es.pdf,AND,1990,IU,es,"viviendas de carácter social, el de las cuales se construirán en régimen de promoción privada, primándose la adjudicación a cooperativas y otras formas de promoción de carácter social arbitrando las cesiones de suelo necesarias, y el resto de promoción pública directa, una parte de las cuales se destinará a alquiler, ó en régimen de autoconstrucción.",55
AND_1990_IU_es.pdf,AND,1990,IU,es,"Esta política de promoción discriminará a favor de sectores con mayores dificultades en el acceso a la vivienda (familias monoparentales, mujeres solas, jóvenes, estudiantes, etc.) estableciendo cuotas.",27
AND_1990_IU_es.pdf,AND,1990,IU,es,Plan especial de rehabilitación de viviendas en cascos históricos de grandes poblaciones para recuperación de esos espacios para los ciudadanos y disminuir el hacinamiento y las malas condiciones.,28
AND_1990_IU_es.pdf,AND,1990,IU,es,"Elaboración de normas de diseño y tecnológicas que mejoren la calidad de las viviendas sociales, sus condiciones de habitabilidad, térmicas y acústicas y respeten las características de las viviendas tradicionales.",30
AND_1990_IU_es.pdf,AND,1990,IU,es,"Diseño, en convenio con las Cajas de Ahorros y la Banca Pública y Privada, de instrumentos financieros adecuados para llevar a cabo los Planes.",24
AND_1990_IU_es.pdf,AND,1990,IU,es,"La localización de estas medidas se determinará por los C.E.S. en función de las necesidades objetivas en cada comarca y población, atendiendo especialmente a las zonas con mayor desempleo en los programas de promoción pública.",35
AND_1990_IU_es.pdf,AND,1990,IU,es,Se primará la iniciativa social sobre cualquier otra forma de iniciativa no pública.,13
AND_1990_IU_es.pdf,AND,1990,IU,es,"IU-CA promoverá un giro radical en la política de infraestructuras actualmente seguida por la Junta de Andalucía en el sentido siguiente: Priorización de una política de infraestructuras hidráulicas que contemple el ciclo del agua, su aprovechamiento racional y la mejora de calidad de consumos y vertidos.",46
AND_1990_IU_es.pdf,AND,1990,IU,es,"Opción por el ferrocarril como modelo prioritario de transporte en largas distancias, para la conexión interregional, la diversificación de las vías de salida de Andalucía y en la descongestión de determinadas áreas intensamente urbanizadas.",34
AND_1990_IU_es.pdf,AND,1990,IU,es,Política de carreteras que gire en torno a la conservación y mejora de redes secundarias y comarcales y a reducir la polarización que generan los grandes ejes de iniciativa estatal y autonómica.,32
AND_1990_IU_es.pdf,AND,1990,IU,es,"Planificación de la extensión y mejora de la red básica de electrificación mediante convenios con la C.S.E. y la promoción de redes de titularidad pública en comarcas desfavorecidas, incentivando la cogeneración dentro de las políticas energéticas.",36
AND_1990_IU_es.pdf,AND,1990,IU,es,"Modernización y digitalización progresiva de la red de telecomunicaciones ampliando su cobertura y priorizando estas medidas sobre la implantación de sistemas más sofisticados (RDSI, anillos digitales, telepuertas, .",28
AND_1990_IU_es.pdf,AND,1990,IU,es,) en enclaves tecnológicos.,4
AND_1990_IU_es.pdf,AND,1990,IU,es,"En este sentido, las medidas concretas a proponer por IU-CA desde el Gobierno de Andalucía serán: Plan Hidráulico integral, en el marco de la asunción de las competencias de las Confederaciones Hidrográficas y el desarrollo participativo de la Ley de Aguas, que contemple: - Política de captaciones, embalses reguladores y miniembalses.",51
AND_1990_IU_es.pdf,AND,1990,IU,es,"- Priorización de los usos agrarios y de consumo de la población estable en función de las disponibilidades reales dentro de un plan de ordenación de las extracciones - Seguimiento sistemático de los niveles y la calidad de las aguas - Tratamiento suficiente de las aguas de consumo - Depuración integral de aguas residuales urbanas potenciando el empleo de tecnologías blandas Comisiones Obreras de Andalucía IZQUIERDA UNIDA - CONVOCATORIA POR ANDALUCÍA - Tratamiento separativo de residuales de origen industrial Plan de infraestructura ferroviaria para Andalucía que contemple: - Consolidación de un eje trasversal Ayamonte-Almería por Bobadilla - Mejora de las conexiones con doble vía en Despeñaperros, mejora de la Vía de la Plata y apertura de enlaces con Levante por Utiel, Guadix-Almendricos y Carboneras y Murcia - Prolongación de Granada por Motril y mejora del enlace con Algeciras - Consolidación de una red de cercanías en Sevilla, Costa del Sol hasta Algeciras, Adra-Almería y Bahía de Cádiz hasta Sanlúcar Plan de Carreteras para Andalucía que, coordinado con la Administración Central, asegure en cuatro años: - Prolongación de la A- a Jeréz, Puerto Lumbreras y Almería - Autovía Adra-Puerto Lumbreras - Conservación y mejora de toda la red secundaria en torno a estos grandes ejes y la N-IV conforme avancen las obras - Mejora de las conexiones Norte-Sur: Huelva-Zafra, Córdoba-Peñarroya, Jaén-Albacete, Alcalá la Real-Vélez Málaga - Programa extraordinario de inversiones en las zonas de peor accesibilidad: Sierras de Huelva y Sevilla, Serranía de Ronda, Alpujarras de Almería y Granada, Sierras de Cazorla y Segura.",253
AND_1990_IU_es.pdf,AND,1990,IU,es,"Para asegurar una efectiva difusión a los sectores económicos y sociales andaluces de las inversiones públicas en la construcción y la creación de empleo de calidad, se adoptarán medidas especiales en los planes siguientes: Transparencia total de las adjudicaciones, facilitando el acceso a las calificaciones necesarias a las PYMES y cooperativas agrupadas Exigencia de responsabilidades a las grandes constructoras en la subcontratación, con obligación de justificar certificaciones con facturas reales y no únicamente con certificaciones facultativas Control de calidad estricto en la ejecución de las obras y garantías Inspección estricta de calidad de los contratos y condiciones de trabajo, responsabilizando al primer contratista en todo caso.",106
AND_1990_IU_es.pdf,AND,1990,IU,es,"Puesta en marcha, dentro del plan de FPO, de programas específicos de formación en técnicas tradicionales y nuevas tecnologías y materiales de construcción, incorporando sistemas de semifabricados y prefabricados.",29
AND_1990_IU_es.pdf,AND,1990,IU,es,"Promoción de cooperativas de trabajo asociado en el sector de la construcción, especialmente entre jóvenes provinientes del sistema de FPO y Escuelas Taller.",23
AND_1990_IU_es.pdf,AND,1990,IU,es,Programa específico de seguridad e higiene en el sector de la construcción.,12
AND_1990_IU_es.pdf,AND,1990,IU,es,"Comisiones Obreras de Andalucía IZQUIERDA UNIDA - CONVOCATORIA POR ANDALUCÍA La política de transporte de IU-CA, más allá de una mera administración de las compencias administrativas de la Junta de Andalucía, tendrá un carácter de ordenación e integración del espacio regional y sus relaciones internas y con el exterior.",49
AND_1990_IU_es.pdf,AND,1990,IU,es,Para ello se plantea la coordinación de los diferentes modos de transporte y comunicación y la consideración de éstos como servicio público y como contribución a la vertebración social y económica de Andalucía.,33
AND_1990_IU_es.pdf,AND,1990,IU,es,"Ello requiere una mayor implicación de la Junta de Andalucía en estas materias: ejercicio de las competencias actuales más allá de una mera intervención administrativa, reivindicación de nuevas competencias en comunicaciones postales y telecomunicaciones e intervención activa en las grandes políticas estatales y empresas públicas de transporte.",47
AND_1990_IU_es.pdf,AND,1990,IU,es,"La apuesta de IU-CA por el ferrocarril como forma prioritaria de transporte menos impactante en el medio y más eficiente desde el punto de vista energético, se traduce en una potenciación de la infraestructuras ferroviarias que requiere, en paralelo, una utilización al máximo de dichas infraestructuras, sobre la base de la atención a las necesidades sociales y del sistema productivo.",60
AND_1990_IU_es.pdf,AND,1990,IU,es,"Por ello, IU-CA propone las medidas siguientes: - Diversificación de las comunicaciones ferroviarias a larga distancia en función de las necesidades del sistema productivo (enlaces con Levante, desdoble de Despeñaperros, empleo del enlace por Brazatortas no únicamente para viajeros, .",40
AND_1990_IU_es.pdf,AND,1990,IU,es,"- Conexión de los grandes puertos andaluces (Algeciras, Cádiz, Málaga, Motril, .) con la red ferroviaria de alcance nacional e internacional mediante terminales de carga de contenedores y la adecuación de infraestructuras y material rodante.",35
AND_1990_IU_es.pdf,AND,1990,IU,es,"- Establecimiento de una red adecuada de centros de clasificación, transbordo y conexión con el transporte por carretera.",18
AND_1990_IU_es.pdf,AND,1990,IU,es,"- Construcción y mejora de los trazados, electrificación y desdoble; en particular de los ejes costero y Ayamonte-Almería con el fin de disponer de una vertebración ferroviaria regional.",28
AND_1990_IU_es.pdf,AND,1990,IU,es,- Establecimiento de servicios regionales que permitan la conexión entre capitales y grandes poblaciones con ida y vuelta en el día.,21
AND_1990_IU_es.pdf,AND,1990,IU,es,"- Reapertura y creación de líneas metropolitanas y de cercanías en Almería, Costa del Sol, Sevilla y Bahía de Cádiz.",20
AND_1990_IU_es.pdf,AND,1990,IU,es,- Coordinación del transporte ferroviario en estas Áreas con las políticas de transportes públicos metropolitanos.,15
AND_1990_IU_es.pdf,AND,1990,IU,es,"- Defensa de la unidad de gestión y el mantenimiento en el sector público de todas las empresas relacionadas con el ferrocarril, con la participación de la Junta de Andalucía.",30
AND_1990_IU_es.pdf,AND,1990,IU,es,Comisiones Obreras de Andalucía IZQUIERDA UNIDA - CONVOCATORIA POR ANDALUCÍA Desarrollo e implantación de las tecnologías de ejes de ancho variable producidas en Andalucía.,24
AND_1990_IU_es.pdf,AND,1990,IU,es,Modernización del material rodante e incorporación a la red andaluza de las nuevas tecnologías de control de tráfico y señalización.,20
AND_1990_IU_es.pdf,AND,1990,IU,es,IU-CA propone que el proyecto de T.A.V. o A.V.E. Madrid-Sevilla por Brazatortas se paralice de forma inmediata por las razones siguientes: Supone una concentración de inversiones que se realiza a costa de otras necesidades urgentes y de mayor interés para el ferrocarril en Andalucía.,44
AND_1990_IU_es.pdf,AND,1990,IU,es,Crea una discontinuidad en el trazado ferroviario por Andalucía y supone una desconexión del resto de la red regional inaceptable para el papel que esta debe jugar.,27
AND_1990_IU_es.pdf,AND,1990,IU,es,"En su concepción actual, provoca un impacto ambiental inadmisible en Sierra Morena y otras zonas.",15
AND_1990_IU_es.pdf,AND,1990,IU,es,"Resulta, previsiblemente, no rentable para su explotación posterior desde los criterios de una RENFE pública y, por lo tanto, incide en la tendencia a la privatización.",26
AND_1990_IU_es.pdf,AND,1990,IU,es,En la actualidad el transporte de viajeros por carretera se halla en una situación de fuerte desarticulación.,17
AND_1990_IU_es.pdf,AND,1990,IU,es,"De otro lado, las áreas económicamente marginadas se encuentran desatendidas.",10
AND_1990_IU_es.pdf,AND,1990,IU,es,"En síntesis la política de transporte de viajeros de IU-CA desarrollará las siguientes acciones prioritarias: Establecimiento de una política territorial donde la comarca sea el medio básico de planificación, de articulación espacial y funcional.",34
AND_1990_IU_es.pdf,AND,1990,IU,es,"Delimitación de zonas marginadas a fin de flexibilizar la legislación en cuanto a tipo de vehículos, empresas, así como su gestión.",21
AND_1990_IU_es.pdf,AND,1990,IU,es,"Coordinación de la red de transporte de viajeros en los tres niveles: comarcal, intercomarcal y regional procurando una distribución horizontal de los servicios en el territorio.",26
AND_1990_IU_es.pdf,AND,1990,IU,es,"Adecuación de la política tarifaria acorde con las necesidades de la empresa (rentabilidad, dimensión empresarial, etc.) y los niveles de renta de los usuarios, contemplando específicamente la subvención a la tercera edad y delimitando las áreas marginadas.",37
AND_1990_IU_es.pdf,AND,1990,IU,es,"Estudio de la viabilidad de nuevos servicios discrecionales (jubilados, estudiantes, etc.)",11
AND_1990_IU_es.pdf,AND,1990,IU,es,para paliar los efectos negativos de la estacionalidad de la demanda.,11
AND_1990_IU_es.pdf,AND,1990,IU,es,"Creación de estaciones de autobuses en las cabeceras de comarca yo zonas de alta densidad de tráfico, aprovechando sus instalaciones para la coordinación de las líneas y servicios comunes de las empresas (taller, lavado de coches, venta de billetes, repuestos).",40
AND_1990_IU_es.pdf,AND,1990,IU,es,Establecimiento del nuevo tipo de concesión por zona y no por línea.,12
AND_1990_IU_es.pdf,AND,1990,IU,es,Creación del Registro Andaluz de Empresas de Transporte de Viajeros.,10
AND_1990_IU_es.pdf,AND,1990,IU,es,La política del transporte urbano y metropolitano debe partir de la realidad de la estructura urbana y estar en consonancia con el modelo de ciudad y de planificación urbanística existente.,30
AND_1990_IU_es.pdf,AND,1990,IU,es,"Además dicha política debe resolver los más importantes aspectos de la actual problemática que aqueja al sector, a saber: congestión del tráfico en horas punta y determinadas áreas conflictivas, disminución continua Comisiones Obreras de Andalucía IZQUIERDA UNIDA - CONVOCATORIA POR ANDALUCÍA del uso del transporte urbano colectivo, colisión o conflictividad entre el tráfico colectivo y otros tráficos, crítica situación financiera y de gestión del transporte público urbano.",67
AND_1990_IU_es.pdf,AND,1990,IU,es,"Por ello, dentro del contexto de una nueva política, se tendrán en cuenta los siguientes elementos: Potenciación del transporte colectivo en el centro y casco histórico de las grandes ciudades, con la adopción de medidas disuasorias en la utilización del vehículo privado (peatonalización, horarios, .",45
AND_1990_IU_es.pdf,AND,1990,IU,es,) y el empleo de plataformas reservadas.,7
AND_1990_IU_es.pdf,AND,1990,IU,es,"Apoyo al transporte en bicicleta y peatonal, mediante la adopción de medidas de adecuación en el viario.",17
AND_1990_IU_es.pdf,AND,1990,IU,es,Realización de circunvalaciones que deriven los tráficos interurbanos y sistemas de aparcamientos en el exterior conectados con los transportes públicos.,20
AND_1990_IU_es.pdf,AND,1990,IU,es,Modificación y escalonamiento de los horarios laborales y comerciales para facilitar el acceso gradual a las zonas de mayor concentración.,20
AND_1990_IU_es.pdf,AND,1990,IU,es,Aprobación de una Ley de Financiación del Transporte Público Urbano que solucione definitivamente los problemas actuales del sector.,18
AND_1990_IU_es.pdf,AND,1990,IU,es,Políticas tarifarias que incentiven el uso del transporte público y discriminen a favor de los colectivos de renta más baja.,20
AND_1990_IU_es.pdf,AND,1990,IU,es,"El transporte de mercancías por carretera es en Andalucía una necesidad impuesta parcialmente por la idoneidad de este modo de transporte para atender determinadas necesidades y, en otra parte, por la incapacidad del sistema público ferroviario derivada de una apuesta por un modelo determinado de transporte.",46
AND_1990_IU_es.pdf,AND,1990,IU,es,"Por lo tanto, asociados a este sector se encuentran un gran número de puestos de trabajo y una vinculación muy fuerte con determinados núcleos y sectores de Andalucía especializados en determinadas producciones.",32
AND_1990_IU_es.pdf,AND,1990,IU,es,Las medias que IU-CA propone para este sector son las siguientes: Una apuesta por los autónomos y cooperativas de transporte que parta del reconocimiento del carácter mayoritario de estas fórmulas en el sector y de su mayor compromiso con en empleo y los sectores productores a los que prestan servicio.,50
AND_1990_IU_es.pdf,AND,1990,IU,es,"En la misma línea, una apuesta por la modernización de estos sectores a través de la financiación a la renovación de las flotas y a las acciones colectivas (compras en conjunto, contratación colectiva de cargas y retornos, .",38
AND_1990_IU_es.pdf,AND,1990,IU,es,"Creación, en las áreas que se determinen de acuerdo con el sector, de zonas de concetración de vehículos que faciliten el descanso, las operaciones de mantenimiento y la contratación de cargas.",31
AND_1990_IU_es.pdf,AND,1990,IU,es,"En paralelo, la necesidad de proteger las inversiones públicas y defender la seguridad vial y las condiciones de trabajo en el sector, obliga a una política de ordenación de los transportes que contemple: Aplicación rigurosa de la normativa comunitaria en materia de carga por ejes, condiciones técnicas de los vehículos, velocidades y jornadas laborales.",54
AND_1990_IU_es.pdf,AND,1990,IU,es,Ampliación y extensión de las acciones de formación en el sector y el control de las adecuadas condiciones profesionales.,19
AND_1990_IU_es.pdf,AND,1990,IU,es,Implantación de tasas por el empleo de infraestructuras públicas y diseño de mecanismos que incentiven y faciliten el transporte multimodal.,20
AND_1990_IU_es.pdf,AND,1990,IU,es,Comisiones Obreras de Andalucía IZQUIERDA UNIDA - CONVOCATORIA POR ANDALUCÍA Las comunicaciones postales y las telecomunicaciones deben cubrir un papel social que suponga la desaparición de marginaciones actualmente existentes y contribuir a crear un tejido económico andaluz en base al aprovechamiento de las nuevas tecnologías.,45
AND_1990_IU_es.pdf,AND,1990,IU,es,"Para ello, IU-CA propone: - Transferencia a la Comunidad Andaluza de las competencias en materia de comunicaciones manteniendo al unidad de gestión y el carácter público de este servicio.",29
AND_1990_IU_es.pdf,AND,1990,IU,es,- Extensión a todos los núcleos de población de los servicios postales y de teléfono automático.,16
AND_1990_IU_es.pdf,AND,1990,IU,es,- Creación de Oficinas de Servicios Integrados de Telecomunicaciones en todos los municipios andaluces.,14
AND_1990_IU_es.pdf,AND,1990,IU,es,- Transferencias de la gestión del programa STAR.,8
AND_1990_IU_es.pdf,AND,1990,IU,es,El turismo constituye un sector de gran importancia para la economía andaluza y estratégico para la balanza exterior estatal.,19
AND_1990_IU_es.pdf,AND,1990,IU,es,"Sin embargo, a pesar del gran número de empleos que genera y del volumen económico que supone, el turismo en Andalucía adopta normalmente un modelo depredador del medio ambiente y pasa por dificultades a consecuencia de lo anterior y de su elevado grado de dependencia.",45
AND_1990_IU_es.pdf,AND,1990,IU,es,"Esto es así dado que en Andalucía, el turismo se ha orientado siempre en la variante especulativa y nunca se ha configurado como un sector con perspectivas a medio plazo.",30
AND_1990_IU_es.pdf,AND,1990,IU,es,"La política en materia turística de IU-CA contemplará, por lo tanto, la reconversión de este sector en varios frentes: - Incremento de la calidad y desestacionalización de las infraestructuras turísticas existentes - Mejora del nivel de control de los recursos turísticos por los agentes andaluces - Orientación hacia formas de turismo que generen empleo más estable, tengan mayor difusión en las economías locales y contribuyan a la mejora de infraestructuras y medio urbano de las poblaciones turísticas - Freno a los procesos de urbanización masiva y que supongan deterioro ambiental y sobrecarga de las infraestructuras públicas - Promoción de turismo interior, rural, de intercambio, ecológico, histórico, y en general, formas menos consumistas y depredadoras.",114
AND_1990_IU_es.pdf,AND,1990,IU,es,"Los instrumentos para inducir estos cambios serán: - Creación, animadas y promocionadas desde el sector público, de agrupaciones de empresas turísticas en las comarcas costeras y otras de interés que sirvan para diseñar paquetes y productos turísticos y comercializarlos conjuntamente en los mercados internos y externos, bajo una denominación de calidad regulada y aceptada voluntariamente.",55
AND_1990_IU_es.pdf,AND,1990,IU,es,- Reserva a favor de los agentes locales y las iniciativas que surjan en las comarcas de los derechos de aprovechamiento de recursos turísticos de titularidad pública.,27
AND_1990_IU_es.pdf,AND,1990,IU,es,"- Coordinación, en los programas de rehabilitación urbana en poblaciones de interés turístico, de los usos residenciales con los turísticos, incorporándolos a las redes de comercialización citadas.",27
AND_1990_IU_es.pdf,AND,1990,IU,es,- Creación incentivada de una red de alojamientos rurales de calidad y aprovechamientos de explotaciones agrarias en forma de campings y estancias en casa de labranza.,26
AND_1990_IU_es.pdf,AND,1990,IU,es,- Creación de una red pública de información y reserva de alojamientos a través del Videotex para las iniciativas reseñadas hasta aquí y otras que voluntariamente se suscriban.,28
AND_1990_IU_es.pdf,AND,1990,IU,es,"IZQUIERDA UNIDA - CONVOCATORIA POR ANDALUCÍA Priorización en la Planificación Territorial de la conclusión del planteamiento urbanístico en municipios turísticos e incorporación explícita de restricciones a: - Iniciativas y proyectos que originen demandas de infraestructuras y equipamientos superiores a la capacidad financiera de los municipios, exigiendo estudios de viabilidad y financiación - Cualquier forma de urbanización que se consolide fuera de los cascos urbanos en los Espacios Naturales Protegidos Planes de turismo social y de la tercera edad que contribuyan a desestacionalizar la demanda Dentro de los Planes de FPO, programas específicos de formación ocupacional y empresarial orientadas al sector El sector de Comercio detallista en Andalucía se caracteriza por su dualismo; de una parte el comercio tradicional al que, salvo excepciones, se encuentra en una situación de estancamiento y retroceso, y por otro, los grandes grupos que proliferan en Andalucía.",141
AND_1990_IU_es.pdf,AND,1990,IU,es,"Fórmulas intermedias y más avanzadas, como el cooperativismo, sucursalismo y cadenas voluntarias ó la franquicia, se abren paso con dificultad consolidándose una dinámica dominante, la de los monopolios.",28
AND_1990_IU_es.pdf,AND,1990,IU,es,"Debido a la importancia para el empleo del sector y los riesgos que todo el proceso de monopolización conlleva, es necesaria una política de reforma de las estructuras comerciales en la línea de transparentizar los mecanismos del mercado, mejorar la calidad del comercio y contrarrestar los efectos más peligrosos en las grandes cadenas, entre los que no son desdeñables las precarias condiciones de trabajo a que someten a sus empleados y los impactos urbanísticos que ocasionan.",76
AND_1990_IU_es.pdf,AND,1990,IU,es,"En este sentido IU-CA presentará al Parlamento Andaluz una ley de Ordenación y Modernización del Comercio Interior que contemple: Limitación de horarios, días de apertura y sistemas promocionales (rebajas, ofertas.",30
AND_1990_IU_es.pdf,AND,1990,IU,es,") Sistemas de ayudas públicas a la asociación, organización y cooperación de los comerciantes y a las nuevas fórmulas comerciales Regulación del acceso a la actividad comercial contemplando la formación y orientación empresarial y la actualización de los comerciantes ya instalados.",41
AND_1990_IU_es.pdf,AND,1990,IU,es,"La calificación de determinadas actividades comerciales como de interés público, dentro de las cuales deberán contemplarse determinadas formas de comercio no sedentario En el marco de los equipamientos comerciales y el más amplio del urbanismo comercial, se adoptarán las medidas siguientes: Racionalización de la política de Pabellones e Instalaciones Feriales potenciando la especialización Limitaciones a la instalación de nuevas grandes superficies en capitales y Área Metropolitanas Plan de construcción y modernización de los equipamientos comerciales públicos Comisiones Obreras de Andalucía IZQUIERDA UNIDA - CONVOCATORIA POR ANDALUCÍA Las nuevas tecnologías de la información, junto con el empleo de determinados instrumentos públicos, son la base para la desintermediación de muchos circuitos comerciales andaluces, lo que redundará en una disminución de la inflación y en la mejora de la posición relativa de productores y consumidores.",132
AND_1990_IU_es.pdf,AND,1990,IU,es,"En relación a las redes de origen y destino y a la necesidad de desintermediación, el gobierno de IU-CA planteará la asunción de competencias sobre Mercos y Mercas y la incorporación de las nuevas tecnologías de telecomunicación a la gestión y operación de estas entidades en forma de lonjas electrónicas interconectadas.",51
AND_1990_IU_es.pdf,AND,1990,IU,es,"La forma de actuación preferente será la potenciación de la autoorganización de los sectores, con apoyo público que garantice la igualdad de oportunidades para los sectores productores más débiles y las garantías para los consumidores.",35
AND_1990_IU_es.pdf,AND,1990,IU,es,"Dentro de las medidas para deslindar las distintas representaciones sociales, se planteará la democratización de las Cámaras de Comercio y la supresión de los recargos tributarios y su sustitución por cuotas de afiliación en función de los servicios que se reciban.",41
AND_1990_IU_es.pdf,AND,1990,IU,es,"Dichos servicios se orientarán fundamentalmente a la colaboración con las empresas andaluzas para su salida a los mercados exteriores, información sobre normas y convenios, puesta en contacto con empresas extranjeras, etc.",31
AND_1990_IU_es.pdf,AND,1990,IU,es,Un desarrollo armónico con la Naturaleza Comisiones Obreras de Andalucía MEDIO AMBIENTE Y POLÍTICA TERRITORIAL ESTAMOS ante una evidente y acelerada degradación del medio ambiente.,25
AND_1990_IU_es.pdf,AND,1990,IU,es,"Esta situación no puede circunscribirse hoy a un territorio específico, por cuanto la magnitud del problema afecta a todo el planeta y pone de manifiesto hasta donde pueden llegar las actuaciones depredadoras del sistema y, en consecuencia, la necesidad de dar una respuesta social internacional y unas alternativas.",48
AND_1990_IU_es.pdf,AND,1990,IU,es,"Estas, lejos de quedarse en propuestas paliativas, han de ir al fondo, a las causas múltiples, que están tras el deterioro de la naturaleza y a una acción transformadora que cambie las pautas culturales, el modelo de crecimiento económico imperante y las relaciones sociales que vivimos.",46
AND_1990_IU_es.pdf,AND,1990,IU,es,"La destrucción de la capa de ozono y de la selva amazónica; el recalentamiento de la atmósfera y el efecto invernadero; la lluvia ácida, la contaminación de la atmósfera, del mar, de los ríos, acuíferos de la tierra; la salinización, la erosión, desforestación y desertización.",45
AND_1990_IU_es.pdf,AND,1990,IU,es,Todo ello pone en evidencia sin lugar a dudas que estamos ante un problema de primer orden en todos los ámbitos.,21
AND_1990_IU_es.pdf,AND,1990,IU,es,"El tipo de desarrollo industrial, un crecimiento económico que sobreexplotan cuanto está a su alcance y una actividad especuladora sin control son las causas fundamentales de este proceso desequilibrador al que estamos asistiendo.",33
AND_1990_IU_es.pdf,AND,1990,IU,es,"El intenso tráfico de vehículos, los focos de combustión urbanos e industriales, las emisiones industriales, producen una contaminación atmosférica en ascenso en las grandes ciudades, incrementando los gases nocivos y disminuyendo la existencia de oxígeno para la respiración, DEPARTAMENTO DE LA INTEGRACIÓN Comisiones Obreras de Andalucía IZQUIERDA UNIDA - CONVOCATORIA POR ANDALUCÍA MEDIO AMBIENTE Y POLÍTICA TERRITORIAL produciendo cambios climáticos con aumento de temperaturas, disminuyendo la humedad, contaminando las aguas y elevando el nivel de ruidos.",76
AND_1990_IU_es.pdf,AND,1990,IU,es,"El desarrollo urbanístico especulativo y antisocial ha creado ciudades densas y estresantes, falta de zonas verdes y equipamientos, degradando el litoral y las playas.",24
AND_1990_IU_es.pdf,AND,1990,IU,es,Los grandes negocios de la industria papelera y las actividades agrícolas sin planificar han modificado el paisaje talando miles de hectáreas de árboles ó implantando el eucaliptos en grandes extensiones.,30
AND_1990_IU_es.pdf,AND,1990,IU,es,Los incendios forestales y la repoblación insuficiente han hecho el resto contribuyendo a la desertización.,15
AND_1990_IU_es.pdf,AND,1990,IU,es,"El uso excesivo de compuestos nitrogenados, abonos y pesticidas han contaminado los acuíferos y en consecuencia las aguas de consumo público.",21
AND_1990_IU_es.pdf,AND,1990,IU,es,La sobreexplotación de aquellos que están cercanos a las costas ha propiciado su salinización.,14
AND_1990_IU_es.pdf,AND,1990,IU,es,Todos estos problemas están presentes en Andalucía.,7
AND_1990_IU_es.pdf,AND,1990,IU,es,"Los datos de la propia Agencia de Medio Ambiente, del Servicio Andaluz de Salud y otros organismos oficiales reflejan la siguiente situación: núcleos de población que agrupan a más de .",31
AND_1990_IU_es.pdf,AND,1990,IU,es,habitantes disponen para su consumo de agua no potable.,9
AND_1990_IU_es.pdf,AND,1990,IU,es,Más de un .,4
AND_1990_IU_es.pdf,AND,1990,IU,es,personas - núcleos- consumen agua sanitariamente permisible de consumo excepcional.,10
AND_1990_IU_es.pdf,AND,1990,IU,es,Y en núcleos -.,4
AND_1990_IU_es.pdf,AND,1990,IU,es,h.- no se dispone de datos sobre la potabilidad del agua.,11
AND_1990_IU_es.pdf,AND,1990,IU,es,"Es decir, más de .",5
AND_1990_IU_es.pdf,AND,1990,IU,es,de ciudadanos disponen de un agua cuya calificación no es potable.,11
AND_1990_IU_es.pdf,AND,1990,IU,es,de ciudadanos - núcleos de población- toman un agua cuya desinfección no es correcta.,14
AND_1990_IU_es.pdf,AND,1990,IU,es,El de los acuíferos andaluces tienen una contaminación grave.,9
AND_1990_IU_es.pdf,AND,1990,IU,es,"El , valores desfavorables en algunos parámetros.",7
AND_1990_IU_es.pdf,AND,1990,IU,es,personas viven en poblaciones que no depuran sus aguas residuales.,10
AND_1990_IU_es.pdf,AND,1990,IU,es,No existe red de saneamiento o están en malregular estado poblaciones que agrupan a más de .,17
AND_1990_IU_es.pdf,AND,1990,IU,es,"Las cuencas del Guadalete, Tinto, Odiel y Guadalquivir están en grado de contaminación no admisibles.",15
AND_1990_IU_es.pdf,AND,1990,IU,es,Comisiones Obreras de Andalucía IZQUIERDA UNIDA - CONVOCATORIA POR ANDALUCÍA MEDIO AMBIENTE Y POLÍTICA TERRITORIAL - Cerca del de los embalses regionales presentan un estado eutrófico o de deterioro.,29
AND_1990_IU_es.pdf,AND,1990,IU,es,- Según los datos presentados por la Red de Control de Calidad de Aguas Superficiales que gestiona el MOPU la situación en cuanto a contaminación de los cauces no ha experimentado evolución positiva alguna con respecto a años anteriores.,39
AND_1990_IU_es.pdf,AND,1990,IU,es,"- Existen concentraciones altas de SO en muchos puntos de la región y de forma significativa en Huelva, Sevilla y Cádiz -Campo de Gibraltar-.",24
AND_1990_IU_es.pdf,AND,1990,IU,es,"- El de la superficie de Andalucía está sometida a riesgo elevados o muy elevados, llegando al en Almería.",19
AND_1990_IU_es.pdf,AND,1990,IU,es,"IU-CA considera que la problemática del medio ambiente debe abordarse de manera integral, es decir, han de considerarse todas las cuestiones relativas al desarrollo económico, agrícola, cultural, educativo, de salud, laboral, etc.",32
AND_1990_IU_es.pdf,AND,1990,IU,es,Partimos del principio de la transformación del modelo social para eliminar los desequilibrios.,13
AND_1990_IU_es.pdf,AND,1990,IU,es,"En esta perspectiva han de implicarse todos los sectores sociales superando las contradicciones entre los intereses de los trabajadores y consumidores, poniendo el desarrollo tecnológico al servicio del hombre.",29
AND_1990_IU_es.pdf,AND,1990,IU,es,"Sólo desde una concepción basada en la elaboración colectiva, en la participación y en la descentralización máxima de las desiciones puede hacerse frente desde el entorno a los intereses externos que consideran el medio sólo como fuente de beneficios.",39
AND_1990_IU_es.pdf,AND,1990,IU,es,"Una estrategia basada en la solidaridad frente a la competitividad, la cultura frente al consumismo, la austeridad frente al despilfarro, la participación frente a la delegación de voluntades, el trabajo colectivo frente al individualismo, la apuesta por el futuro frente a la inmediatez del presente.",45
AND_1990_IU_es.pdf,AND,1990,IU,es,"Una estrategia, en definitiva, pensada para crear nueva conciencia y mentalidad que permita afrontar el gran reto de la armonía con la naturaleza.",23
AND_1990_IU_es.pdf,AND,1990,IU,es,"Comisiones Obreras de Andalucía IZQUIERDA UNIDA - CONVOCATORIA POR ANDALUCÍA MEDIO AMBIENTE Y POLÍTICA TERRITORIAL La situación de subdesarrollo económico, desequilibrio territorial y degradación ambiental que padece Andalucía es el producto histórico de un mismo modelo capitalista y productivista.",39
AND_1990_IU_es.pdf,AND,1990,IU,es,"Incluso, la existencia de espacios naturales relativamente vírgenes en los que se acumulan déficits sociales históricos y situaciones de subdesarrollo son, paradójicamente, el resultado de ese mismo modelo que, hasta ahora, no había encontrado formas de rentabilizar dicho medio.",39
AND_1990_IU_es.pdf,AND,1990,IU,es,"Por eso, la mercantilización creciente de los escasos recursos ambientales los están poniendo en peligro.",15
AND_1990_IU_es.pdf,AND,1990,IU,es,"Por otro lado, el modelo específicamente extravertido y desarticulado que caracteriza a la economía andaluza, hace que el ritmo de explotación y la mayor tendencia a las externalizaciones actúen de forma especialmente degradante y expoliadora sobre los recursos y el medio natural andaluces.",43
AND_1990_IU_es.pdf,AND,1990,IU,es,"Todo lo cual nos sitúa ante la necesidad de aplicar una política de desarrollo económico, ordenación del territorio y protección del medio ambiente que gire en torno a los mismos ejes, los del equilibrio.",34
AND_1990_IU_es.pdf,AND,1990,IU,es,Los elementos básicos serán: Para IU-CA no existen islas ecológicas en medio de territorios sin interés.,16
AND_1990_IU_es.pdf,AND,1990,IU,es,"La protección ambiental no debe centrarse en unos únicos polos, sino convertirse en una práctica general, que incluya la adopción de medidas de intervención positivas en la recuperación de recursos degradados.",31
AND_1990_IU_es.pdf,AND,1990,IU,es,"En este sentido, no existe un urbanismo para el medio urbano y una política de medio ambiente para el rural.",20
AND_1990_IU_es.pdf,AND,1990,IU,es,"El urbanismo debe ser la política ambiental de las ciudades, como la ordenación del territorio debe ser la distribución de la actividad y el diseño de los intercambios materiales que es coherente con el necesario equilibrio ambiental.",37
AND_1990_IU_es.pdf,AND,1990,IU,es,"La máxima expresión de esta integración de política debe establecerse en la planificación económica y territorial, que tendrá como referencia los objetivos de desarrollo y los límites que el medio impone.",31
AND_1990_IU_es.pdf,AND,1990,IU,es,"En una economía de mercado capitalista, la degradación del medio está incentivada por la posibilidad de destruir una riqueza que no es susceptible de mercantilización.",25
AND_1990_IU_es.pdf,AND,1990,IU,es,"Sólo cuando el medio ambiente de calidad es un bien escaso, los mecanismos del mercado le dan un valor de cambio.",21
AND_1990_IU_es.pdf,AND,1990,IU,es,Esto se da sólo cuando el deterioro ambiental está alcanzando dimensiones catastróficas y sólo en aquellos recursos que son vendibles.,20
AND_1990_IU_es.pdf,AND,1990,IU,es,"La degradación continua por acumulación de residuos y vertidos de todo tipo, por la destrucción de la fauna y la flora y la urbanización masiva hacen que determinados espacios adquieran valor mercantil y, sólo así, el sistema los estima para, con su propia lógica, pasar a deteriorarlos.",47
AND_1990_IU_es.pdf,AND,1990,IU,es,"En el fondo subyace el mecanismo clásico de apropiación privada de un bien social, que en el caso del medio ambiente, dado su carácter no renovable per se o de hecho -debido a la diferencia de ritmos entre la explotación productivista y la renovación natural-, se traduce en una externalización de costes.",52
AND_1990_IU_es.pdf,AND,1990,IU,es,"Las políticas de protección ambiental deben, por lo tanto, actuar para impedir esas externalizaciones, impidiendo los impactos irreversibles y trasladando los costes de eliminación, depuración y restauración a los precios de las mercancías.",33
AND_1990_IU_es.pdf,AND,1990,IU,es,"La recuperación de los recursos naturales degradados y su mejor utilización, así como la evolución de los procesos productivos a formas menos derrochadoras e impactantes son actividades que deben cobrar Comisiones Obreras de Andalucía IZQUIERDA UNIDA - CONVOCATORIA POR ANDALUCÍA MEDIO AMBIENTE Y POLÍTICA TERRITORIAL sentido económico, al ser la garantía del desarrollo futuro.",54
AND_1990_IU_es.pdf,AND,1990,IU,es,"Por todo ello, actividades de protección y depuración de las aguas, restauración de montes y reforestación y de lucha contra la erosión poseen una rentabilidad a medio plazo que justifica totalmente las inversiones que en ello se hagan y dan sentido social y económicamente productivo al empleo que generan.",49
AND_1990_IU_es.pdf,AND,1990,IU,es,"La reconversión ecológica del turismo y la agricultura y la orientación de ciertas industrias a la producción de bienes de equipo para captación y aprovechamiento de energías alternativas y de residuos, son actividades de futuro para los sectores implicados.",39
AND_1990_IU_es.pdf,AND,1990,IU,es,"Antes incluso que otras razones, la crisis ecológica pone en evidencia la interdependencia a nivel planetario.",16
AND_1990_IU_es.pdf,AND,1990,IU,es,"De ahí que las políticas ambientales no puedan quedarse en el territorio de Andalucía, sino que sea necesario un compromiso más amplio.",22
AND_1990_IU_es.pdf,AND,1990,IU,es,"En este sentido, la política ecológica de IU-CA contemplará desde la adhesión a campañas internacionales (CFC, protección de fauna y flora silvestre, defensa de los mares, .",27
AND_1990_IU_es.pdf,AND,1990,IU,es,") hasta la búsqueda de alianzas específicas a todos los niveles (España, CEE, .",14
AND_1990_IU_es.pdf,AND,1990,IU,es,"para combatir la degradación ambiental y las formas concretas de externalización de costes que atraviesan las fronteras (plantas de residuos nucleares o industriales, vertidos al Mediterráneo, lluvias ácidas, .",29
AND_1990_IU_es.pdf,AND,1990,IU,es,) La unidad básica para la ordenación del territorio en Andalucía debe ser la comarca.,15
AND_1990_IU_es.pdf,AND,1990,IU,es,"Sin embargo, la realidad histórica de nuestra comunidad no permite hablar de un proceso de comarcalización fácil, debido a la propia desarticulación territorial que padece.",25
AND_1990_IU_es.pdf,AND,1990,IU,es,Un proceso de comarcalización impuesto desde arriba está condenado a contradecirse con la realidad socio-económica de los municipios andaluces y revistiría un carácter administrativo.,24
AND_1990_IU_es.pdf,AND,1990,IU,es,"IU-CA propone avanzar en la comarcalización a través del Pacto Institucional, partiendo de la agrupación voluntaria de municipios con criterios sociales y económicos, no meramente administrativos, y asumiendo progresivamente competencias y contenidos presupuestarios.",33
AND_1990_IU_es.pdf,AND,1990,IU,es,"Este proceso se materializará en la Planificación, que a partir de criterios de Ordenación de ámbito andaluz aprobados en el Consejo Económico y Social regional, se concretarán en Planes Comarcales elaborados de forma participativa y con las prioridades siguientes: - Equilibrio Este-Oeste y zonas de montaña y campiña con el litoral y el valle del Guadalquivir - Ordenación prioritaria de las zonas costeras más amenazadas por la urbanización masiva - Inclusión de las políticas ambientales y la ordenación agraria en el marco de la Planificación Territorial IU-CA promoverá un giro radical en la política de infraestructuras actualmente seguida por la Junta de Andalucía en el sentido siguiente: Comisiones Obreras de Andalucía IZQUIERDA UNIDA - CONVOCATORIA POR ANDALUCÍA MEDIO AMBIENTE Y POLÍTICA TERRITORIAL - Priorización de una política de infraestructuras hidráulicas que contemple el ciclo del agua, su aprovechamiento racional y la mejora de calidad de consumos y vertidos.",148
AND_1990_IU_es.pdf,AND,1990,IU,es,"- Opción por el ferrocarril como modelo prioritario de transporte en largas distancias, para la conexión interregional, la diversificación de las vías de salida de Andalucía y en la descongestión de determinadas áreas intensamente urbanizadas.",35
AND_1990_IU_es.pdf,AND,1990,IU,es,- Política de carreteras que gire en torno a la conservación y mejora de redes secundarias y comarcales y a reducir la polarización que generan los grandes ejes de iniciativa estatal y autonómica.,33
AND_1990_IU_es.pdf,AND,1990,IU,es,"- Planificación de la extensión y mejora de la red básica de electrificación mediante convenios con la C.S.E. y la promoción de redes de titularidad pública en comarcas desfavorecidas, incentivando la cogeneración dentro de las políticas energéticas.",37
AND_1990_IU_es.pdf,AND,1990,IU,es,"- Modernización y digitalización progresiva de la red de telecomunicaciones ampliando su cobertura y priorizando estas medidas sobre la implantación de sistemas más sofisticados (RDSI, anillos digitales, telepuertas, .",29
AND_1990_IU_es.pdf,AND,1990,IU,es,) en enclaves tecnológicos.,4
AND_1990_IU_es.pdf,AND,1990,IU,es,"IU-CA defenderá una política urbanística coherente con la ordenación territorial general, y encaminada a contar con planeamiento al máximo nivel en las poblaciones más afectadas por la especulación de los terrenos.",31
AND_1990_IU_es.pdf,AND,1990,IU,es,Se refrozarán los mecanismos de disciplina urbanística y la posibilidad de la iniciativa social en defensa del planeamiento.,18
AND_1990_IU_es.pdf,AND,1990,IU,es,"Estas figuras, junto con la valoración de la función social del suelo, la agilización de los mecanismos de expropiación y sistemas fiscales y de valoración que dificulten la apropiación privada de plusvalías fruto de la iniciativa pública se recogerán en una Ley del Suelo Andaluza que IU-CA planteará en el Parlamento Andaluz.",52
AND_1990_IU_es.pdf,AND,1990,IU,es,Si existe un acontecimiento en Andalucía que está condicionando de manera determinante la ordenación del territorio es la Exposición Universal de .,22
AND_1990_IU_es.pdf,AND,1990,IU,es,Este acontecimiento genera un gran impacto en la ciudad de Sevilla y en el conjunto de Andalucía.,17
AND_1990_IU_es.pdf,AND,1990,IU,es,"Los resultados previsibles del mismo, por lo tanto, serán fundamentalmente los relativos al diseño territorial que está determinando.",18
AND_1990_IU_es.pdf,AND,1990,IU,es,"Las Exposiciones Internacionales o temáticas, aunque han desarrollado modelos económicos distintos al nuestro, han servido para solucionar, en la mayoría de los casos, problemas urbanísticos en sus sedes y han actuado sobre el desarrollo de la zona.",37
AND_1990_IU_es.pdf,AND,1990,IU,es,"No obstante, los modelos de Exposición Universal basados en la concentración espacio-temporal ( Has.",14
AND_1990_IU_es.pdf,AND,1990,IU,es,"y meses) de los logros y avances de la humanidad expuestos para ser visitados por un numeroso público que necesitaban de esta celebración para acceder a ellos, son modelos superados en las últimas exposiciones de Osaka y Montreal.",38
AND_1990_IU_es.pdf,AND,1990,IU,es,No es ajeno a ello la renuncia de Chicago y París.,11
AND_1990_IU_es.pdf,AND,1990,IU,es,"La aceptación de este modelo, junto a la ubicación en la capital sevillana del recinto donde celebrar la Exposición Universal del , y su concentración en la Isla de la Cartuja, fue una decisión tomada a espaldas de esta ciudad y sin una definición previa de objetivos y necesidades.",49
AND_1990_IU_es.pdf,AND,1990,IU,es,"Hay toda una trayectoria de las fuerzas integrantes de IU-CA que se inicia, por un lado, con la denuncia de las operaciones que con base en el ACTUR se iban a realizar en la Isla de la Cartuja y posicionándose contra una Exposición concentrada (Jornadas de Sevilla sobre la EXPO) y que termina con el Sevilla no cabe en una Isla del programa de IU-CA en las municipales.",68
AND_1990_IU_es.pdf,AND,1990,IU,es,"Sobre esta situación, sin una idea fuerza definida, actúa una confusa inversión pública se introducen, por un lado, ligeros matices cualitativos en las obras y, por otro, aceleraciones de obras previstas de ante- Comisiones Obreras de Andalucía IZQUIERDA UNIDA - CONVOCATORIA POR ANDALUCÍA MEDIO AMBIENTE Y POLÍTICA TERRITORIAL mano para terminarlas con fecha, que trastocan las prioridades inversoras.",58
AND_1990_IU_es.pdf,AND,1990,IU,es,"En paralelo actúa una rapaz inversión privada que lejos de cubrir y arriesgar sobre las necesidades (fundamentalmente de servicios e infraestructuras) que demanda la EXPO, se sube en el carro fácil de la especulación inmobiliaria espoleada ya por el hecho de la capitalidad administrativa, cuando no deteriora el medio ambiente de espacios de alto contenido ecológico, por coincidir con zonas turísticas-dormitorios'.",61
AND_1990_IU_es.pdf,AND,1990,IU,es,"A estas alturas, con los plantamientos de la Expo cerrados, aunque con grandes improvisaciones y un riesgo nada despreciable de que los retrasos acumulados supongan un recorte sustancial de lo inicialmente previsto, con unas inversiones por parte del Estado que tienen como punto de confluencia esta especial zona de Sevilla, con unos compromisos internacionales adquiridos y con una imagen de Sevilla y Andalucía comprometida, la celebración de la Expo en la Isla de la Cartuja se ha convertido en un problema y no en una solución para la Sevilla del .",91
AND_1990_IU_es.pdf,AND,1990,IU,es,"y, de no reconducirse a los distintos niveles, en lugar impulsor en cierta manera del desarrollo andaluz, se convertirá en desequilibrador de un territorio ya de por sí desequilibrado.",29
AND_1990_IU_es.pdf,AND,1990,IU,es,"Andalucía y Sevilla, una vez puesto en marcha este proyecto, debe buscar la fórmula de salir con éxito de este reto, y la mejor manera de hacerlo es dimensionar una Expo acorde con las capacidades territoriales de Sevilla.",38
AND_1990_IU_es.pdf,AND,1990,IU,es,Una Expo austera y para un número de visitantesvisitas sustancialmente inferior a las previsiones iniciales del Comisariado.,17
AND_1990_IU_es.pdf,AND,1990,IU,es,"Es por ello, que IU-CA plantea recurrir a cuantas acciones sean necesarias, en las actuaciones conducentes al redimensionamiento y reequilibrio de la Exposición Universal y al aprovechamiento mejor posible de lo que de ella quede en una perspectiva de futuro.",40
AND_1990_IU_es.pdf,AND,1990,IU,es,"Estas actuaciones, para Sevilla, como mínimo deben contemplar: Redimensionamiento de inversiones en el recinto, en función del número real de visitantesvisitas previsto, teniendo en cuenta que estadísticamente entre el - de los visitantes de una Exposición Universal provienen del área de influencia de la sede.",45
AND_1990_IU_es.pdf,AND,1990,IU,es,"Asegurar la permanencia del dominio y uso público del suelo de la Isla de la Cartuja, impidiendo usos especulativos y crecimientos urbanos en este territorio.",25
AND_1990_IU_es.pdf,AND,1990,IU,es,Las inversiones previstas en torno a la EXPO' deben estar en consonancia con el modelo de ciudad reequilibrada que planteamos.,20
AND_1990_IU_es.pdf,AND,1990,IU,es,No es aceptable una alta concentración de inversiones en el perímetro de la Cartuja con abandono absoluto de otras zonas de la ciudad.,23
AND_1990_IU_es.pdf,AND,1990,IU,es,"Mayor participación municipal en las decisiones de la Expo y mayor capacidad para planificar la ciudad que rodea el recinto y para coordinar las inversiones que, desde diferentes ámbitos, van a coincidir en la Sevilla del .",37
AND_1990_IU_es.pdf,AND,1990,IU,es,Reivindicamos un Plan Financiero en todo lo relacionado con la Expo.,11
AND_1990_IU_es.pdf,AND,1990,IU,es,No queremos una Sevilla de .,6
AND_1990_IU_es.pdf,AND,1990,IU,es,"que no tenga más horizontes que un fuerte endeudamiento, como ya ocurrió",12
AND_1990_IU_es.pdf,AND,1990,IU,es,Introducir todos los mecanismos necesarios de cautela y previsión para que .,12
AND_1990_IU_es.pdf,AND,1990,IU,es,"abra un período apto para seguir avanzando en el proyecto de una ciudad mejor dotada, con mayores servicios y una Hacienda Municipal libre de hipotecas.",25
AND_1990_IU_es.pdf,AND,1990,IU,es,"Constitución de un organismo local con la participación de todas las fuerzas políticas y sociales, a fin de defender y llevar a cabo las propuestas que Sevilla necesita.",28
AND_1990_IU_es.pdf,AND,1990,IU,es,"Reorientar el proyecto Cartuja' en la línea de aprovechar las infraestructuras para la modernización efectiva del tejido económico sevillano y andaluz, con la creación del Instituto Andaluz de Tecnología como impulsor.",31
AND_1990_IU_es.pdf,AND,1990,IU,es,Andalucía debe fijar sus miras en un Plan Económico en el horizonte del año .,15
AND_1990_IU_es.pdf,AND,1990,IU,es,y el Mercado Común Europeo que se abrirá a partir del año .,13
AND_1990_IU_es.pdf,AND,1990,IU,es,"Basar su desarrollo en ampliar el ámbito funcional de la Expo creando ciudades-dormitorio en la costa o inversiones desplanificadas en la pe- IZQUIERDA UNIDA - CONVOCATORIA POR ANDALUCÍA MEDIO AMBIENTE Y POLÍTICA TERRITORIAL rifería con el horizonte Expo, sólo llevará disfunciones mayores al territorio autonómico.",45
AND_1990_IU_es.pdf,AND,1990,IU,es,Con la perspectiva del año .,6
AND_1990_IU_es.pdf,AND,1990,IU,es,", vinculado a un Plan Económico y Territorial, Andalucía precisa: Diversificación de las inversiones en infraestructura, que se está dirigiendo al fin EXPO e inicio y continuación de las obras a igual ritmo en las ocho provincias.",37
AND_1990_IU_es.pdf,AND,1990,IU,es,"Desarrollo equilibrado de las zonas y comarcas andaluzas, dejando de primar los focos de rápida especulación.",16
AND_1990_IU_es.pdf,AND,1990,IU,es,"Plan Director de Ordenación Territorial de Andalucía, donde con la participación de todas las instituciones afectadas y potenciación del sector público, se priorice la defensa de los ecosistemas en el marco de una política medio-ambiental.",35
AND_1990_IU_es.pdf,AND,1990,IU,es,Reequilibrio de inversiones entre las ocho capitales andaluzas y grandes ciudades.,11
AND_1990_IU_es.pdf,AND,1990,IU,es,"Plan de financiación que abarque todos los aspectos de inversiones relacionados con la Expo, contemplando, igualmente, los presupuestos de ese mismo período para la mejora y modernización de la infraestructura andaluza.",31
AND_1990_IU_es.pdf,AND,1990,IU,es,El Plan de financiación debe ser suscrito de acuerdo con el Fondo de Compensación Interterritorial y debe reflejarse en el Fondo Andaluz de Cooperación Municipal.,25
AND_1990_IU_es.pdf,AND,1990,IU,es,"Constitución de mesas específicas dentro de los Consejos Económicos y Sociales a nivel andaluz y provincial, con participación de las instituciones implicadas, las fuerzas políticas y sociales, para el control y seguimiento de las inversiones, para la adecuación de las propuestas que Andalucía demanda desde el punto de vista de un desarrollo equilibrado y un modelo progresista de crecimiento.",59
AND_1990_IU_es.pdf,AND,1990,IU,es,"Establecimiento de acuerdos entre las administraciones y los sindicatos y control de las contrataciones y seguridad en la construcción de la Expo; asegurando, a la vez, la no discriminación entre los trabajadores andaluces.",33
AND_1990_IU_es.pdf,AND,1990,IU,es,"Y todo ello, recalcamos, en el marco de los presupuestos propios de las instituciones implicadas en la Exposición.",18
AND_1990_IU_es.pdf,AND,1990,IU,es,Comisiones Obreras de Andalucía IZQUIERDA UNIDA - CONVOCATORIA POR ANDALUCÍA MEDIO AMBIENTE Y POLÍTICA TERRITORIAL Para IU-CA no existen islas ecológicas en medio de territorios sin interés.,27
AND_1990_IU_es.pdf,AND,1990,IU,es,La protección y conservación del medio y los recursos naturales se extiende a todo el territorio.,16
AND_1990_IU_es.pdf,AND,1990,IU,es,"Si es importante conservar un espacio natural de alto valor ecológico, también lo es mejorar la calidad de vida en zonas urbanas degradadas.",23
AND_1990_IU_es.pdf,AND,1990,IU,es,"Por ello, la protección y mejora del medio ambiente no se contemplará como una acción aislada en determinados espacios ni como el objeto de la gestión de un único organismo, separado de los habitantes e instituciones directamente vinculados al propio medio.",41
AND_1990_IU_es.pdf,AND,1990,IU,es,"Al contrario, será objeto de la Planificación Territorial en todos sus ámbitos y se gestionará por los directamente implicados;",19
AND_1990_IU_es.pdf,AND,1990,IU,es,esto sin perjuicio de la aplicación de figuras generales de protección que recogerá la propia Planificación Territorial la cual incorporará las figuras y espacios actualmente recogidos en la Ley de Espacios Naturales Andaluces y en los Planes Especiales de Protección del Medio Físico.,43
AND_1990_IU_es.pdf,AND,1990,IU,es,"La misión de la A.M.A., en este marco, será no el de sustituir la gestión democrática y participativa del medio por sus habitantes sino el de actuar como organismo de vigilancia, control y asesoramiento en materia ambiental.",37
AND_1990_IU_es.pdf,AND,1990,IU,es,"Corresponderá, por lo tanto a la A.M.A.: El mantenimiento y gestión de las redes de vigilancia ambiental a todos los niveles, integrandolas dentro de un Plan General de Control ambiental en Andalucía Las facultades para determinar los estándares de impacto admisibles para las actividades en general y los espacios en particular, contemplando, en este caso, los efectos acumulados La autorización previa de todas las actividades que requieran estudios de impacto ambiental así como todas las actividades susceptibles de producir impactos La gestión y control de los planes de residuos, vertidos, saneamiento, etc.",92
AND_1990_IU_es.pdf,AND,1990,IU,es,"En general, el control y vigilancia y capacidad sancionadora en todos los aspetos relacionados con el medio ambiente IU-CA propondrá una Ley que sustituya al Reglamento de Actividades Molestas, Nocivas Insalubres y Peligrosas que establezca criterios y procedimientos de autorización de actividades en base a la normativa de la CEE.",50
AND_1990_IU_es.pdf,AND,1990,IU,es,"El principio de quien contamina, paga presenta la dificultad de fijar cuánto hay que pagar y quién lo fija.",19
AND_1990_IU_es.pdf,AND,1990,IU,es,"En una economía de mercado, la defensa de este bien público requiere que sector público fije precios políticos para determinar esos costes.",22
AND_1990_IU_es.pdf,AND,1990,IU,es,Sin embargo las empresas y el capital disponen de medios para internalizar estos costes sin que reflejen el daño causado.,20
AND_1990_IU_es.pdf,AND,1990,IU,es,"Se considera que el intento por parte de la teoría económica y jurídica de raíz neoliberal de resolver el conflicto ambiental mediante las categorías de propiedad y contrato, propias del derecho privado tradicional, sólo es posible al precio de un crecimiento de la desigualdad social y del desvirtuamiento del propio problema ecológico.",52
AND_1990_IU_es.pdf,AND,1990,IU,es,Comisiones Obreras de Andalucía IZQUIERDA UNIDA - CONVOCATORIA POR ANDALUCÍA MEDIO AMBIENTE Y POLÍTICA TERRITORIAL co con su inclusión en técnicas de resolución de conflictos basadas en el modelo de mercado salvaje.,32
AND_1990_IU_es.pdf,AND,1990,IU,es,"Un sistema de precios políticos, por lo tanto, sólo resulta admisible cuando el coste que refleje sea el de la reconversión ecológica de la actividad concreta, lo cual sólo es posible en ciertos casos.",34
AND_1990_IU_es.pdf,AND,1990,IU,es,"En otros casos, se trata de emplear la figura del delito ecológico para penalizar la externalización inadmisible a costa de un bien social.",23
AND_1990_IU_es.pdf,AND,1990,IU,es,Para poner en práctica estas medidas se hace necesario: Un sistema fiscal adecuado que impida los actuales procesos económicos de internalización de las sanciones.,24
AND_1990_IU_es.pdf,AND,1990,IU,es,Un sistema de responsabilidad objetiva contractual.,6
AND_1990_IU_es.pdf,AND,1990,IU,es,Una revisión de las categorías macroeconómicas que permita la inclusión en ellas de factores relativos al ambiente y a la calidad de vida.,23
AND_1990_IU_es.pdf,AND,1990,IU,es,Dotación de los presupuestos suficientes para conseguir los objetivos previstos en el Plan Forestal de Andalucía.,16
AND_1990_IU_es.pdf,AND,1990,IU,es,"Gestión y ejecución del Plan Forestal por un organismo dependiente de la presidencia de la Junta que coordine todos los departamentos implicados, garantizando el control democrático mediante los mecanismos de participación social adecuados.",33
AND_1990_IU_es.pdf,AND,1990,IU,es,"Desarrollos una política forestal orientada a la repoblación, para frenar la desertización y erosión de Andalucía, impulsando la ejecución de planes agroforestales especiales en municipios y comarcas en los cuales también deben participar las asociaciones y entidades ciudadanas.",38
AND_1990_IU_es.pdf,AND,1990,IU,es,Abordar el deslinde y amojonamiento inmediato de los .,9
AND_1990_IU_es.pdf,AND,1990,IU,es,kilómetros de vías pecuarias de dominio público que cruzan los campos andaluces.,12
AND_1990_IU_es.pdf,AND,1990,IU,es,Desarrollo de un plan para la recuperación del dominio y uso públicos de las más de .,17
AND_1990_IU_es.pdf,AND,1990,IU,es,hectáreas de vías pecuarias que contemple: la adjudicación de los terrenos para quienes justifiquen necesitarlos como única vivienda o cultivo para su sustento.,23
AND_1990_IU_es.pdf,AND,1990,IU,es,"Restituir su uso como paso de ganado, para la repoblación forestal y creación de rutas recreativas y zonas de acampada en las vías pecuarias.",24
AND_1990_IU_es.pdf,AND,1990,IU,es,"Creación de zonas recreativas y de acampada, circuitos ecológicos y centros de recuperación de animales, proporcionando los recursos necesarios para su realización y mantenimiento.",24
AND_1990_IU_es.pdf,AND,1990,IU,es,"Desarrollo de un Plan Integral para la conservación del Parque Nacional de Doñana y sus entornos, adoptando las medidas urbanísticas, agrícolas y de otro tipo necesarias para proteger los acuíferos de la contaminación y riesgo de desecación que está provocando la política actual.",43
AND_1990_IU_es.pdf,AND,1990,IU,es,Plan para el equipamiento de zonas verdes y arbolados en las ciudades andaluzas en colaboración con las corporaciones locales.,19
AND_1990_IU_es.pdf,AND,1990,IU,es,Creación de puestos de trabajo para jóvenes en servicios y obras para la conservación y regeneración del Medio Ambiente.,19
AND_1990_IU_es.pdf,AND,1990,IU,es,Eliminación de los pararrayos radioactivos existentes.,6
AND_1990_IU_es.pdf,AND,1990,IU,es,Desarrollo de campañas de educación ambiental dirigido a la población en colaboración con las organizaciones ecologistas y ciudadanas.,18
AND_1990_IU_es.pdf,AND,1990,IU,es,Declaración y apoyo de las organizaciones ecologistas como entidades de utilidad pública.,12
AND_1990_IU_es.pdf,AND,1990,IU,es,Establecer los mecanismos de participación en las políticas medioambientales y promoción de las iniciativas de los grupos ecologistas sobre actividades de interés social.,23
AND_1990_IU_es.pdf,AND,1990,IU,es,"Comisiones Obreras de Andalucía IZQUIERDA UNIDA - CONVOCATORIA POR ANDALUCÍA MEDIO AMBIENTE Y POLÍTICA TERRITORIAL Realización de planes para un uso racional de los recursos hídricos, a fin de evitar el despilfarro y la contaminación de las aguas superficiales y subterráneas.",41
AND_1990_IU_es.pdf,AND,1990,IU,es,"Modernización de las plantas depuradoras para evitar su nivel de eficacia, así como la construcción de nuevas instalaciones para el saneamiento y reutilización de las aguas.",26
AND_1990_IU_es.pdf,AND,1990,IU,es,"Eliminación de los vertidos ilegales de alpechines a los ríos y arroyos andaluces que realizan las industrias de aderezos de aceitunas, incorporando nuevas tecnologías de depuración Desarrollo de planes integrales de regeneración de las playas y la costa andaluza para garantizar su limpieza, conservación y protección futura.",47
AND_1990_IU_es.pdf,AND,1990,IU,es,Cooperación de las instituciones de Andalucía para el desarrollo de iniciativas y la ejecución de las normas internacionales sobre descontaminación del Mediterráneo.,22
AND_1990_IU_es.pdf,AND,1990,IU,es,"Realizar estudios periódicos más completos para el control de la contaminación atmosférica, especialmente en zonas urbanas.",16
AND_1990_IU_es.pdf,AND,1990,IU,es,Extensión y mejora de las redes de medición de agentes contaminantes.,11
AND_1990_IU_es.pdf,AND,1990,IU,es,"Medidas para controlar y reducir el exceso de contaminación acústica, eliminando las causas que producen niveles de ruidos intolerables.",19
AND_1990_IU_es.pdf,AND,1990,IU,es,"Facilitar el uso de la gasolina sin plomo, contemplando la reducción del precio de venta y garantizando el suministro en las gasolineras.",22
AND_1990_IU_es.pdf,AND,1990,IU,es,"Introducción progresiva del uso de catalizadores para los vehículos de motor, comenzando por exigirlo a los nuevos modelos.",18
AND_1990_IU_es.pdf,AND,1990,IU,es,"Promoción del transporte colectivo con energía no contaminante (tranvía, trolebus, autobuses eléctricos y de GLP, ferrocarril eléctrico,.",17
AND_1990_IU_es.pdf,AND,1990,IU,es,") Realización de planes especiales para zonas industriales que generan vertidos masivos contaminantes a la atmósfera (Huelva, Algeciras,.), que contemple la reubicación y reconversión de las mismas.",27
AND_1990_IU_es.pdf,AND,1990,IU,es,Exigir la instalación de filtros de partículas en las industrias nuevas y progresivamente en las industrias contaminantes que están en funcionamiento.,21
AND_1990_IU_es.pdf,AND,1990,IU,es,Establecer la prohibición en Andalucía del uso de CFCs (clorofluorocarbono) y retirada de estos productos del mercado para eliminar el consumo de estos compuestos químicos que destruyen la capa de ozono.,31
AND_1990_IU_es.pdf,AND,1990,IU,es,Regulación para reducir y eliminar la utilización de otras sustancias químicas (como el tetracloruro de carbono y el metilcloroformo) que perjudican la capa de ozono protectora de la vida en el planeta.,32
AND_1990_IU_es.pdf,AND,1990,IU,es,"Asegurar el desarrollo y cumplimiento de la legislación vigente y legislar la pendiente, para asegurar la protección de la vida en los espacios declarados con protección oficial.",27
AND_1990_IU_es.pdf,AND,1990,IU,es,Ampliar dicha legislación a los espacios que así lo requieran.,10
AND_1990_IU_es.pdf,AND,1990,IU,es,"Asegurar un desarrollo económico en dichas áreas que concuerde con la protección de vida y las necesidades de la zona, tendiendo a la utilización de los recursos existentes en la misma asegurando la Comisiones Obreras de Andalucía IZQUIERDA UNIDA - CONVOCATORIA POR ANDALUCÍA MEDIO AMBIENTE Y POLÍTICA TERRITORIAL participación de los habitantes de las mismas en la gestión y aprovechamiento de sus propios recursos.",64
AND_1990_IU_es.pdf,AND,1990,IU,es,"La protección especial de dichas zonas no elude la protección general al resto del territorio, ya que consideramos que espacio natural es todo el espacio.",25
AND_1990_IU_es.pdf,AND,1990,IU,es,"Impulsar la comarcalización a través de los espacios naturales, como medio de desarrollo conjunto de comunidades con características comunes.",19
AND_1990_IU_es.pdf,AND,1990,IU,es,"Control del uso de pesticidas, fitosinostarios,.",6
AND_1990_IU_es.pdf,AND,1990,IU,es,"Cumplimiento de la legislación vigente sobre empaquetado, distribución,.",8
AND_1990_IU_es.pdf,AND,1990,IU,es,Publicación periódica de los productos químicos utilizados.,7
AND_1990_IU_es.pdf,AND,1990,IU,es,Introducción del factor ambiental en las Escuelas de Capacitación Agraria.,10
AND_1990_IU_es.pdf,AND,1990,IU,es,Inventario anual del estado de potabilización de las aguas.,9
AND_1990_IU_es.pdf,AND,1990,IU,es,Endurecimiento de la normativa de envase y embalaje.,8
AND_1990_IU_es.pdf,AND,1990,IU,es,Certificados de calidad a productos no perecederos.,7
AND_1990_IU_es.pdf,AND,1990,IU,es,"Elaboración, con la participación de las entidades ciudadanas, de un Plan para la implantación de la recogida selectiva de basuras, que permita el reciclaje de materiales y la producción de abonos (compost) para reducir la utilización de abonos químicos en la agricultura.",42
AND_1990_IU_es.pdf,AND,1990,IU,es,"Gravar la producción de materias que no se puedan reciclar, así como las que generen residuos tóxicos y peligrosos.",19
AND_1990_IU_es.pdf,AND,1990,IU,es,"Exigir a todas las industrias que en la actualidad vierten sus deshechos industriales al medio ambiente, la instalación de plantas de tratado de residuos.",24
AND_1990_IU_es.pdf,AND,1990,IU,es,Promover la utilización de tecnologías limpias en las industrias.,9
AND_1990_IU_es.pdf,AND,1990,IU,es,Establecer la prohibición de construir o mantener instalaciones nucleares en territorio andaluz.,12
AND_1990_IU_es.pdf,AND,1990,IU,es,Promover la eliminación de las centrales nucleares en la península ibérica.,11
AND_1990_IU_es.pdf,AND,1990,IU,es,"Suprimir la actual situación de Andalucía como basurero nuclear, frente a los proyectos del partido del Gobierno de ampliar de los .",22
AND_1990_IU_es.pdf,AND,1990,IU,es,bidones radioactivos actuales hasta .,5
AND_1990_IU_es.pdf,AND,1990,IU,es,Exigimos el desmantelamiento del cementerio nuclear de El Cabril.,9
AND_1990_IU_es.pdf,AND,1990,IU,es,"Prohibición de la utilización de los emisarios submarinos para cualquier tipo de vertidos, comenzando el desmantelamiento gradual de los ya existentes.",21
AND_1990_IU_es.pdf,AND,1990,IU,es,Sellado de vertederos clandestinos.,4
AND_1990_IU_es.pdf,AND,1990,IU,es,Prohibición de exportación o tránsito de residuos tóxicos al Tercer Mundo.,11
AND_1990_IU_es.pdf,AND,1990,IU,es,"La conservación de la naturaleza y el desarrollo armónico de la humanidad dentro de la misma sólo se logrará cuando consigamos una conciencia ecológica, la cual vendrá encaminada a través de una educación ambiental desde la escuela.",37
AND_1990_IU_es.pdf,AND,1990,IU,es,Por cada Parque Natural constituir escuelas permanentes de formación ocupacional medio ambiental y aulas de la naturaleza.,17
AND_1990_IU_es.pdf,AND,1990,IU,es,Comisiones Obreras de Andalucía IZQUIERDA UNIDA - CONVOCATORIA POR ANDALUCÍA - Desarrollo de campañas de educación ambiental dirigidas a la población en general.,23
AND_1990_IU_es.pdf,AND,1990,IU,es,- Introducción de la educación ambiental y por la paz en los planes educativos universitarios.,15
AND_1990_IU_es.pdf,AND,1990,IU,es,"- Creación de escuelas taller en barrios, que incluyan actividades de educación medioambiental.",13
AND_1990_IU_es.pdf,AND,1990,IU,es,- Inclusión de formación de formadores ambientales en los cursos ocupacionales.,11
AND_1990_IU_es.pdf,AND,1990,IU,es,- Cursos de formación y orientación destinados a profesionales relacionados con el tema.,13
AND_1990_IU_es.pdf,AND,1990,IU,es,- Informar debidamente a las personas implicadas en la declaración de espacios protegidos.,13
AND_1990_IU_es.pdf,AND,1990,IU,es,"Para mejorar la calidad de vida CONGENIERÍA DE CENTRO HISTÓRICO DE ADELADO Comisiones Obreras de Andalucía Comisiones Obreras de Andalucía Una política para participar en la construcción de una nueva sociedad N los últimos años, desde la izquierda ha habido voces críticas contra la política educativa practicada por el Ministerio de Educación y Ciencia y seguida, haciendo dejación de sus funciones, por la Consejería y el Gobierno andaluz.",68
AND_1990_IU_es.pdf,AND,1990,IU,es,Voces que han puesto de manifiesto la débil voluntad reformadora del Gobierno y la necesidad de profundizar en diversas medidas educativas de signo claramente progresista.,25
AND_1990_IU_es.pdf,AND,1990,IU,es,"Además, la actual política económica, con recortes del gasto público en necesidades sociales, afecta al sector de la educación constituyendo un freno para una reforma en profundidad.",27
AND_1990_IU_es.pdf,AND,1990,IU,es,"Aspectos como la construcción de centros para cubrir el ciclo - años, la etapa de - años en educación infantil, el apoyo o una política de perfeccionamiento no serán posibles sin una adecuada LEY DE FINANCIACION DEL SISTEMA EDUCATIVO.",39
AND_1990_IU_es.pdf,AND,1990,IU,es,"IU-CA quiere continuar el impulso transformador de los sectores críticos y la sociedad civil para, desde la consideración de la educación como prioridad política y presupuestaria, dotar a la sociedad andaluza de un sistema educativo de calidad, justo y democrático.",40
AND_1990_IU_es.pdf,AND,1990,IU,es,"IU-CA propone una alternativa de modelo de sociedad que significa profundas transformaciones y que pretende, en esta etapa, profundizar en todos los aspectos de una democracia avanzada.",27
AND_1990_IU_es.pdf,AND,1990,IU,es,"La educación debe prefigurar en cierta medida la sociedad justa, igualitaria y participativa que pretendemos conseguir.",16
AND_1990_IU_es.pdf,AND,1990,IU,es,"Lo decimos sin pensar que la educación pueda llegar a ser la palanca del cambio social, pero sí que en relación dialéctica con los demás factores sociales de transformación, contribuye al mismo.",32
AND_1990_IU_es.pdf,AND,1990,IU,es,Cuando hablamos de educación no nos referimos exclusivamente a lo que sucede dentro del sistema educativo.,16
AND_1990_IU_es.pdf,AND,1990,IU,es,La educación no formal cobra Comisiones Obreras de Andalucía IZQUIERDA UNIDA - CONVOCATORIA POR ANDALUCÍA cada vez más importancia en nuestra sociedad y de ésta se ocupan un gran número de organismos sociales.,33
AND_1990_IU_es.pdf,AND,1990,IU,es,Una alternativa progresista tiene que basarse en el concepto de educación a lo largo de toda la vida de las mujeres y los hombres procurando los medios necesarios para ello.,30
AND_1990_IU_es.pdf,AND,1990,IU,es,"En este modelo de EDUCACION PERMANENTE deben integrarse coherentemente tanto la llamada educación académica, como la no formal.",18
AND_1990_IU_es.pdf,AND,1990,IU,es,El eje conductor de nuestra propuesta es la democratización de la enseñanza y de la educación en el significado profundo y plural de este concepto.,25
AND_1990_IU_es.pdf,AND,1990,IU,es,- Ampliación de la escolarización en los diferentes niveles del sistema educativo.,12
AND_1990_IU_es.pdf,AND,1990,IU,es,- Reducción de las desigualdades en el acceso a la enseñanza y a los demás instrumentos educativos.,17
AND_1990_IU_es.pdf,AND,1990,IU,es,- Introducción de medidas correctoras en los mecanismos clasistas de éxito y fracaso escolar en una perspectiva de transformación social profunda.,21
AND_1990_IU_es.pdf,AND,1990,IU,es,- Mejora de la calidad de la enseñanza.,8
AND_1990_IU_es.pdf,AND,1990,IU,es,- Ampliación de formación y cultura de los ciudadanos.,9
AND_1990_IU_es.pdf,AND,1990,IU,es,"- Descentralización de los mecanismos de gestión, planificación y administración, con la creación del distrito-comarca como unidad que capte mejor las necesidades de los ciudadanos y articule de manera más eficaz los recursos.",33
AND_1990_IU_es.pdf,AND,1990,IU,es,- Democratización de dichos organismos a través de la participación efectiva de los sectores de la comunidad educativa y de las organizaciones e instituciones sociales.,25
AND_1990_IU_es.pdf,AND,1990,IU,es,"IU-CA retoma la alternativa de ESCUELA PUBLICA, patrimonio de la izquierda, que fue desarrollado de manera democrática y colectiva como modelo adecuado a los intereses de los trabajadores y los sectores populares, al progreso, al desarrollo científico y cultural del país.",41
AND_1990_IU_es.pdf,AND,1990,IU,es,"Este modelo de educación debe -mejorando sustancialmente los factores básicos de calidad de enseñanza- preparar para la participación social de forma activa y crítica, para la vida cultural contemporánea y para el sistema productivo en transformación, facilitando así el desarrollo armónico de la personalidad del educando.",46
AND_1990_IU_es.pdf,AND,1990,IU,es,"Por otra parte, la implantación a partir a partir de .",11
AND_1990_IU_es.pdf,AND,1990,IU,es,"del mercado único, exige la corrección de los defectos del sistema educativo y de la enseñanza no reglada.",18
AND_1990_IU_es.pdf,AND,1990,IU,es,De la solución de estos problemas va a depender la formación profesional de nuestros jóvenes y el reciclaje de nuestros trabajadores.,21
AND_1990_IU_es.pdf,AND,1990,IU,es,"En cualquier caso, ese reto ha de afrontarse en el marco de una Europa social de progreso.",17
AND_1990_IU_es.pdf,AND,1990,IU,es,"Puesto que el Sistema Educativo actual no lo ha diseñado IU-CA, se trata en un primer momento de evitar la función que se le asigna, al tiempo que se va adecuando a los nuevos objetivos.",35
AND_1990_IU_es.pdf,AND,1990,IU,es,De ahí la doble finalidad del programa: la DEMOCRATIZACION REAL del Sistema Educativo existente y -una nueva función- PREPARAR PARA LA CONSTRUCCION DE UNA NUEVA SOCIEDAD.,26
AND_1990_IU_es.pdf,AND,1990,IU,es,El primer objetivo no sería suficiente para una opción política que persigue la transformación de las condiciones reales de la existencia de la mayoría de la población.,27
AND_1990_IU_es.pdf,AND,1990,IU,es,"No se trata sólo de eliminar los defectos más visibles del S. Educativo en aras de la igualdad, sino de llevar ésta transformación al ámbito educativo, redefiniendo en la práctica el papel de la educación en la nueva sociedad que se pretende.",42
AND_1990_IU_es.pdf,AND,1990,IU,es,"No se trata de que TODOS estén educados y con las mismas posibilidades de éxito en la carrera de ascenso social, sino de posibilitar la construcción (ayudados por el S. Educativo) de una nueva sociedad.",35
AND_1990_IU_es.pdf,AND,1990,IU,es,"Comisiones Obreras de Andalucía IZQUIERDA UNIDA - CONVOCATORIA POR ANDALUCÍA Para conseguir ésta finalidad, es decir, acabar con la discriminación, serían necesarias una serie de MEDIDAS: - Garantizar a toda la población andaluza de forma gratuita un puesto escolar desde los a los años.",44
AND_1990_IU_es.pdf,AND,1990,IU,es,"La gratuidad incluirá el material escolar y libros, así como los servicios de transporte y comedor cuando fuese necesario.",19
AND_1990_IU_es.pdf,AND,1990,IU,es,El período de escolarización obligatoria incluirá desde los a los años y finalizará con la expedición de una titulación única.,20
AND_1990_IU_es.pdf,AND,1990,IU,es,- Dotar al sistema educativo andaluz de medios y recursos para hacer efectivo el papel compensador que debe tener una escuela beligerante con la desigualdad social.,26
AND_1990_IU_es.pdf,AND,1990,IU,es,"Para ello se contemplará la provisión, a niveles de comarca ó distrito de los servicios, gabinetes de apoyo y asistencia suficientes, cuya actuación y plan de trabajo serán acordados dentro de los Consejos Escolares de las respectivas comarcas ó distritos y conectados con equipos de apoyo en cada centro (orientador más profesores de apoyo) que con un programa de actuación en el Plan de Centro, concreten las acciones compensadoras, de integración y orientación a llevar a cabo.",77
AND_1990_IU_es.pdf,AND,1990,IU,es,"- Una especial atención a la primera etapa de la infancia (- años) potenciando y coordinando la atención prestada por los poderes públicos, como forma de ir facilitando una estimulación que compense la carencia de los diversos grupos sociales, Se concretarían en: Dotación de infraestructura, material y personal a lo ya existente Elaboración de un proyecto de Ley de Escuela infantil Ampliación de la Red pública para garantizar la gratuidad Puesta en marcha de programas específicos de asesoramiento que hagan más fácil el difícil ejercicio de la paternidad-maternidad, mediante programas de actuación en colaboración con la Consejería de Salud y Servicios Sociales, así como la utilización de los medios de comunicación en la misma línea.",115
AND_1990_IU_es.pdf,AND,1990,IU,es,"- Conseguir la integración del Colectivo de Educación Especial, iniciándolo desde la primera etapa de la infancia.",17
AND_1990_IU_es.pdf,AND,1990,IU,es,Realizando con el recién nacido procesos de recuperación y estimulación precoz y con los padres una terapia adecuada de apoyo.,20
AND_1990_IU_es.pdf,AND,1990,IU,es,"Esta integración deberá estar apoyada por equipos interdisciplinares (sanidad, educación, servicios sociales, .",13
AND_1990_IU_es.pdf,AND,1990,IU,es,) y con una atención especial a los profesionales de la enseñanza que realicen dicha función.,16
AND_1990_IU_es.pdf,AND,1990,IU,es,"- Actuar sobre los colectivos más desfavorecidos de Andalucía (zonas marginales, gitanos, etc.) en la fase de transición hacia el nuevo Sistema Educativo, con medidas de DISCRIMINACION POSITIVA que se concretarían en: Prioridad de inversiones Dotación de los recursos humanos y materiales necesarios Coordinación con la Consejerías de Economía y Servicios Sociales, para realizar planes de actuación globales en éstas zonas, con el fin de atajar el problema de fondo (socio-económico) - Una atención especial a los municipios que no alcanzan los habitantes, en los que los distritos educativos planificarán el servicio teniendo en cuenta: Las características particulares de las zonas rurales La escuela infantil y primaria deben acercarse al máximo al lugar de residencia Combinar la oferta educativa con apoyos humanos itinerantes Elaboración de programas de utilización intensiva de los recursos educativos Comisiones Obreras de Andalucía IZQUIERDA UNIDA - CONVOCATORIA POR ANDALUCÍA - Eliminar la separación entre trabajo intelectual y manual en la diversificación de la oferta educativa en secundaria.",161
AND_1990_IU_es.pdf,AND,1990,IU,es,Realizar una oferta de formación profesional conectada con el entorno y atendiendo al desarrollo socio-económico de la zona y con medidas de control que garanticen la no explotación por parte de las empresas en los conciertos para período de prácticas.,40
AND_1990_IU_es.pdf,AND,1990,IU,es,- Nos oponemos a la existencia de mecanismos de selección en el acceso a la formación universitaria para aquellos alumnos que hayan terminado satisfactoriamente sus estudios secundarios.,27
AND_1990_IU_es.pdf,AND,1990,IU,es,En Andalucía el porcentaje de alumnos que acceden a la Universidad está por debajo del conjunto del Estado y muy por debajo de los índices europeos.,26
AND_1990_IU_es.pdf,AND,1990,IU,es,"Por ello creemos que una orientación escolar y profesional en la enseñanza secundaria, una formación profesional de calidad vinculada a los centros de trabajo y un auténtico plan de empleo juvenil no precario, pueden constituir un conjunto de políticas no clasistas que contribuirán a racionalizar democráticamente el acceso a la enseñanza superior.",52
AND_1990_IU_es.pdf,AND,1990,IU,es,"Igualmente, la planificación territorial de la oferta de plazas universitarias, de acuerdo con la demanda y las características socio-económicas del territorio, así como la programación de la oferta escolar por parte de las propias universidades -a través de sus Consejos Sociales- son mecanismos de orientación que permitirán la adecuación de la oferta y la demanda sin recurrir a medios coercitivos.",60
AND_1990_IU_es.pdf,AND,1990,IU,es,- La financiación de la enseñanza superior no puede realizarse incrementado las tasas.,13
AND_1990_IU_es.pdf,AND,1990,IU,es,Una política fiscal mucho más progresiva permitirá la gratuidad de los estudios universitarios.,13
AND_1990_IU_es.pdf,AND,1990,IU,es,Mientras tanto se garantizará la dotación de becas a cuantos alumnos la necesiten y en la cuantía requerida a su nivel de renta y a sus circunstancias escolares y laborales.,30
AND_1990_IU_es.pdf,AND,1990,IU,es,"- Nos oponemos enérgicamente a las políticas de privatización en la enseñanza post-secundaria, que a través de la potenciación de Universidades privadas, contratos de investigación no controlados o títulos propios al servicio de intereses privados; pretendan desvirtuar el carácter de servicio público de la enseñanza superior.",46
AND_1990_IU_es.pdf,AND,1990,IU,es,"No rechazamos sin embargo, la colaboración entre Universidades y empresa privada, siempre que tenga lugar en el campo de la docencia y la investigación y bajo la absoluta primacía del interés público.",32
AND_1990_IU_es.pdf,AND,1990,IU,es,- Atender especialmente a la educación fuera del S. Educativo.,10
AND_1990_IU_es.pdf,AND,1990,IU,es,"Consideramos la educación de adultos desde un enfoque de Educación Permanente y por tanto, reconocemos la situación de adultos a los años, edad en la que termina el período obligatorio de escolarización.",32
AND_1990_IU_es.pdf,AND,1990,IU,es,"La Educación de Adultos debe cubrir diferentes tipos de necesidades: De formación básica De acceso al mundo del trabajo y a otros niveles educativos superiores Preparar para la participación comunitaria y el desarrollo personal De formación ocupacional y reciclaje profesional Para ello proponemos las siguientes medidas: La existencia de un servicio público de Educación Permanente de calidad exige: Planificación a diferentes niveles, para conectarla con las necesidades de desarrollo comunitario.",70
AND_1990_IU_es.pdf,AND,1990,IU,es,Coordinación de todas las actuaciones y programas que llevan a cabo las diferentes Consejerías y organismos.,16
AND_1990_IU_es.pdf,AND,1990,IU,es,"De esta forma se IZQUIERDA UNIDA - CONVOCATORIA POR ANDALUCÍA asegurará tanto la coordinación general como la descentralización y la autonomía (Comunidad Autónoma, Comarcas, ó Distrito y Municipio).",28
AND_1990_IU_es.pdf,AND,1990,IU,es,Los órganos necesarios para conseguir estos objetivos son: Comisión Interdepartamental para Educación de Adultos.,14
AND_1990_IU_es.pdf,AND,1990,IU,es,Encargada de la ordenación general y su desarrollo.,8
AND_1990_IU_es.pdf,AND,1990,IU,es,"Presidida por el Consejero de Gobernación e integrada por los titulares de las Consejerías que desarrollen actividades, relacionadas don el tema.",21
AND_1990_IU_es.pdf,AND,1990,IU,es,Formarán parte de esta Comisión el Director y el Secretario del Instituto Andaluz de Educación de Adultos.,17
AND_1990_IU_es.pdf,AND,1990,IU,es,Instituto Andaluz de Educación de Adultos.,6
AND_1990_IU_es.pdf,AND,1990,IU,es,"Organo responsable del desarrollo y ejecución de las actuaciones, contando con el instrumento administrativo y la asignación presupuestaria correspondiente.",19
AND_1990_IU_es.pdf,AND,1990,IU,es,Consejos locales y comarcales o de distrito.,7
AND_1990_IU_es.pdf,AND,1990,IU,es,"Cuya función es definir las prioridades educativas en la zona, atendiendo al desarrollo social, económico y cultural de éste.",19
AND_1990_IU_es.pdf,AND,1990,IU,es,"Este proyecto educativo debe tener una financiación clara y específica, integrada en el Plan Económico de las distintas Consejerías.",19
AND_1990_IU_es.pdf,AND,1990,IU,es,"Para que la planificación sea eficaz, los planes económicos serán plurianuales de modo que las actuaciones tengan la suficiente continuidad para dar frutos y permitir una correcta evaluación de los mismos.",31
AND_1990_IU_es.pdf,AND,1990,IU,es,"Además de estas medidas se hacen necesarios ya unos COMPROMISOS URGENTES, sin los cuales no serán posible concretar las medidas anteriores.",21
AND_1990_IU_es.pdf,AND,1990,IU,es,"A-Desde Andalucía, llevaremos al Gobierno central una serie de propuestas: Reforma progresista de la LODE: - Profundización en los mecanismos de participación, dotando de mayores competencias y funcionalidad a los Consejos Escolares y resolviendo la falta de paridad existente en la actualidad.",42
AND_1990_IU_es.pdf,AND,1990,IU,es,- Equiparación en compromisos y funciones entre los Consejos Escolares de los Centros Públicos y Privados concertados.,17
AND_1990_IU_es.pdf,AND,1990,IU,es,"- Desarrollo de mecanismos legales que permitan la integración, como centro de titularidad pública, a aquellos centros privados concertados que opten a ello, contemplando la integración de su profesorado como funcionarios públicos.",32
AND_1990_IU_es.pdf,AND,1990,IU,es,"Defendemos un desarrollo progresista de la LOGSE en Andalucía y ante el Parlamento del Estado propugnamos: - La formación inicial del profesorado debe alcanzar el nivel de licenciatura universitaria con un currículum que incluya formación general y científica especializada, psicopedagógico y didáctica y formación práctica en centros de enseñanza colaboradores de los Institutos de formación.",55
AND_1990_IU_es.pdf,AND,1990,IU,es,- La constitución de un Cuerpo Único de Profesores basado en una formación universitaria de nivel superior que incluya las especialidades pedagógicas adecuadas para cada nivel educativo.,27
AND_1990_IU_es.pdf,AND,1990,IU,es,- No a las barreras selectivas en el proceso educativo.,10
AND_1990_IU_es.pdf,AND,1990,IU,es,Expedición de una titulación única al terminar la secundaria obligatoria.,10
AND_1990_IU_es.pdf,AND,1990,IU,es,"Modificación de la LRU, en cuanto a la representación de los estudiantes y la elección de Rector.",17
AND_1990_IU_es.pdf,AND,1990,IU,es,Comisiones Obreras de Andalucía IZQUIERDA UNIDA - CONVOCATORIA POR ANDALUCÍA B- Modificación de la Ley de Consejos Escolares de Andalucía en los siguientes aspectos: Creación de Consejos Escolares Comarcales o de Distrito.,32
AND_1990_IU_es.pdf,AND,1990,IU,es,Ampliación de las competencias y funciones de los que se contemplan en la ley.,14
AND_1990_IU_es.pdf,AND,1990,IU,es,"C- En este Sistema Educativo en transformación debe plantearse el tipo de JORNADA ESCOLAR más idóneo para cubrir sus objetivos, teniendo en cuenta que ésta nueva jornada debe ir unida a una REFORMA en profundidad del currículum.",37
AND_1990_IU_es.pdf,AND,1990,IU,es,CA considera que se debe distinguir en tres tres tipos de jornada: Jornada escolar del alumno Jornada laboral de los profesores Jornada del Centro Escolar.,25
AND_1990_IU_es.pdf,AND,1990,IU,es,"Consideramos que el CENTRO ESCOLAR debe estar rentabilizado al máximo y por tanto su utilización debe ser la que responda a las necesidades escolares, culturales y recreativas de su zona.",30
AND_1990_IU_es.pdf,AND,1990,IU,es,De lo que se deduce que la jornada del centro tiene unas características propias que exigen plantearse en qué se utiliza y quién debe gestionar dicha utilización.,27
AND_1990_IU_es.pdf,AND,1990,IU,es,"En cuanto a la jornada de los PROFESORES, debe ser lo más racional posible.",14
AND_1990_IU_es.pdf,AND,1990,IU,es,Planteamos darle al profesorado la posibilidad de elegir la modalidad que mejor se adapte a su motivación profesional dentro de la jornada escolar del alumno y de los objetivos del Plan de Centro.,33
AND_1990_IU_es.pdf,AND,1990,IU,es,"En cuanto a los ESCOLARES, dentro de nuestro concepto integral de la educación, defendemos una jornada en la que sin aumentar el tiempo de permanencia en el centro, se atendieran por la mañana los aspectos del tronco común y por la tarde de manera obligatoria y gratuita con posibilidades de optar entre distintas opciones curriculares, los demás aspectos presidido todo ello por la coherencia pedagógica y organizativa.",67
AND_1990_IU_es.pdf,AND,1990,IU,es,El Distrito Educativo debe plantear el tipo de jornada escolar para su zona atendiendo a los criterios siguientes: Flexibilidad: adecuarla a las necesidades de la comunidad educativa.,27
AND_1990_IU_es.pdf,AND,1990,IU,es,Integralidad: posibilite abarcar más aspectos que los clásicamente escolares.,9
AND_1990_IU_es.pdf,AND,1990,IU,es,"Autonomía: sea el Distrito educativo, contando con los recursos humanos y materiales necesarios, el que la establezca adaptándola a sus necesidades y organice la utilización de los Centros y sus horarios, estableciendo los mecanismos de seguimiento y evaluación de su realización.",41
AND_1990_IU_es.pdf,AND,1990,IU,es,D- Dotar de personal de administración y servicios a todos los centros públicos.,13
AND_1990_IU_es.pdf,AND,1990,IU,es,"E- Aumento de las dotaciones presupuestarias a los Centros Públicos en gastos de funcionamiento, para garantizar la calidad de enseñanza que proponemos.",22
AND_1990_IU_es.pdf,AND,1990,IU,es,F- Incrementar las plantillas de profesores para cubrir los siguientes objetivos: Disminución de las ratios máximas (- según nivel educativo y tipo de enseñanza) Cubrir la demanda de educación infantil Cubrir el incremento de la demanda de educación secundaria obligatoria y no obligatoria con una ratio máxima de alumnosprofesor.,49
AND_1990_IU_es.pdf,AND,1990,IU,es,Cobertura de los servicios complementarios y de apoyo Desarrollo de los planes de formación permanente (sustitución de los profesores en período sabático) Incremento de los cupos generales para sustituciones IZQUIERDA UNIDA - CONVOCATORIA POR ANDALUCÍA Atención a las necesidades de educación especializadas Atención a las actividades extraescolares en los Centros de enseñanza.,52
AND_1990_IU_es.pdf,AND,1990,IU,es,G-Homologación de las condiciones económicas y laborales del profesorado a todos los niveles.,13
AND_1990_IU_es.pdf,AND,1990,IU,es,H-La consecución de estos objetivos es conseguir alcanzar una educación de calidad.,12
AND_1990_IU_es.pdf,AND,1990,IU,es,Por ello es necesario que la Educación sea una prioridad política y en consecuencia presupuestaria.,15
AND_1990_IU_es.pdf,AND,1990,IU,es,"IU-CA quiere alcanzar el del PIB en ., incluido es éste porcentaje la duplicación de los fondos destinados a Universidades, hasta que supongan el del PIB IU-CA considera necesario elaborar una política educativa que ayude a construir una nueva sociedad.",40
AND_1990_IU_es.pdf,AND,1990,IU,es,"Para la formación de seres humanos libre, no dependientes, con capacidad de análisis y de participación.",16
AND_1990_IU_es.pdf,AND,1990,IU,es,Las MEDIDAS para conseguir éste objetivo se concretan en: - Realizar una REFORMA curricular profunda adaptada a las finalidades del sistema educativo.,22
AND_1990_IU_es.pdf,AND,1990,IU,es,Esta reforma debe: Tener en cuenta la realidad del alumno y su entorno Incorporar el análisis de la vida cotidiana: No sexista: que se concentra en una formación basada en la eliminación de aquellos comportamientos y actitudes discriminatorias.,38
AND_1990_IU_es.pdf,AND,1990,IU,es,"Por la paz: fomentando la eliminación de actitudes promilitaristas, así como potenciando actitudes no violentas en la vida cotidiana Por la ecología: transmitiendo el respeto a la naturaleza a través de su conocimiento, con la creación de aulas medioambientales en los centros escolares Incluir el análisis del lenguaje de los medios de comunicación de masas, para preparar al alumno en una sociedad en la que la mayoría de la información llega a través de ellos.",75
AND_1990_IU_es.pdf,AND,1990,IU,es,"Estar relacionado con la sociedad y el mundo del trabajo Ser discutida con todos los sectores de la Comunidad Educativa Contemplar orientaciones claras sobre el Curriculum base Comisiones Obreras de Andalucía IZQUIERDA UNIDA - CONVOCATORIA POR ANDALUCÍA Ir ligada a un Plan de Formación Permanente del profesado y asistida por un servicio de Investigación Educativa Ser avalada por una Ley de Financiación - Adecuación de los Planes de Estudios Universitarios y de las titulaciones, a las exigencias del desarrollo democrático de la economía y a un proyecto social y cultural favorecedor de los intereses de la mayoría social para una sociedad más justa.",103
AND_1990_IU_es.pdf,AND,1990,IU,es,"Estos planes deben reunir una serie de características: Autonomía adecuada a cada nivel de elaboración Dentro de éstos, rechazamos la utilización de los ciclos como instrumentos de selección.",28
AND_1990_IU_es.pdf,AND,1990,IU,es,"- Garantizar la función investigadora de la Universidad mediante la cobertura adecuada de los servicios de apoyo, ampliación de plantillas de personal técnico y ayudantes de laboratorio e investigadores en dedicación exclusiva.",32
AND_1990_IU_es.pdf,AND,1990,IU,es,"Dicha investigación debe atender a los siguientes criterios: Ser instrumento esencial para colaborar en el desarrollo de la sociedad andaluza, tanto a nivel cultural como socio-económico, con el fin de superar nuestra situación de dependencia.",35
AND_1990_IU_es.pdf,AND,1990,IU,es,"Poseer un carácter global de forma que no se discriminen y minusvaloren estudios de las disciplinas humanísticas, soporte básico para la formación de la sociedad y para su visión de la realidad andaluza.",33
AND_1990_IU_es.pdf,AND,1990,IU,es,"Defender el medio ambiente, potenciando la creación de equipos de investigación encaminados a la conservación del medio ambiente y su desarrollo ecológico.",22
AND_1990_IU_es.pdf,AND,1990,IU,es,- Preparar para el uso del ocio y el tiempo libre a la población andaluza.,15
AND_1990_IU_es.pdf,AND,1990,IU,es,"IU-CA considera que la Educación de Adultos debe incluir, de modo organizado, todo tipo de actuaciones educativas en este campo, tanto formales como no formales e informales.",27
AND_1990_IU_es.pdf,AND,1990,IU,es,"Estas actuaciones tienen una doble finalidad: por un lado favorecer la formación integral y por otro la participación en el desarrollo socio-económico y cultural, de una forma equilibrada e independiente, de los andaluces y andaluzas.",35
AND_1990_IU_es.pdf,AND,1990,IU,es,"La Educación de Adultos, dentro de la óptica de educación PERMANENTE tiene una amplia gama de espacios en los que desarrollarse: Los Centros culturales Las organizaciones sociales Los medios de difusión, .",32
AND_1990_IU_es.pdf,AND,1990,IU,es,"En cuanto a la EMPRESA PUBLICA, es un lugar de primera importancia para la educación del trabajadora.",17
AND_1990_IU_es.pdf,AND,1990,IU,es,Para ello se favorecerán convenios por los que las empresas faciliten que dichos trabajadores dediquen parte de su horario laboral a una formación integral ( horas).,26
AND_1990_IU_es.pdf,AND,1990,IU,es,"Independientemente de éstos ámbitos se creará una Red de Centros Públicos específicos, con el fin de garantizar el carácter de Servicio Público.",22
AND_1990_IU_es.pdf,AND,1990,IU,es,"Este conjunto de medidas no sería posible sin adoptar de forma urgente una serie de compromisos: A- La formación permanente debe considerarse como un derecho y un deber de los profesores, a través de un Plan de Formación Permanente del profesorado.",41
AND_1990_IU_es.pdf,AND,1990,IU,es,"Comisiones Obreras de Andalucía IZQUIERDA UNIDA - CONVOCATORIA POR ANDALUCÍA Dicho Plan debe coordinar los centros de Enseñanza, los CEPS y las instituciones universitarias encargadas de la formación.",28
AND_1990_IU_es.pdf,AND,1990,IU,es,Para el proceso de formación se harán las actividades en el horario laboral y se incluirán períodos sabáticos.,18
AND_1990_IU_es.pdf,AND,1990,IU,es,"En dicho proceso de formación, habrá que insistir en la eliminación dentro del profesorado de actitudes discriminatorias por razón de sexo, raza ó cualquier otro elemento diferenciador.",27
AND_1990_IU_es.pdf,AND,1990,IU,es,B- Prestar una atención especial al tratamiento de la diferenciación sexual que se transmite en los libros de texto.,19
AND_1990_IU_es.pdf,AND,1990,IU,es,C- Potenciar el Asociacionismo de todos los sectores de la Comunidad Educativa y adoptar las medidas encaminadas a garantizar su participación en los órganos colegiados.,25
AND_1990_IU_es.pdf,AND,1990,IU,es,"D- Favorecer las organizaciones estudiantiles: - Reconociéndoles su papel negociador ante la Administración - Potenciar dichas organizaciones, dotándoles de los recursos materiales para cubrir sus objetivos.",26
AND_1990_IU_es.pdf,AND,1990,IU,es,"E- Favorecer la participación de los padres a través de las APAS: - Apoyo a las escuelas de padres - Potenciar el libre asociacionismo, dotándoles de recursos materiales para que cumplan sus fines.",33
AND_1990_IU_es.pdf,AND,1990,IU,es,Con éste objetivo defendemos la DESCENTRALIZACION de la Administración Educativa tomando como base el DISTRITO EDUCATIVO (comarca ó zona).,19
AND_1990_IU_es.pdf,AND,1990,IU,es,La cercanía a los ciudadanos de la administración educativa permitirá captar mejor sus necesidades y emplear los recursos de forma más eficaz.,22
AND_1990_IU_es.pdf,AND,1990,IU,es,"Racionalizar todo el organigrama de dicha administración, evitando la duplicidad de servicios y el despilfarro que lleva consigo, es una necesidad.",21
AND_1990_IU_es.pdf,AND,1990,IU,es,"- Reorganización de las delegaciones provinciales en el sentido de potenciar sus funciones de coordinación, gestión y orientación, descargándolas de las de control, elaboración y decisión.",26
AND_1990_IU_es.pdf,AND,1990,IU,es,"- Puesta en funcionamiento de los Consejos Educativos a nivel local y comarcal cuya función sería desarrollar sus propios planes de actuación educativa, atendiendo a las características y el desarrollo de la zona.",33
AND_1990_IU_es.pdf,AND,1990,IU,es,"Para ello los Ayuntamientos, coordinados con los distritos educativos y la Administración de las Comunidades Autónomas elaborarán dichos planes.",19
AND_1990_IU_es.pdf,AND,1990,IU,es,- Las Administraciones educativas deben asegurar una eficaz planificación de las necesidades educativas a todos los niveles.,17
AND_1990_IU_es.pdf,AND,1990,IU,es,Dicha planificación tendrá que realizarse con la participación de los sectores educativos y sociales.,14
AND_1990_IU_es.pdf,AND,1990,IU,es,"- En los DISTRITOS deben constituirse grupos interdisciplinares de servicios (educativos, sanitarios, culturales, sociales, etc) garantizando la permanente coordinación entre ellos.",21
AND_1990_IU_es.pdf,AND,1990,IU,es,"Comisiones Obreras de Andalucía IZQUIERDA UNIDA - CONVOCATORIA POR ANDALUCÍA - La elaboración anual de un mapa escolar dinámico a cada nivel y la mejora de los instrumentos de programación y planificación de la oferta educativa, para permitir llevar a cabo una verdadera evaluación del funcionamiento de dicha oferta.",49
AND_1990_IU_es.pdf,AND,1990,IU,es,"- Todo éste proceso exige una nueva Inspección, con criterios prioritariamente pedagógicos y con una dependencia funcional de los órganos de participación.",22
AND_1990_IU_es.pdf,AND,1990,IU,es,Comisiones Obreras de Andalucía L panorama de salud de los andaluces es un cuadro lleno de luces y sombras.,19
AND_1990_IU_es.pdf,AND,1990,IU,es,"Mientras que Andalucía junto con España entera y el resto de países Mediterráneos presenta uno de los más altos índices de esperanza de vida en Europa, así como una baja incidencia de enfermedades del corazón, aún persisten enfermedades infecciosas que con los adelantos de la medicina y salud pública podrían haber sido erradicadas o al menos controladas como la poliomielitis, la lepra, la tuberculosis o las fiebres de Malta.",69
AND_1990_IU_es.pdf,AND,1990,IU,es,Todos los expertos coinciden en señalar que esta situación de privilegio en salud de los andaluces se debe en buena parte a dos hechos fundamentales.,25
AND_1990_IU_es.pdf,AND,1990,IU,es,El primero es nuestra particular forma de vivir y alimentarnos.,10
AND_1990_IU_es.pdf,AND,1990,IU,es,"La amortiguación del estrés por la persistencia de potentes sistemas de apoyo social y una filosofía especial de la vida y la llamada dieta mediterránea que nos protege de las enfermedades del corazón, son dos ejemplos claros.",37
AND_1990_IU_es.pdf,AND,1990,IU,es,El segundo es un conjunto de elementos de las condiciones de vida como los bajos índices de contaminación industrial y atmosférica en las ciudades (salvo las conocidas excepciones de Huelva) y la conservación de patrimonio ecológico de gran importancia.,39
AND_1990_IU_es.pdf,AND,1990,IU,es,Sin embargo no debemos caer en el engaño de que estas cifras se refieren a todos los andaluces.,18
AND_1990_IU_es.pdf,AND,1990,IU,es,Las desigualdades en salud entre los distintos grupos sociales son dramáticas en nuestra tierra.,14
AND_1990_IU_es.pdf,AND,1990,IU,es,Recientes estudios en la ciudad de Granada han puesto de manifiesto que los recién nacidos de barrios obreros y populares cuadruplican su posibilidad de morir antes del año a los de los grupos sociales más favorecidos.,36
AND_1990_IU_es.pdf,AND,1990,IU,es,"Los casos de poliomielitis de la epidemia de - se dieron en población marginal, la tuberculosis y la lepra son enfermedades claramente sociales.",23
AND_1990_IU_es.pdf,AND,1990,IU,es,Las alarmantes cifras de desempleo y trabajo precario tienen repercusiones en Comisiones Obreras de Andalucía IZQUIERDA UNIDA - CONVOCATORIA POR ANDALUCÍA la incidencia de enfermedades y accidentes.,27
AND_1990_IU_es.pdf,AND,1990,IU,es,Por estas razones decimos que la salud en Andalucía es un panorama de luces y sombras.,16
AND_1990_IU_es.pdf,AND,1990,IU,es,Pero este panorama puede volverse totalmente oscuro en los próximos años.,11
AND_1990_IU_es.pdf,AND,1990,IU,es,Un modelo de desarrollo económico acelerado que destruye nuestro ambiente y aumenta las desigualdades sociales es la causa principal.,19
AND_1990_IU_es.pdf,AND,1990,IU,es,"La especulación urbanística y el crecimiento no planificado, está destruyendo las costas andaluzas y provocando problemas en el abastecimiento de agua potable por la contaminación con nitratos que se han demostrado nocivos para la salud.",35
AND_1990_IU_es.pdf,AND,1990,IU,es,La agricultura intensiva saliniza los acuíferos provocando desertización y aumento de enfermedades renales e hipertensión arterial.,16
AND_1990_IU_es.pdf,AND,1990,IU,es,La penetración de la industria alimenticia extranjera está destruyendo la cultura alimentaria andaluza: la dieta mediterránea es un recuerdo del pasado.,21
AND_1990_IU_es.pdf,AND,1990,IU,es,"Los graves desequilibrios territoriales y sociales que provoca este modelo de desarrollo económico genera sentimientos insolidarios y pobreza caldo de cultivo inmejorable para las drogodependencias, la violencia y las enfermedades mortales.",31
AND_1990_IU_es.pdf,AND,1990,IU,es,Por todo ello la única estrategia posible en este momento es aquella que PROTEJA la salud amenazada de los andaluces.,20
AND_1990_IU_es.pdf,AND,1990,IU,es,Frente a estos retos la política del gobierno del PSOE ha sido el dejar hacer.,15
AND_1990_IU_es.pdf,AND,1990,IU,es,La no intervención que ha llevado al deterioro progresivo de los servicios sanitarios públicos y al desencanto de la población y trabajadores de la salud.,25
AND_1990_IU_es.pdf,AND,1990,IU,es,El no desarrollo de los programas de salud pública y medicina preventiva permiten la existencia de las enfermedades del subdesarrollo que padecemos.,22
AND_1990_IU_es.pdf,AND,1990,IU,es,La no coordinación de políticas públicas facilita el deterioro de las condiciones y estilos de vida.,16
AND_1990_IU_es.pdf,AND,1990,IU,es,En suma un gobierno que no ha gobernado y que no defiende los intereses del pueblo que lo eligió.,19
AND_1990_IU_es.pdf,AND,1990,IU,es,"Izquierda Unida-Convocatoria por Andalucía plantea un programa de acción, centrado en la resolución de los principales problemas para llevar a cabo desde el Gobierno.",24
AND_1990_IU_es.pdf,AND,1990,IU,es,Es nuestro compromiso en SALUD con los andaluces hasta .,10
AND_1990_IU_es.pdf,AND,1990,IU,es,Constantemente aparecen en la prensa referencias a las enormes listas de espera tanto para intervenciones quirúrgicas en los hospitales públicos como para consultas especializadas.,24
AND_1990_IU_es.pdf,AND,1990,IU,es,Recientemente en Málaga se hablaba de pacientes incluyendo casos tan dramáticos como tratamientos de enfermos diagnosticados de cáncer que no pueden esperar o esterilizaciones quirúrgicas en mujeres con alto riesgo si se quedan embarazadas.,34
AND_1990_IU_es.pdf,AND,1990,IU,es,Podemos identificar cuatro tipos de causas en este problema complejo.,10
AND_1990_IU_es.pdf,AND,1990,IU,es,La primera de ellas es la mala gestión de los recursos existentes.,12
AND_1990_IU_es.pdf,AND,1990,IU,es,Un análisis de la realidad hospitalaria andaluza pone de manifiesto que el incremento del rendimiento de quirófanos y personal y la gestión de la espera por métodos modernos y según criterios de riesgo disminuiría considerablemente las colas.,37
AND_1990_IU_es.pdf,AND,1990,IU,es,La segunda por orden de importancia es la falta de estímulos que el sistema ofrece a los profesionales sanitarios para acabar con las colas y a veces los intereses del sector privado que vive a costa de los usuarios de la seguridad social que no pueden esperar.,47
AND_1990_IU_es.pdf,AND,1990,IU,es,"La tercera es la escasez de recursos por la descapitalización de los hospitales públicos con progresiva disminución de plantillas en relación con el número de camas y de las inversiones, que hace imposible adaptarse a las demandas crecientes de la población.",41
AND_1990_IU_es.pdf,AND,1990,IU,es,Por último la descoordinación con el nivel primario y el aprovechamiento de recursos extra-hospitalarios especializados contribuye a una situación de espera no justificada.,23
AND_1990_IU_es.pdf,AND,1990,IU,es,Comisiones Obreras de Andalucía IZQUIERDA UNIDA - CONVOCATORIA POR ANDALUCÍA .-,11
AND_1990_IU_es.pdf,AND,1990,IU,es,"Racionalización de la gestión del hospital en un modelo descentralizado y democrático por objetivos donde se aumenten los rendimientos de quirófanos y consultas especializadas, se definan estándares, se adecue, de acuerdo con los Sindicatos, los turnos de personal para disminuir las listas de espera y se haga una gestión de la espera controlada por los usuarios.- La aplicación estricta de las incompatibilidades para evitar derivación de casos de la pública a la privada y la perpetuación de la situación por intereses económicos.- El incremento de los medios materiales y las plantillas de los hospitales públicos donde se demuestre su necesidad para resolver las listas de espera.",106
AND_1990_IU_es.pdf,AND,1990,IU,es,En este sentido la escasez de determinados especialistas pone de manifiesto la necesidad de incrementar desde ya el número de plazas de formación (MIR) para adecuarlas a las necesidades reales de la población.- La rentabilización de los recursos extrahospitales públicos procedentes de los antiguos centros de especialidades y ambulatorios en una política coordinada orientada a la resolución de las principales listas de espera.,63
AND_1990_IU_es.pdf,AND,1990,IU,es,"Sin embargo, las listas de espera son tan sólo una expresión más de la problemática que afecta al funcionamiento y eficacia del sistema hospitalario y de atención especializada.",28
AND_1990_IU_es.pdf,AND,1990,IU,es,Proponemos para ello las siguientes medidas: a) Respecto al personal: .- Elaboración de planes de formación continuada para que se comprenda el alcance de la Reforma a emprender.,28
AND_1990_IU_es.pdf,AND,1990,IU,es,"Lo que significa la palabra OBJETIVO en política sanitaria, cuáles pueden ser estos objetivos en el contexto presente y quién establece los objetivos.",23
AND_1990_IU_es.pdf,AND,1990,IU,es,"Estos planes deben iniciar la formación definiendo el sistema, su organización, modo de gestión y lo que pretende alcanzar, así como qué lugar ocupa cada uno dentro del mismo.",29
AND_1990_IU_es.pdf,AND,1990,IU,es,Está muy claro que uno de los más importantes obstáculos con que choca la Reforma Sanitaria es el desconocimiento por parte del personal de qué es lo que exactamente se espera de ellos.,33
AND_1990_IU_es.pdf,AND,1990,IU,es,El establecimiento de niveles profesionales es una de las mejores formas de incentivación profesional.,14
AND_1990_IU_es.pdf,AND,1990,IU,es,En el nivel de Técnicos de Grado Superior y Medio debe establecerse al menos una escala de tres niveles.,19
AND_1990_IU_es.pdf,AND,1990,IU,es,"En el nivel de personal auxiliar Sanitario y No-Sanitario los niveles técnicos adecuados, en el sanitario las categorías de FP y FP contempladas en la escala de ATL, ATR, etc.",30
AND_1990_IU_es.pdf,AND,1990,IU,es,Igualmente debe hacerse con la carrera administrativa del personal de administración.,11
AND_1990_IU_es.pdf,AND,1990,IU,es,Esta carrera profesional no tiene relación con la carrera administrativa para la gestión de los Servicios.,16
AND_1990_IU_es.pdf,AND,1990,IU,es,"Uno de los aspectos más interesantes de esta carrera profesional es que se apoya sobre la antigüedad, los cursos de formación continuada y los objetivos esenciales y de otro tipo, lo que contribuye al control de la actividad.",38
AND_1990_IU_es.pdf,AND,1990,IU,es,"Cada nivel profesional debe cumplir un número de créditos en formación que debe ser facilitado por la propia administración y que tienen más importancia mientras más alto es el nivel profesional lo que permite equiparar dedicación, nivel de responsabilidad y retribución.",41
AND_1990_IU_es.pdf,AND,1990,IU,es,Respecto a las actividades,4
AND_1990_IU_es.pdf,AND,1990,IU,es,: .- Establecimiento de niveles asistenciales: Los diferentes estamentos deben tener bien definidas sus competencias sobre todo en las áreas conflictivas.,21
AND_1990_IU_es.pdf,AND,1990,IU,es,La organización del Centro Asistencial debe contemplar las funciones propias de cada grupo profesional y el nivel de responsabilidades.,19
AND_1990_IU_es.pdf,AND,1990,IU,es,"Las funciones del médico estarán bien definidas, sus competencias, el lugar y el horario en que desarrolla su labor.",19
AND_1990_IU_es.pdf,AND,1990,IU,es,Uno de los puntos conflictivos es el solapamiento de funciones.,10
AND_1990_IU_es.pdf,AND,1990,IU,es,IZQUIERDA UNIDA - CONVOCATORIA POR ANDALUCÍA Médicos y Enfermeros tienen actividades en común e independientes y no deben producirse interferencias de espacio o de horario.,25
AND_1990_IU_es.pdf,AND,1990,IU,es,"Hay que considerar el Hospital como un Centro implicado en la triple función asistencial, tanto curadora, como rehabilitadora y de educación sanitaria.",22
AND_1990_IU_es.pdf,AND,1990,IU,es,En este cometido la Enfermería tiene un área propia.,9
AND_1990_IU_es.pdf,AND,1990,IU,es,Por otra parte los enfermeros deben ceder competencias a los Técnicos en las funciones que les son propias en Laboratorios y Salas de Radiología.,24
AND_1990_IU_es.pdf,AND,1990,IU,es,Es ineludible el proceso de protocolización de los diagnósticos como la única forma de acabar con el caos asistencial.,19
AND_1990_IU_es.pdf,AND,1990,IU,es,Esto requiere la cooperación activa de las Sociedades Profesionales para el inicio del plan y puesta en marcha de experiencias piloto.,21
AND_1990_IU_es.pdf,AND,1990,IU,es,Este paso es inseparable del desarrollo de un sistema de documentación sanitaria lo más claro y completo posible.,18
AND_1990_IU_es.pdf,AND,1990,IU,es,Debe ser general para todo tipo de actuaciones en cada paciente y registrar todos los pasos de las mismas.,19
AND_1990_IU_es.pdf,AND,1990,IU,es,"Por el momento no hay forma de saber exactamente, salvo que haya alguna forma de investigación en curso, cuáles son los resultados de una acción quirúrgica y técnicamente en qué consistió ésta.",32
AND_1990_IU_es.pdf,AND,1990,IU,es,No nos es posible comparar resultados.,6
AND_1990_IU_es.pdf,AND,1990,IU,es,Hay que homologar la forma de hacer controles diarios o de revisiones a los pacientes.,15
AND_1990_IU_es.pdf,AND,1990,IU,es,"Protocolizacion y Documentacion son el objetivo de la reforma en los Hospitales porque termina con las actuaciones inadecuadas y acorta los tiempos de hospitalizacion y espera, además de racionalizar el uso de recursos sobre todo los de alta tecnologia.",39
AND_1990_IU_es.pdf,AND,1990,IU,es,Ésto se ve facilitado si la carrera administrativa del Personal Sanitario cumple sus objetivos de control y manejo de la asistencia y si la carrera profesional conciencia y estimula a los profesionales.,32
AND_1990_IU_es.pdf,AND,1990,IU,es,"Todo ello remite al primer punto, el de la formacion para disponer de un personal que sepa lo que de ellos se espera.",23
AND_1990_IU_es.pdf,AND,1990,IU,es,Cualquier medio de comunicación dirigido a la poblacion adulta o infantil debe ser empleado para comunicar lo que quiere decir un uso adecuado de los medios asistenciales.,27
AND_1990_IU_es.pdf,AND,1990,IU,es,Es necesario separar la Educación Sanitaria de la Educación para la Salud.,12
AND_1990_IU_es.pdf,AND,1990,IU,es,"El uso de recursos, tanto si se refiere a Centros o Servicios como si se refiere a elementos terapéuticos es el objetivo de un programa de educación sanitaria.",28
AND_1990_IU_es.pdf,AND,1990,IU,es,La educación para la salud tiene un objetivo más amplio y dirigido a fomentar unos hábitos de vida y consumo.,20
AND_1990_IU_es.pdf,AND,1990,IU,es,"La diferencia se percibe cuando se contempla un programa de este tipo y el mensaje se confunde entre el tabaco, la obesidad y los servicios de urgencia.",27
AND_1990_IU_es.pdf,AND,1990,IU,es,En este apartado debe incluirse la negociación con las asociaciones ciudadanas y ayuntamientos en lo que respecta a la planificación de la asistencia.,23
AND_1990_IU_es.pdf,AND,1990,IU,es,"Hay que establecer el nivel en que la participación social, separada de la institucional, se establezca.",16
AND_1990_IU_es.pdf,AND,1990,IU,es,"El Area Sanitaria parece un buen nivel y las Asociaciones de Vecinos o de Consumidores con implantación en el Area, junto a los trabajadores sanitarios y la Administración formarían los Consejos de Participación del Area.",35
AND_1990_IU_es.pdf,AND,1990,IU,es,"En el ámbito hospitalario cabe destacar, por la incongruencia constatada hasta la fecha, la escasa disponibilidad de sus recursos para atender correcta y eficazmente las atenciones precisas que garanticen la planificación familiar del tercer nivel, particularmente vasectomías y ligaduras de trompas, y la interrupción voluntaria del embarazo.",47
AND_1990_IU_es.pdf,AND,1990,IU,es,Por ello: .- Se garantizará en la red hospitalaria y de asistencia especializada los recursos y el personal necesario para atender estas intervenciones con la agilidad que requieren.,28
AND_1990_IU_es.pdf,AND,1990,IU,es,Comisiones Obreras de Andalucía IZQUIERDA UNIDA - CONVOCATORIA POR ANDALUCÍA Más del de los andaluces aún reciben asistencia primaria en deteriorados consultorios y ambulatorios de la Seguridad Social.,28
AND_1990_IU_es.pdf,AND,1990,IU,es,"Esta atención en las ciudades se caracteriza por la masificación donde apenas hay tiempo de hablar con el médico, la prevención no entra en consideraciones, y salir con numerosas recetas o volantes para especialistas es la regla.",37
AND_1990_IU_es.pdf,AND,1990,IU,es,"El médico rural aún conserva parte de la deseable relación entre médico y pacientes, pero la falta de recursos para el ejercicio de la medicina es patente y la población no puede beneficiarse de los adelantos técnicos.",37
AND_1990_IU_es.pdf,AND,1990,IU,es,"Desde el punto de vista de Izquierda Unida-Convocatoria por Andalucía el aislamiento profesional, la falta de recursos y la ausencia de desarrollo de la prevención de la enfermedad y la promoción de la salud se soluciona con la puesta en marcha del modelo de atención primaria: centros de salud, donde un equipo multiprofesional trabaja con recursos suficientes en una zona geográfica definida siendo responsable de la salud, no sólo de la enfermedad, de toda su población.",76
AND_1990_IU_es.pdf,AND,1990,IU,es,Este modelo ha sido teóricamente aceptado por la Consejería de Salud y los centros de salud existentes han demostrado sus buenos resultados y la satisfacción de la población a la que atiende.,32
AND_1990_IU_es.pdf,AND,1990,IU,es,"Sin embargo, desde que entró el actual Consejero de Salud hemos asistido a un parón en la reforma sanitaria: no se invierte en la construcción de centros de salud, se abren tardíamente, no se evita la masificación asignando un excesivo número de personas a cada profesional, en una palabra, se les considera de nuevo como meros ambulatorios.- El aumento de inversiones en la construcción de Centros de Salud para lograr que atienda efectivamente al de los andaluces en menos de años.- La apertura inmediata de los Centros de Salud construidos y la dotación de suficientes recursos materiales y plantillas para que puedan cumplirse su misión.- La generalización del modelo de distrito de Atención Primaria dotándoles de autonomía presupuestaria y de gestión.- La puesta en marcha y extensión de los programas de promoción de salud y formación continuada en atención primaria.- El establecimiento desde un plano de igualdad de un sistema eficaz de coordinación con el nivel hospitalario que permita la plantificación conjunta de actividades.",164
AND_1990_IU_es.pdf,AND,1990,IU,es,Comisiones Obreras de Andalucía IZQUIERDA UNIDA - CONVOCATORIA POR ANDALUCÍA CONVOCATORIO DE ADELHAMIENTO SALUD El informe elaborado por el Defensor del Pueblo puso en la calle el tema de la calidad de la atención urgente en los hospitales españoles.,39
AND_1990_IU_es.pdf,AND,1990,IU,es,"Este tema que sensibiliza grandemente a la población tiene una vertiente especial en Andalucía, ya que en un proceso mal llevado de apertura de centros de salud en el medio rural ha llevado en la práctica a la desasistencia sanitaria con repercusiones negativas para la población y movilización consiguientes.",49
AND_1990_IU_es.pdf,AND,1990,IU,es,La urgencia sanitaria en las ciudades está centrada en la puerta de los hospitales que se ven saturados en determinadas horas por problemas que en su mayor parte podrían ser resueltos en otros escalones del sistema.,36
AND_1990_IU_es.pdf,AND,1990,IU,es,De esta forma la atención a los problemas graves se ve dificultada por la masificación.,15
AND_1990_IU_es.pdf,AND,1990,IU,es,"Este hecho también determina que no se cuida la información y la espera de familiares y pacientes en la que se suma la angustia de su problema, la incertidumbre y la incomodidad.",32
AND_1990_IU_es.pdf,AND,1990,IU,es,"En el medio rural el problema se hace más complejo puesto que a la ausencia de recursos diagnósticos y terapéuticos, que obligan a trasladar a la mayor parte de los pacientes, se suma el imperativo legal de liberar a los sanitarios de las horas de servicio, días al año, y jornadas agotadoras cuando se organizan turnos de guardias.- Se potenciarán el uso de dispositivos de urgencias extrahospitalarias en los Centros de Salud, con recursos diagnósticos y terapéuticos suficientes para resolver la demanda de urgencias correspondientes a su nivel, como único filtro necesario y eficaz para evitar la saturación de los servicios hospitalarios de urgencias.",104
AND_1990_IU_es.pdf,AND,1990,IU,es,Se coordinará y ordenará centralizadamente la solicitud de atención urgente con un teléfono único gratuito.,15
AND_1990_IU_es.pdf,AND,1990,IU,es,"Se racionalizará y profesionalizará el transporte sanitario de la urgencia.- Una planificación ciudadana de la urgencia hospitalaria permitiría racionalizar el sistema actual de guardias agilizándose especialmente la realización de análisis y otras pruebas diagnósticas.- Se realizarán las inversiones necesarias para adecuar las instalaciones de las áreas de urgencias a las necesidades que plantea la demanda cuidando especialmente la información a pacientes y familiares y la espera en lugares dignos y cómodos.- Se organizarán de acuerdo con la población campañas para la sensibilización del usuario que oriente hacia un uso adecuado de los recursos.- Antes de implantar el nuevo modelo de Reforma se asegurará la facilidad de las comunicaciones entre núcleos de población, la existencia de servicios públicos de transportes y la disponibilidad de teléfono.- Nuestro modelo estará basado en tres principios: tiempo entre la solicitud y la atención inferior a minutos, capacidad de resolución o derivación del de las urgencias y calidad en la atención.- No se producirá ninguna actuación de centralización de la atención urgente en centros de salud comarcal sin haber informado y negociado previamente con los ayuntamientos y la población, ni que suponga perjuicio asistencial o económico para esta.- Los centros de salud darán la cobertura de urgencias de a horas con los recursos humanos, diagnósticos y terapéuticos necesarios para resolver una urgencia primaria en los tiempos indicados, con sistemas de transportes sanitarios y radiotelefónicos coordinados.",229
AND_1990_IU_es.pdf,AND,1990,IU,es,"Comisiones Obreras de Andalucía IZQUIERDA UNIDA - CONVOCATORIA POR ANDALUCÍA Estamos viviendo una época donde los avances tecnológicos en medicina pueden hacer perder el norte a algunos profesionales de la salud que consideran que su misión es más resolver un problema diagnóstico o aplicar una técnica concreta, que procurar la salud de la persona que solicita ayuda.",57
AND_1990_IU_es.pdf,AND,1990,IU,es,Un planteamiento adecuado estaría centrado en superar los sentimientos de dependencias considerando que el principal recurso que una persona tiene para sanar puede ser ella misma.,26
AND_1990_IU_es.pdf,AND,1990,IU,es,"Desgraciadamente en nuestro sistema sanitario abundan ejemplos de trato deshumanizado, desde el mal trato a usuarios, a la falta de información comprensible a pacientes y familiares sobre sus procesos, la hospitalización de niños sin sus padres, o diseños arquitectónicos irracionales y en función de criterios ajenos.",46
AND_1990_IU_es.pdf,AND,1990,IU,es,"Desde el punto de vista de IU-CA una de las razones fundamentales de estos hechos es que la opinión de la población, de los usuarios, nunca se ha tenido en cuenta a la hora de identificar problemas y planificar soluciones.",40
AND_1990_IU_es.pdf,AND,1990,IU,es,"La cultura de los profesionales y de la administración se ha cerrado sobre si misma comportándose como dominantes, encontrando justificaciones técnicas a decisiones que no pensaban en las opiniones y necesidades sentidas de la población.",35
AND_1990_IU_es.pdf,AND,1990,IU,es,"El empeoramiento paulatino de las condiciones de trabajo en los centros sanitarios y la disminución de la valoración social y profesional de los trabajadores que al no participar no comparten responsabilidades de los servicios públicos, pueden asimismo contribuir a esta situación.",41
AND_1990_IU_es.pdf,AND,1990,IU,es,"Consecuentemente el eje de la solución a este problema pasa por la participación en el sistema de salud de la población y los trabajadores, y entendemos que no existe real participación si no hay cesión de poder, capacidad de control y toma de decisiones.",44
AND_1990_IU_es.pdf,AND,1990,IU,es,Para IU-CA el concepto de participación comunitaria es amplio y no se circunscunchible a una estructura organizativa que la posibilite.,20
AND_1990_IU_es.pdf,AND,1990,IU,es,"Se trata de abrir múltiples canales de comunicación entre el público y el sistema sanitario por donde circule la información en doble sentido, que sirva para aumentar la comprensión entre dos mundos que hasta ahora han permanecido al margen.",39
AND_1990_IU_es.pdf,AND,1990,IU,es,Uno de sus objetivos es lograr que la población tenga progresivamente una actitud más activa en relación a los cuidados de la salud.,23
AND_1990_IU_es.pdf,AND,1990,IU,es,La gente puede ser el principal recurso que la población tiene para mejorar su salud.,15
AND_1990_IU_es.pdf,AND,1990,IU,es,"Esto es especialmente importante si tenemos en cuenta las enfermedades crónicas y la patología social a la que hay que enfrentarse donde los autocuidados y la ayuda mutua juegan un papel fundamental.- Crear el cauce legal que posibilite en Andalucía la participación de la población en los servicios sanitarios a todos los niveles de gestión pero con especial énfasis en el nivel local (Ayuntamientos, distritos municipales).- Potenciación de los servicios de información al usuario de forma que el paciente y sus familias posean acceso total y comprensible a toda la información que genere su enfermedad.- Elaboración, normalización legal y puesta en marcha de una carta de derechos y deberes de los usuarios del sistema de salud donde se contemple el derecho a bien morir de los enfermos terminales.- Resolución rápida y efectiva de las reclamaciones por comisiones paritarias administración, profesionales y usuarios.",142
AND_1990_IU_es.pdf,AND,1990,IU,es,"Consideración Comisiones Obreras de Andalucía IZQUIERDA UNIDA - CONVOCATORIA POR ANDALUCÍA de la satisfación del usuario como estándar de calidad.- Adecuación de los horarios de los servicios a las posibilidades y necesidades de la población que las utiliza.- Plan de Humanización de Hospitales que incluya medidas como modificaciones arquitectónicas y de habitabilidad para hacerlo más vivible a usuarios, familiares y personal, acompañamiento de los padres con sus hijos pequeños, equipo multiprofesionales para atender otras necesidades psicológicas y sociales, escuelas y lugares de juego para niños ingresados, carta de comidas para ingresados, etc., La reciente epidemia de poliomielitis en Andalucía puso de manifiesto la debilidad de la estructura de los servicios preventivos del SAS.",113
AND_1990_IU_es.pdf,AND,1990,IU,es,Si analizamos los problemas principales del de salud de los andaluces comprobaremos que no existe casi ninguna respuesta preventiva de los servicios sanitarios.,23
AND_1990_IU_es.pdf,AND,1990,IU,es,"Ni las enfermedades cardiovasculares, ni los accidentes de tráfico, ni las enfermedades infecciosas controlables como la fiebre de malta o la tuberculosis son objeto de más atención que el tratamiento de la enfermedad cuando se ha producido o de sus secuelas.",41
AND_1990_IU_es.pdf,AND,1990,IU,es,"Este enfoque entra en clara contradicción con los planteamientos de IUCA que sostienen que todo el sistema debería tener como finalidad fundamental la prevención de la enfermedad y la promoción de la salud como mantienen todas las Organizaciones Internacionales (OMS, UNICEF) Sin embargo, las últimas tendencias en política sanitaria del PSOE hacen hincapié en los aspectos de control de los gastos, aplicación de las leyes del mercado a la sanidad, a trabajar únicamente con y sobre lo que los usuarios demandan actualmente.",82
AND_1990_IU_es.pdf,AND,1990,IU,es,La Salud Pública ha pasado a segundo plano y no cabe en estos planteamientos modernos Las repercusiones pueden ser graves en la configuración de nuestro modelo sanitario que puede llegar a ahorrar y gastar eficientemente (elementos necesarios) en unos servicios que no contribuyen a mejorar la salud de la población.,50
AND_1990_IU_es.pdf,AND,1990,IU,es,"El resultado es siempre un aumento de las desigualdades en salud, ya que los grupos más socialmente desfavorecidos Comisiones Obreras de Andalucía IZQUIERDA UNIDA - CONVOCATORIA POR ANDALUCÍA son aquellos más vulnerables a problemas como la poliomielitis, el embarazo en adolescentes o los accidentes de trabajo y que por tanto más necesitarían de este tipo de cuidados.- La formulación de políticas explícitas que se traduzca en programas de acción y presupuestos sobre prevención de las enfermedades cardiovasculares, cáncer, accidentes, enfermedades infecciosas y salud materno-infantil y salud bucodental.- La aplicación de una estrategia y distribución de recursos de forma que reciban mayor cantidad de servicios y aquellos grupos de riesgo que mayores necesidades presenten.-",113
AND_1990_IU_es.pdf,AND,1990,IU,es,La potenciación de las actividades preventivas y de promoción de salud programadas de los Centros de Salud.- El refuerzo de las estructuras administrativas y asistenciales dedicadas a la salud pública tanto a nivel de Distrito y Provincial como Autonómico.,39
AND_1990_IU_es.pdf,AND,1990,IU,es,El estilo de vida de las sociedades modernas lleva aparejado por fenómenos de estrés psicosocial un incremento de los desequilibrios mentales.,21
AND_1990_IU_es.pdf,AND,1990,IU,es,"Este hecho, unido al reconocimiento de que los clásicos manicomios no sólo no ayudaban a recuperar a los enfermos mentales crónicos sino que ignorando sus más elementales derechos humanos, perpetúan su situación, ha desembocado en un proceso mundial de reforma de la atención psiquiátrica.",44
AND_1990_IU_es.pdf,AND,1990,IU,es,"Las líneas generales de este proceso pasa por el cierre de los manicomios y el tratamiento de las personas con trastornos mentales graves en servicios basados en la comunidad, el tratamiento de los trastornos menos graves en los servicios sanitarios generales y en el énfasis en la promoción de la salud.",51
AND_1990_IU_es.pdf,AND,1990,IU,es,En Andalucía la reforma psiquiátrica se puso en marcha con la creación del IASAM que IU-CA inicialmente apoyó.,18
AND_1990_IU_es.pdf,AND,1990,IU,es,"Sin embargo, el cierre de los manicomios no se ha seguido de un conjunto de medidas que desarrollen un modelo alternativo con el grave riesgo de hacer recaer sobre la familia los cuidados del enfermo mental sin ninguna estructura de apoyo.",41
AND_1990_IU_es.pdf,AND,1990,IU,es,"En el debate de la ley del IASAM en el Parlamento hay que recordar que fue precisamente el PSOE quien presentó enmienda al articulado y que sí pudo salir el texto inicial del exconsejero Recio fue en virtud de la defensa que especialmente hizo nuestro grupo, así como el apoyo de grupos sociales y profesionales progresistas.",56
AND_1990_IU_es.pdf,AND,1990,IU,es,"La salida de Recio y la entrada de Eduardo Rejón en la Consejería, supone la puntilla definitiva al proyecto inicial de Reforma Psiquiátrica.",23
AND_1990_IU_es.pdf,AND,1990,IU,es,"El fracaso de la Reforma tiene, entre otras, tres razones fundamentales: Comisiones Obreras de Andalucía IZQUIERDA UNIDA - CONVOCATORIA POR ANDALUCÍA .-",22
AND_1990_IU_es.pdf,AND,1990,IU,es,La falta de clarificación política en el PSOE en lo que se refiere a la delimitación de competencias entre la Junta y las Diputaciones.,24
AND_1990_IU_es.pdf,AND,1990,IU,es,"Al ser el IASAM un consorcio entre dichas Instituciones, se ha encontrado en el epicentro de un campo preferente de confrontación entre guerristas y borbollistas y ello ha sido evidente en este último período con los intentos fallidos, por parte de la Consejería (borbollista) de integrar en el SAS el dispositivo Psiquiátrico, proceso mal llevado y aún no culminado por obstaculización desde las Diputaciones (guerristas).- La relentización de la reforma de Atención Primaria, con lo que el IASAM habría sido integrado en algo que no existía.- Por último, la carencia, falta de definición, de coordinación de todo lo que se refiere a los servicios sociales a pesar de la ley aprobada que no ha sido desarrollada en su reglamento en los plazos que la propia ley establecía (diciembre del ).",130
AND_1990_IU_es.pdf,AND,1990,IU,es,"Esta situación (fallo de las bases de sustentación del IASAM y, a pesar de ello, desarrollo de sus elementos constitutivos y de personal) explican el desarrollo perverso del modelo, los errores en el desmantelamiento de algunos manicomios, el abandono de los crónicos, la inflación y burocratismo del aparato central etc.",50
AND_1990_IU_es.pdf,AND,1990,IU,es,"Así como la no culminada ni aclarada integración del personal dependiente de diputaciones en el SAS, pues el decreto de transferencia promulgado a última hora, con prisas electorales (en mayo), tiene grandes dificultades de aplicación por la oposición de haber sido impuesto sin negociación previa.",45
AND_1990_IU_es.pdf,AND,1990,IU,es,En resumen podemos identificar los siguientes problemas en el proceso.,10
AND_1990_IU_es.pdf,AND,1990,IU,es,- Falta de desarrollo de dispositivos sociales de atención.,9
AND_1990_IU_es.pdf,AND,1990,IU,es,"- Carencia de estructuras intermedias de atención (Centros de día, hospitales de día, centros de rehabilitación).",16
AND_1990_IU_es.pdf,AND,1990,IU,es,- Falta de desarrollo de la red de centros de salud que permita la realización de la Reforma Psiquiátrica.,19
AND_1990_IU_es.pdf,AND,1990,IU,es,"- Carencia de personal especializado para llevar a cabo los diferentes programas.- Establecimiento de programas específicos de formación para posibilitar el desarrollo de las redes de atención en Salud Mental.- Desarrollo de las leyes cuyo cumplimiento afecta a la atención en Salud Mental y culminación del proceso de integración de todos los servicios en el SAS.- Desarrollo de redes de atención social.- Dotación de recursos humanos, materiales y de formación suficientes a los Centros de Salud para que puedan asumir su papel en la atención a la salud mental.- Desarrollo de estructuras asistenciales intermedias y de estructuras especializadas, integrados en los programas de atención sin crear redes especiales o paralelas.- Establecimiento de sistemas de evaluación de los servicios actualmente existentes que posibiliten un análisis de la realidad y permita establecer las modificaciones y alternativas a la asistencia que actualmente se presta.",141
AND_1990_IU_es.pdf,AND,1990,IU,es,Comisiones Obreras de Andalucía IZQUIERDA UNIDA - CONVOCATORIA POR ANDALUCÍA La financiación de los Servicios sanitarios de la Comunidad Autónoma (proveniente en su mayor parte del dinero transferido del INSALUD) es la pieza clave que permitirá o dificultará el desarrollo de cualquier política en este campo.,46
AND_1990_IU_es.pdf,AND,1990,IU,es,El problema central de nuestro sistema financiero es la insuficiencia presupuestaria: En una palabra se gasta más del dinero disponible.,20
AND_1990_IU_es.pdf,AND,1990,IU,es,Según el Consejero de Salud los servicios sanitarios presentan un déficit anual del de su presupuesto que se va acumulando.,20
AND_1990_IU_es.pdf,AND,1990,IU,es,Los síntomas se hacen evidentes en Octubre cuando se acaba el dinero para pagar a los proveedores y realizar los planes previstos: El presupuesto del SAS se convierte en un ejercicio académico y deja de ser un instrumento de gestión.,40
AND_1990_IU_es.pdf,AND,1990,IU,es,El gasto sanitario de Andalucía está fuera de todo control.,10
AND_1990_IU_es.pdf,AND,1990,IU,es,Las consecuencias no sólo para los servicios sanitarios sino para la economía de la Comunidad son evidentesmente nefastas.,18
AND_1990_IU_es.pdf,AND,1990,IU,es,"Pueden identificarse causas a este fenómeno: En el proceso de negociación de las transferencias se infravaloró el gasto que generaban los servicios de salud en Andalucía, base para calcular el porcentaje social sobre el cual nos transfiere dinero.",38
AND_1990_IU_es.pdf,AND,1990,IU,es,) No se está cumpliendo la legislación vigente que planteaba la transferencia a partir de sobre el porcentaje de población protegida (.,22
AND_1990_IU_es.pdf,AND,1990,IU,es,) que nos beneficia claramente.,5
AND_1990_IU_es.pdf,AND,1990,IU,es,"Los presupuestos del INSALUD no son reales, siendo la diferencia entre lo presupuestado y lo liquidado cada vez mayor.",19
AND_1990_IU_es.pdf,AND,1990,IU,es,Esta diferencia se transfiere a las CCAA con dos años de retraso.,12
AND_1990_IU_es.pdf,AND,1990,IU,es,A esto hay que añadir que el PIB destinado a sanidad ha disminuido desde siendo uno de los más bajos de la OCDE.,23
AND_1990_IU_es.pdf,AND,1990,IU,es,El despilfarro de recursos por la mala gestión.,8
AND_1990_IU_es.pdf,AND,1990,IU,es,"En conclusión, el sistema de financiación es no equitativo e insuficiente y perjudica claramente a Andalucía como se aprecia en el cuadro .",23
AND_1990_IU_es.pdf,AND,1990,IU,es,COMUNIDAD AUTONOMA - ANDALUCIA .,5
AND_1990_IU_es.pdf,AND,1990,IU,es,POBLACION Padrón Andalucía: .,4
AND_1990_IU_es.pdf,AND,1990,IU,es,"Teniendo en cuenta que el problema es compartido con otras Comunidades Autónomas y que deben ser decisiones negociadas con el Gobierno Central proponemos tres líneas de acción, una específica de Andalucía y dos dirigidas al conjunto del Estado: Comisiones Obreras de Andalucía IZQUIERDA UNIDA - CONVOCATORIA POR ANDALUCÍA .-",49
AND_1990_IU_es.pdf,AND,1990,IU,es,"Renegociación de las transferencias con el objetivo de que el Gobierno Central asuma el déficit actual del SAS, se aplique el de población protegida (.",25
AND_1990_IU_es.pdf,AND,1990,IU,es,) con coeficientes de participación en los presupuestos del INSALUD y se transfiera el crédito al inicio del año presupuestario a los centros de gasto.- Apertura de un proceso de negociación de todas las CCAA con el Gobierno Central con el objetivo de que los presupuestos del INSALUD sean presupuestos reales sobre gastos que generan actualmente los servicios sanitarios y no ficticios a la baja como actualmente lo son.,69
AND_1990_IU_es.pdf,AND,1990,IU,es,También se pretenderá que se incremente para llegar a la media de los destinados a sanidad pública por los países de la OCEDE en PIB.,25
AND_1990_IU_es.pdf,AND,1990,IU,es,"Urgir asimismo el desarrollo legislativo de la Ley General de Sanidad en este campo haciendo operativas, los principios de equidad y solidaridad interterritorial a la hora de distribución de los presupuestos.- El control profesional, social y político del gasto sanitario a través de la presupuestación por objetivos claros y medibles, la evaluación permanente y el desarrollo de la función de auditoría externa y supervisión de la Cámara de Cuentas.",69
AND_1990_IU_es.pdf,AND,1990,IU,es,"Como se puso de manifiesto en la introducción a este programa, el modelo de desarrollo económico que está implantando el PPSOE en Andalucía y las condiciones de integración de Andalucía en la CEE, suponen una grave amenaza para la salud de los andaluces.",43
AND_1990_IU_es.pdf,AND,1990,IU,es,"Por citar sólo unas cifras, el uso incontrolado de pesticidas y fertilizantes y las actividades agrícolas no planificadas ha llevado a que en Andalucía actualmente .",26
AND_1990_IU_es.pdf,AND,1990,IU,es,personas beban agua no calificada como potable; más de .,10
AND_1990_IU_es.pdf,AND,1990,IU,es,"dependan de cisternas para su abastecimiento, .",7
AND_1990_IU_es.pdf,AND,1990,IU,es,"viertan sus aguas residuales sin depurar, de los Ayuntamientos tengan vertidos incontrolados o de los regadíos se asienten sobre acuíferos de donde se extrae el agua para consumo humano.",29
AND_1990_IU_es.pdf,AND,1990,IU,es,"Esta situación es paralela al deterioro de la alimentación de los andaluces que cada vez consumen menos frutas, verduras y legumbres y más grasas animales y precocinadas, ricas en sal y conservantes como le interesa a las multinacionales de la alimentación que no saben donde colocar sus excedentes de mantequilla.",50
AND_1990_IU_es.pdf,AND,1990,IU,es,El problema de la vivienda en Andalucía es dramático y su relación con la salud ha sido ampliamente documentada.,19
AND_1990_IU_es.pdf,AND,1990,IU,es,"El desempleo, la marginación, el trabajo eventual son también factores condicionantes cuya presencia no augura una buena evolución de los indicadores sanitarios.",22
AND_1990_IU_es.pdf,AND,1990,IU,es,Frente a esta situación la pasividad de la administración socialista es difícil de comprender.,14
AND_1990_IU_es.pdf,AND,1990,IU,es,"Son problemas complejos que deben ser abordados coordinadamente desde sectores tan diversos como salud, empleo, alimentación, educación, transporte, servicios sociales, agricultura etc.",22
AND_1990_IU_es.pdf,AND,1990,IU,es,Comisiones Obreras de Andalucía IZQUIERDA UNIDA - CONVOCATORIA POR ANDALUCÍA De ahí nuestro concepto de política de Salud como una política global de Gobierno.,24
AND_1990_IU_es.pdf,AND,1990,IU,es,Pero esta política de salud no es responsabilidad exclusiva del Gobierno Autónomo.,12
AND_1990_IU_es.pdf,AND,1990,IU,es,"El desarrollo de las competencias municipales es fundamental en el campo de la salud, la formulación de políticas municipales de salud son un objetivo fundamental.- La elaboración consensuada por el Gobierno Andaluz de una política de salud para Andalucía inspirada en las medidas de Salud para todos en el año de la OMS y su presentación en el Parlamento Andaluz para debate y aprobación con el máximo rango legal.",69
AND_1990_IU_es.pdf,AND,1990,IU,es,"Esta política deberá considerar especialmente la alimentación, el abastecimiento de agua potable, el control de la contaminación por residuos peligrosos y el fomento de las viviendas saludables.- La formulación y puesta en práctica en todos los ayuntamientos andaluces de políticas municipales de salud de carácter intersectorial y basada en la participación ciudadana y cuyos objetivos fundamentales sean la disminución de las desigualdades en salud, la protección del medio ambiente y el control social de los servicios sanitarios.",77
AND_1990_IU_es.pdf,AND,1990,IU,es,"Las características de la sociedad en que vivimos, como el paro, la competitividad o la violencia, hace que los jóvenes sean un grupo especialmente vulnerable a algunos problemas de salud que pueden condicionar su vida futura.",36
AND_1990_IU_es.pdf,AND,1990,IU,es,"El embarazo no deseado en incremento en Andalucía, las toxicomanías, el SIDA, la hepatitis o los accidentes, son ejemplos de ello y requieren una respuesta urgente que no sólo permita prevenirlas sino promover la Salud, elevando la calidad de vida de la población joven.- La creación de centros de orientación sexual para jóvenes, que ofrezcan información, educación y asesoría sobre sexualidad, métodos anticonceptivos y enfermedades de trasmisión sexual.",68
AND_1990_IU_es.pdf,AND,1990,IU,es,"El acceso a estos centros sería libre y gratuito, facilitándose métodos anticonceptivos si se solicitan.- El desarrollo de programas de salud dirigidos a grupos de Riesgo para la prevención del SIDA y la hepatitis que incluyan medidas como la vacunación, el reparto gratuito y controlado de jeringuillas de un solo uso o de preservativos, etc.",55
AND_1990_IU_es.pdf,AND,1990,IU,es,Comisiones Obreras de Andalucía IZQUIERDA UNIDA - CONVOCATORIA POR ANDALUCÍA Somos conscientes de que conjunto de medidas propuestas sólo pueden desarrollarse dentro de un modelo público de Servicio Nacional de Salud con cinco ejes básicos inspiradores: .,37
AND_1990_IU_es.pdf,AND,1990,IU,es,Reconocer que mejorar la Salud Pública es la finalidad fundamental a la que se subordina el resto y de que las desigualdades en salud son el principal problema que tenemos que enfrentar.,32
AND_1990_IU_es.pdf,AND,1990,IU,es,La concepción del Servicio Andaluz de Salud como empresa pública y por tanto la puesta en funcionamiento de mecanismos eficientes de gestión.,22
AND_1990_IU_es.pdf,AND,1990,IU,es,La necesidad del control social y político de los servicios sanitarios para que respondan a los intereses de la sociedad.,20
AND_1990_IU_es.pdf,AND,1990,IU,es,La importancia de la coordinación con otros sectores públicos para abordar problemas de salud multicausales.,15
AND_1990_IU_es.pdf,AND,1990,IU,es,La potenciación y desarrollo del nivel primario de atención y el esfuerzo de la descentralización efectiva hacia el espacio local.,20
AND_1990_IU_es.pdf,AND,1990,IU,es,"Comisiones Obreras de Andalucía AS denominadas conquistas sociales de los trabajadores de todo el mundo, entre las cuales están los servicios sociales, se consideran ya como un derecho de todos los ciudadanos.",32
AND_1990_IU_es.pdf,AND,1990,IU,es,Lo que al comienzo era una preocupación benéfica y paternalista se ha convertido hoy en un derecho explícitamente recogido en nuestra Constitución en varios de sus artículos.,27
AND_1990_IU_es.pdf,AND,1990,IU,es,"Sin embargo, la realidad andaluza muestra que, a pesar del mandato constitucional, subsisten todavía grandes núcleos de ciudadanos sin posibilidades reales de educación, vivienda, sanidad o de cualquiera de los llamados derechos básicos de la persona.",36
AND_1990_IU_es.pdf,AND,1990,IU,es,"Lo anterior no sólo lo dice I.U. Por ejemplo, en la Fundamentación del Plan Regional de Servicios Sociales que el actual Gobierno de la Junta de Andalucía publicó en , leemos, entre otras argumentaciones que: El polo negativo de la desigualdad económica de Andalucía, se encuentra en su mayoría, localizado en los barrios marginados urbanos y semiurbanos y en pequeños núcleos rurales.",62
AND_1990_IU_es.pdf,AND,1990,IU,es,"El estudio identifica Zonas de alto riesgo social en nuestra Comunidad Autónoma, con una población infantil y juvenil menor de años, que supera las.",24
AND_1990_IU_es.pdf,AND,1990,IU,es,"Nótese que el actual Gobierno de la Junta habla de zonas de alto riesgo social con lo que eufemísticamente quiere indicar que se trata de jóvenes y niños andaluces marginados, que viven de modo absolutamente incompatible con lo que exige nuestra Constitución, con un probable futuro de más marginación y rechazo social.",52
AND_1990_IU_es.pdf,AND,1990,IU,es,"DEPARTAMENTO DE LA PROVINCIA DE ANDALUCIA Comisión de Servicios de Andalucía IZQUIERDA UNIDA - CONVOCATORIA POR ANDALUCÍA Pero el estudio mencionado no se detiene ahí, mas adelante (pág. ) añade que: En mayor o menor medida, todo el conjunto de elementos y situaciones descritas anteriormente (se refiere a las existencias en esas zonas), están presentes en la realidad andaluza, si bien los conflictos se agudizan en los barrios marginados.",69
AND_1990_IU_es.pdf,AND,1990,IU,es,"Sin embargo, a pesar del certero diagnóstico de la realidad andaluza, el actual Gobierno de la Junta no sólo no ha abortado este problema y ha hecho caso omiso al mandato del Parlamento de aprobar un Plan Regional de Servicios Sociales, sino que, en el fondo, los problemas se han ido agudizando día a día porque su política económica y social más bien tiende a establecer una sociedad dual, de ricos y pobres, donde los estratos marginados no tienen la menor posibilidad de superar su situación.",86
AND_1990_IU_es.pdf,AND,1990,IU,es,"Para IU-CA, el problema de la marginación social surge como un fenómeno complejo en una sociedad organizada de manera injusta, cuyo origen es el resultado de una combinación de factores que se establecen entre los marginados y los marginantes.",39
AND_1990_IU_es.pdf,AND,1990,IU,es,"Es decir, la situación de marginación aparece como resultado de acciones multidireccionales del estrato social dominante, el cual domina las estructuras de poder, y que actúa sobre otros grupos minoritarios o con dificultades para acceder al poder, encerrándoles en un complejo situacional que denominamos marginalidad.",45
AND_1990_IU_es.pdf,AND,1990,IU,es,"Como rasgo destacado de esta situación, señalamos que es el grupo dominante, que utiliza los mecanismos de poder que tiene a su disposición, el que genera e impulsa las dinámicas desplazadoras de los grupos marginados.",35
AND_1990_IU_es.pdf,AND,1990,IU,es,"Estos, a su vez, responden de múltiples maneras a esta situación.",11
AND_1990_IU_es.pdf,AND,1990,IU,es,"Desde la resignación pasiva, pasando por la inhibición, hasta el rechazo violento e irreflexivo de su situación.",17
AND_1990_IU_es.pdf,AND,1990,IU,es,"Por tanto, toda política que defina estrategias para actuar sobre la marginación, debe ser capaz de actuar SIMULTANEAMENTE tanto sobre los marginados como sobre los marginantes.",26
AND_1990_IU_es.pdf,AND,1990,IU,es,"Esto quiere decir, entre otras cosas, que debe establecerse con claridad la relación entre política económica y política social, no subordinada en ningún caso esta última a la política económica, como hoy hace el Gobierno de la Junta de Andalucía.",40
AND_1990_IU_es.pdf,AND,1990,IU,es,"Esta es la política diferenciadora de IU-CA respecto a las que políticamente pretenden poner el acento exclusivamente sobre los marginados, olvidándose de los marginantes, y que entienden a aquéllos como grupos extraños, disfuncionales a la sociedad y que es preciso integrar en ésta.",43
AND_1990_IU_es.pdf,AND,1990,IU,es,"Nuestra crítica se apoya en el hecho inobjetable de la existencia en nuestra Comunidad Autónoma, reconocida por el propio Gobierno socialista andaluz, de grandes bolsas de pobreza y extrema pobreza en las que viven centenares de miles de ciudadanos en condiciones inaceptables.",42
AND_1990_IU_es.pdf,AND,1990,IU,es,"Esto significa que la gestión socialista se ha caracterizado fundamentalmente por: a) La subordinación permanente de la política social a la política económica, lo cual ha significado la profundización permanente de la brecha existente entre ricos y pobres en nuestra Comunidad Autónoma.",42
AND_1990_IU_es.pdf,AND,1990,IU,es,El carácter de los servicios y prestaciones sociales mantiene una filosofía paternalista y de control social al reforzar la dependencia institucional de los demandantes.,24
AND_1990_IU_es.pdf,AND,1990,IU,es,"Un ejemplo claro de esta situación podría darse con el llamado salario social si con el mismo se busca como objetivo político final, el sometimiento pasivo de los ciudadanos marginados económicamente.",31
AND_1990_IU_es.pdf,AND,1990,IU,es,"Comisiones Obreras de Andalucía IZQUIERDA UNIDA - CONVOCATORIA POR ANDALUCÍA c) La falta de planificación social, que se demuestra en el hecho objetivo de la ausencia de voluntad política para discutir en el Parlamento Andaluz, el Plan Regional de Servicios Sociales, Proyecto que duerme el sueño de los justos hace ya más de un año y medio. d) Se insiste en primar el factor asistencial y de tratamiento, descuidando el acento en los factores de prevención.",76
AND_1990_IU_es.pdf,AND,1990,IU,es,De este modo se favorecen políticas dirigidas a los servicios especializados sin potenciar paralelamente programas de prevención y rehabilitación.,19
AND_1990_IU_es.pdf,AND,1990,IU,es,"e) No se impulsa el proceso de descentralización y participación, explicitando en la ley de Servicios Sociales aprobada por el parlamento andaluz tendiendo más bien a una nueva centralización dirigida, ahora, desde Sevilla.",33
AND_1990_IU_es.pdf,AND,1990,IU,es,"f) Ausencia total de control y seguimiento del uso de los fondos públicos, que son otorgados discrecionalmente vía subvenciones dirigidas, en especial, a instituciones privadas.",25
AND_1990_IU_es.pdf,AND,1990,IU,es,g) Ausencia total de una estrategia dirigida al personal de trabajadores de los servicios sociales.,15
AND_1990_IU_es.pdf,AND,1990,IU,es,Este sector de trabajadores es fundamental para el sometimiento y desarrollo de cualquier política de servicios sociales.,17
AND_1990_IU_es.pdf,AND,1990,IU,es,Sin embargo el Gobierno socialista ha sido incapaz de estructurar programas que apunten a una mayor dignificación y eficacia de su labor.,22
AND_1990_IU_es.pdf,AND,1990,IU,es,"h) Subordinación de los servicios sociales a criterios médicos, ajenos a la realidad que ven y analizan los profesionales del trabajo social.",22
AND_1990_IU_es.pdf,AND,1990,IU,es,"Esto se advierte, por ejemplo, en los criterios que definen las áreas de trabajo social, las que se han subordinado áreas de acción sanitaria, lo que se traduce en improvisación y mala gestión administrativa de los recursos del Instituto Andaluz de Servicios Sociales.",43
AND_1990_IU_es.pdf,AND,1990,IU,es,"En resumen la política socialista dirigida a los servicios sociales se ha caracterizado durante estos últimos cuatro años por su total dependencia a la política económica de corte liberal impulsada por el Gobierno socialista, por falta total de planificación, seguimiento y control de los programas sociales financiados con dinero público, especialmente aquellos que desarrollan empresas privadas, y que por falta de cumplimiento de sus propios compromisos, entre los cuales el Plan Regional de Servicios Sociales es sólo un pequeño ejemplo.",80
AND_1990_IU_es.pdf,AND,1990,IU,es,"Un gobierno de la Junta de Andalucía, presidido por IU-CA, en cuanto al desarrollo de una política dirigida a los servicios sociales, se caracterizaría por la adopción de las siguientes medidas sociales: a) Una estrecha interrelación entre las estrategias políticas, sociales y las económicas.",44
AND_1990_IU_es.pdf,AND,1990,IU,es,"En este sentido, los servicios sociales vendrían a ser un instrumento importante de redistribución de la riqueza generada por los trabajadores.",21
AND_1990_IU_es.pdf,AND,1990,IU,es,"b) Una descentralización, democratización e impulso a la participación efectiva tanto de los usuarios, como de los Ayuntamientos y Diputaciones en los programas que el Gobierno de la Junta de Andalucía dirigida a los servicios sociales.",36
AND_1990_IU_es.pdf,AND,1990,IU,es,Para llevar a la práctica estas medidas existen varias posibilidades.,10
AND_1990_IU_es.pdf,AND,1990,IU,es,"Las más importantes, a juicio de IU-CA, son las que exponemos en las siguientes páginas.",15
AND_1990_IU_es.pdf,AND,1990,IU,es,Comisiones Obreras de Andalucía IZQUIERDA UNIDA - CONVOCATORIA POR ANDALUCÍA,10
AND_1990_IU_es.pdf,AND,1990,IU,es,"El Gobierno de la Junta está obligado, por mandato parlamentario, a aprobar un Plan para los Servicios Sociales andaluces.",19
AND_1990_IU_es.pdf,AND,1990,IU,es,"Sin embargo, esto no se ha realizado, manteniéndose una situación que se caracteriza por una mala gestión administrativa, improvisación permanente y, lo que es peor, ausencia de una estrategia clara de desarrollo de los servicios sociales.",36
AND_1990_IU_es.pdf,AND,1990,IU,es,"La idea de aprobar un Plan a corto, medio y largo plazo, pretende cambiar la actual situación, reconducirla de modo coordinado con Diputaciones y Ayuntamientos y asignar los recursos humanos, materiales económicos que permitan, de modo efectivo, superar las actuales bolsas de pobreza y extrema pobreza existentes en nuestra Comunidad Autónoma.",51
AND_1990_IU_es.pdf,AND,1990,IU,es,Los principios que debería contemplar el Plan son los siguientes: - De coordinación con la planificación económica que deberá desarrollar el Gobierno de la Junta de Andalucía.,27
AND_1990_IU_es.pdf,AND,1990,IU,es,"- De seguimiento, control y evaluación del uso de los dineros públicos, utilizados especialmente por el sector privado de los servicios sociales.",22
AND_1990_IU_es.pdf,AND,1990,IU,es,"- De descentralización, entendiendo a ésta como una forma real y efectiva de integración de todos los andaluces en un proyecto social que pretenda profundizar en la democracia, generar riqueza y distribuir el poder y los recursos, mediante el consenso activo.",41
AND_1990_IU_es.pdf,AND,1990,IU,es,"- De formación permanente del personal de trabajadores sociales y de puesta en marcha de una carrera profesional, en la cual los as- IU-CA, con los dos instrumentos señalados, en los puntos anteriores, potenciará y reforzará la Red Pública de Servicios Sociales, de tal modo que ningún andaluz tenga problemas para ejercer los derechos que, en esta área, están definidos por nuestra Constitución.",63
AND_1990_IU_es.pdf,AND,1990,IU,es,"El trabajo fundamental se dirigirá a la ampliación y consolidación de los servicios sociales comunitarios, estableciendo una Red en toda Andalucía que haga efectivos los servicios de: - Información, valoración y orientación - Prevención y reinserción - Promoción del tejido social - Ayuda a domicilio La cobertura gradual de esta Red se dará según los siguientes principios: - De Planificación y programación - De unificación en el marco del Sistema Público de Servicios Sociales con la integración de todos los recursos públicos existentes.",83
AND_1990_IU_es.pdf,AND,1990,IU,es,- De organización de equipos humanos con alta capacidad de desplazamiento hacia los puntos de atención.,16
AND_1990_IU_es.pdf,AND,1990,IU,es,- De participación social.,4
AND_1990_IU_es.pdf,AND,1990,IU,es,Comisiones Obreras de Andalucía IZQUIERDA UNIDA - CONVOCATORIA POR ANDALUCÍA En cuanto a los servicios sociales especializados éstos se restructurarán conforme a los siguientes principios: De planificación y programación De superación de las desigualdades relativas De participación de los usuarios Programa de apoyo a la desinstitucionalización de menores.,48
AND_1990_IU_es.pdf,AND,1990,IU,es,Programas para la erradicación de la mendicidad infantil.,8
AND_1990_IU_es.pdf,AND,1990,IU,es,"Programa de creación de equipamientos de tiempo libre dirigidos a menores en sus barrios y pueblos (ludotecas, talleres de tiempo libre, polideportivos) Fomento de equipo de apoyo escolar.",28
AND_1990_IU_es.pdf,AND,1990,IU,es,Programas de reinserción social de menores que han delinquido.,9
AND_1990_IU_es.pdf,AND,1990,IU,es,"Programa de creación de escuelas infantiles de carácter gratuito con servicios de transporte y comedor y concepción educativa de las mismas Para que estos programas de intervención en menores sean realmente operativos se han de coordinar todas las Instituciones Públicas y privadas con competencias en menores - Justicia, Educación, Policía,.",50
AND_1990_IU_es.pdf,AND,1990,IU,es,Supresión de barreras arquitectónicas en todos los centros docentes.,9
AND_1990_IU_es.pdf,AND,1990,IU,es,"Formación del profesorado -EGB, Enseñanzas Medias, Formación Profesional, Universidad,.- Aumento de prestaciones sociales (Servicios de Ayuda a Domicilio) y económicas, cuyos beneficiarios sean tanto los propios minusválidos como sus familiares.",30
AND_1990_IU_es.pdf,AND,1990,IU,es,Medidas más favorables de desgravación fiscal.,6
AND_1990_IU_es.pdf,AND,1990,IU,es,"Aumento progresivo de Centros de rehabilitación que eviten las actuales listas de espera, estableciendo una red móvil de diagnósticos y rehabilitación para atención al minusválido en su propio entorno.",29
AND_1990_IU_es.pdf,AND,1990,IU,es,"En toda la planificación y gestión de los servicios, tendrán especial relieve la participación de los sectores implicados, particularmente las Asociaciones de Familiares y usuarios.",25
AND_1990_IU_es.pdf,AND,1990,IU,es,"Los objetivos básicos que IU-CA plantea para la Tercera Edad son: Cubrir las necesidades básicas de alimentos, salud y vivienda, permitiendo mantener la relación social del anciano con su entorno, devolviéndoles su sentido de pertenencia a la comunidad, haciéndoles útiles para la sociedad de la que siguen formando parte.",49
AND_1990_IU_es.pdf,AND,1990,IU,es,Comisiones Obreras de Andalucía IZQUIERDA UNIDA - CONVOCATORIA POR ANDALUCÍA Estimular la participación de los ancianos de manera que sean factor activo en la lucha por sus derechos y por la superación de la marginación que genera la actual estructura de la sociedad.,43
AND_1990_IU_es.pdf,AND,1990,IU,es,"Protección económica, proporcionando pensiones acordes con el coste real de la vida, así como tomando las medidas precisas para mantener su residencia en el entorno habitual.",26
AND_1990_IU_es.pdf,AND,1990,IU,es,Pequeñas residencias enclavadas en el entorno habitual del anciano.,9
AND_1990_IU_es.pdf,AND,1990,IU,es,Residencias de ancianos con enfermedades crónicas que impiden su permanencia en su medio.,13
AND_1990_IU_es.pdf,AND,1990,IU,es,"La compleja génesis y desarrollo histórico de la marginación gitana obliga, desde la perspectiva del sistema Público de Servicios Sociales a abordar esta problemática, especialmente a partir de los Servicios Sociales Comunitarios.",32
AND_1990_IU_es.pdf,AND,1990,IU,es,"Así se fundamenta la necesidad del Plan Andaluz para la comunidad gitana, aprobado por la comisión delegada de Bienestar Social de la Junta de Andalucía el de abril de , pero cuyos resultados y actuaciones están aún muy lejos de ser una realidad.",43
AND_1990_IU_es.pdf,AND,1990,IU,es,"La comunidad gitana en Andalucía se caracteriza por importantes deficiencias en el campo de la salud, educación, vivienda, prestaciones sociales.",20
AND_1990_IU_es.pdf,AND,1990,IU,es,", cuya consecuencia más inmediata es la marginación de esta comunidad.",11
AND_1990_IU_es.pdf,AND,1990,IU,es,IU-CA considera imprescindible que el principio de igualdad para lo que hay que adoptar medidas concretas que eviten la discriminación social del pueblo gitano.,24
AND_1990_IU_es.pdf,AND,1990,IU,es,Esta marginación y segregación viene dada por la existencia de dependencias.,11
AND_1990_IU_es.pdf,AND,1990,IU,es,"Los más marginados no tienen poder, ni parte de él, pero lo peor de todo es que tampoco tienen el dominio necesario del código cultural para hacer, deshacer y reclamar.",30
AND_1990_IU_es.pdf,AND,1990,IU,es,"La convivencia y el conocimiento mutuo deben ser la base sobre la que establecer nuevas relaciones entre gitanos y no gitanos, necesaria para el mantenimiento de la comunidad gitana como grupo diferenciado.",32
AND_1990_IU_es.pdf,AND,1990,IU,es,Posibilitar y favorecer la interrelación social y cultural entre gitanos y no gitanos.,13
AND_1990_IU_es.pdf,AND,1990,IU,es,"Despertar en el gitano el interés para que demande información y orientación sobre los recursos sociales existentes, como medio de solucionar sus necesidades y como salida a la marginación y pobreza.",31
AND_1990_IU_es.pdf,AND,1990,IU,es,Fomentar el asociacionismo entre los gitanos como medio de evitar la desaparición de su cultura.,15
AND_1990_IU_es.pdf,AND,1990,IU,es,Erradicar el chabolismo con actuaciones concretas en las barriadas marginales.,10
AND_1990_IU_es.pdf,AND,1990,IU,es,Total desarrollo e implantación de los Centros Socio-Culturales de gitanos en Andalucía.,12
AND_1990_IU_es.pdf,AND,1990,IU,es,Comisiones Obreras de Andalucía IZQUIERDA UNIDA - CONVOCATORIA POR ANDALUCÍA La existencia en Andalucía de núcleos importantes de extrema pobreza es inaceptable desde todo punto de vista.,27
AND_1990_IU_es.pdf,AND,1990,IU,es,"De ahí la necesidad urgente de elaborar y poner en marcha un Plan nacional contra la pobreza, que signifique un primer paso en la superación de esta injusticia.",28
AND_1990_IU_es.pdf,AND,1990,IU,es,Este Plan debe estructurarse según los siguientes criterios fundamentales: La pobreza y extrema pobreza andaluza no se puede superar si no existe voluntad política de los gobernantes para hacerlo.,29
AND_1990_IU_es.pdf,AND,1990,IU,es,La solución a los problemas de la pobreza y de la extrema pobreza comenzará cuando se aplique en Andalucía el principio de la redistribución social de los excedentes económicos.,29
AND_1990_IU_es.pdf,AND,1990,IU,es,"La planificación social estrechamente relacionadas con la planificación económica, es un instrumento idóneo para ayudar a la creación de puestos de trabajo, elemento fundamental para la superación de los niveles de pobreza y extrema pobreza.",35
AND_1990_IU_es.pdf,AND,1990,IU,es,"Otro instrumento importante es la creación de un sistema de educación y formación flexible, que considere las especificaciones de los núcleos de pobreza y extrema pobreza.",26
AND_1990_IU_es.pdf,AND,1990,IU,es,A la situación general de desigualdades sociales hay que añadir lo que ha venido a señalarse como FEMINIZACION DE LA POBREZA.,21
AND_1990_IU_es.pdf,AND,1990,IU,es,"IU-CA cree en la necesidad de establecer unos Servicios Sociales contando con el del total de los Presupuestos de la Junta de Andalucía, dentro de la filosofía de la consolidación de los Servicios Sociales comunitarios.",35
AND_1990_IU_es.pdf,AND,1990,IU,es,"En estos servicios debe haber atención específica para mujeres que vayan paliando esta situación concreta, pero que forzosamente tienen que ir en relación hacia una descentralización, democratización e impulso a la participación, fundamentalmente de las usuarias, en los programas andaluces, para lo que es imprescindible la incorporación en el Consejo de Servicios Sociales de las organizaciones de mujeres.",58
AND_1990_IU_es.pdf,AND,1990,IU,es,"Algunas de las alternativas y propuestas que establecemos, además de las contenidas en este programa, como mínimas para paliar en nuestra Comunidad Autónoma la creciente feminización de la pobreza son: .",31
AND_1990_IU_es.pdf,AND,1990,IU,es,"En zonas agrícolas e industriales, garantizar por medio de ayudas, los comedores escolares, y el fomento de los comedores de empresas, de barrio, distrito,.",24
AND_1990_IU_es.pdf,AND,1990,IU,es,"Ayudas específicas a familias monoparentales (desde la posibilidad de becas escolares, viviendas,.) .",13
AND_1990_IU_es.pdf,AND,1990,IU,es,Red de casa para mujeres maltratadas (casas de acogida) .,10
AND_1990_IU_es.pdf,AND,1990,IU,es,Cupo de viviendas para residencias temporales para mujeres maltratadas.,9
AND_1990_IU_es.pdf,AND,1990,IU,es,Atención a mujeres solas en el pre y postparto.,9
AND_1990_IU_es.pdf,AND,1990,IU,es,"Plan específico en Andalucía contra la feminización de la pobreza (familias monoparentales, mujeres separadas, viudas,.",15
AND_1990_IU_es.pdf,AND,1990,IU,es,"Comisiones Obreras de Andalucía Un plan alternativo de lucha contra la droga Comisiones Obreras de Andalucía A LA hora de analizar la problemática de las drogodependencias, aunque sólo sea para una comprensión funcional, vamos a distinguir tres aspectos de las mismas, interrelacionados, pero con dimensiones diferenciadas que deben tenerse en cuenta, tanto en la explicación de sus causas, como en la formulación de alternativas.",64
AND_1990_IU_es.pdf,AND,1990,IU,es,"Todo ello dando prioridad al estudio de las llamadas drogas duras ilegales, tales como la heroína, la cocaína, el crack, etc, por la relevancia que en estos momentos tienen.",29
AND_1990_IU_es.pdf,AND,1990,IU,es,Nos encontramos pues ante: .,5
AND_1990_IU_es.pdf,AND,1990,IU,es,Un gran negocio internacional.,4
AND_1990_IU_es.pdf,AND,1990,IU,es,Un problema de salud.,4
AND_1990_IU_es.pdf,AND,1990,IU,es,"El sector de bienes ilegales constituye una parte importante en los procesos de acumulación de capital, insertándose posteriormente en los circuitos financieros y en el funcionamiento de la economía legal.",30
AND_1990_IU_es.pdf,AND,1990,IU,es,"La venta clandestina de alcohol en los EE.UU. de los años y , el dinero procedente del consumo de opio en China hacia Inglaterra como resultado de la guerra del opio de .",33
AND_1990_IU_es.pdf,AND,1990,IU,es,", tienen su correlato en los actuales circuitos de venta ilegal de armas, narcotráfico, ejército mercenario, etc.",17
AND_1990_IU_es.pdf,AND,1990,IU,es,"Sabemos pues que la droga es un fenómeno internacional, pero es sobre todo y ante todo, un negocio internacional.",19
AND_1990_IU_es.pdf,AND,1990,IU,es,Un negocio que tiene sus Comisiones Obreras de Andalucía IZQUIERDA UNIDA - CONVOCATORIA POR ANDALUCÍA orígenes en la delincuencia local organizada y cuya distribución corre a cargo de organizaciones criminales internacionales.,31
AND_1990_IU_es.pdf,AND,1990,IU,es,"Los últimos datos oficiales, siempre incompletos ante la ausencia de un trabajo documental riguroso, indican que los beneficios producidos por el narcotráfico anualmente están cifrados en billones de pesetas.",29
AND_1990_IU_es.pdf,AND,1990,IU,es,"La falta de apoyo de los países ricos al desarrollo de los países productores de estupefacientes, la ausencia de programas eficaces de reconversión de cultivos y el expolio y la miseria a que se somete a los campesinos están acompañados por políticas sociales en el mundo desarrollado que dejan intactas las raíces de la desigualdad y la miseria.",58
AND_1990_IU_es.pdf,AND,1990,IU,es,"El dualismo social con las secuelas de la marginación, paro juvenil, fracaso escolar, etc, que convive en las grandes ciudades con la exacerbación del consumo como valor social son caldo de cultivo adecuado para la búsqueda de paraísos artificiales, la ocasión y el dinero fácil.",45
AND_1990_IU_es.pdf,AND,1990,IU,es,"La aparente respetabilidad de países que constituyen centros de conexión del blanqueo de dinero pone de manifiesto el escaso interés de los países y de las organizaciones internacionales en liquidar este fenómeno, ya que hasta ahora la comunidad internacional no ha adoptado medidas contra esta práctica ni contra los países que las auspician.",53
AND_1990_IU_es.pdf,AND,1990,IU,es,Existe pues una industria y un mercado de las drogas que cuenta con una estructura oligopolista y jerarquizada que funciona como una multinacional no sometida a ningún tipo de control.,30
AND_1990_IU_es.pdf,AND,1990,IU,es,"En este sentido, radicaliza las características negativas de las empresas multinacionales: controla los precios, ya que el acceso a las fuentes de producción y distribución es prácticamente imposible sin una organización criminal; la relación que se establece entre calidad y precio de la mercancía es muy débil (el precio es prácticamente constante y la calidad depende de la oferta); trata desigualmente al consumidor en función de su capacidad adquisitiva; explota en los dos extremos de la cadena de intercambio: al productor y al consumidor.",84
AND_1990_IU_es.pdf,AND,1990,IU,es,A pesar de todo lo anterior existen algunos factores diferenciadores: - En primer lugar el tráfico en sus últimos eslabones no está profesionalizado.,23
AND_1990_IU_es.pdf,AND,1990,IU,es,Adulteraciones y sobredosis lo demuestran así.,6
AND_1990_IU_es.pdf,AND,1990,IU,es,Dada las características de tolerancia y dependencia - tanto física como psíquica- que llevan implícitas las drogas cuando existen una oferta garantizada y regular se crea una demanda estable que tiende a crecer.,33
AND_1990_IU_es.pdf,AND,1990,IU,es,"Por otra parte, los toxicómanos y farmacodependientes que carecen de recursos económicos para procurarse la dosis se convierte en muchos casos en revendedores que inducen al consumo a otros ampliando el mercado.",32
AND_1990_IU_es.pdf,AND,1990,IU,es,"- En segundo lugar, dado el alto precio de las drogas duras y el efecto de tolerancia que comportan como resultado del incremento necesario en el consumo incrementa la oferta de otros bienes y servicios ilegales que se ven favorecidos de una fuerza de trabajo barata y controlable.",48
AND_1990_IU_es.pdf,AND,1990,IU,es,"De ahí, el florecimiento de ramas ilegales como la prostitución, las sustraciones de todo tipo, etc.",16
AND_1990_IU_es.pdf,AND,1990,IU,es,Investigaciones específicas realizadas en distintas zonas,6
AND_1990_IU_es.pdf,AND,1990,IU,es,", así como la relación de detenidos por provincia nos permite afirmar que existe una implantación generalizada del consumo de drogas duras que incide fuertemente en Madrid, Barcelona, Cádiz y País Vasco.",32
AND_1990_IU_es.pdf,AND,1990,IU,es,"La demanda está estabilizada y crece lentamente en las zonas antes mencionadas, siendo su incremento más rápido en lugares donde hasta ahora no había estado presente.",26
AND_1990_IU_es.pdf,AND,1990,IU,es,"Con respecto a los precios, son prácticamente uniformes para todo el país.",12
AND_1990_IU_es.pdf,AND,1990,IU,es,En relación con las prácticas de control de los posibles competidores ahí tenemos como prueba de su existencia los ajustes de cuentas entre bandas rivales que se producen sistemáticamente.,29
AND_1990_IU_es.pdf,AND,1990,IU,es,"Nos encontramos pues, con un auténtico mercado nacional de las drogas en España.",13
AND_1990_IU_es.pdf,AND,1990,IU,es,En paralelo se producen dos fenómenos complementarios.,7
AND_1990_IU_es.pdf,AND,1990,IU,es,"El primero es la conexión ya comprobada entre las mafias extranjeras y ciertos negocios inmobiliarios en España que actúa también Comisiones Obreras de Andalucía IZQUIERDA UNIDA - CONVOCATORIA POR ANDALUCÍA como país de residencia de conocidos mafiosos, especialmente en las zonas costeras.",42
AND_1990_IU_es.pdf,AND,1990,IU,es,"En segundo lugar, la extensión del sector de bienes y servicios ilegales y para legales, así como la influencia de dinero de pagarés del tesoro y seguros de prima única.",30
AND_1990_IU_es.pdf,AND,1990,IU,es,"La conclusión a todo lo anterior pueden ponerla las palabras del juez Falconi en una entrevista concedida a una revista española: La Mafia debe introducirse en los otros gang europeos, e incluso en las estructuras políticas y económicas de los países colaboradores.",42
AND_1990_IU_es.pdf,AND,1990,IU,es,"Con tal fin corrompe, amenaza, asesina, y no sólo en Palermo, la Mafia ha penetrado profundamente en España, Francia, Bélgica, Inglaterra, Alemania, Holanda e incluso en Suecia.",27
AND_1990_IU_es.pdf,AND,1990,IU,es,"IU-CA considera que la actual situación se caracteriza por la existencia a nivel nacional e institucional de un fuerte poder económico, el narcotráfico, que conlleva necesariamente ramificaciones políticas que inducen a la corrupción y al soborno.",36
AND_1990_IU_es.pdf,AND,1990,IU,es,"El narcotráfico es, además de un peligro para la salud psíquica, un peligro para la democracia sin que se puedan obviar responsabilidades tanto nacionales como europeas por parte de los gobiernos que han asistido al nacimiento y desarrollo del fenómeno sin adoptar medidas eficaces.",44
AND_1990_IU_es.pdf,AND,1990,IU,es,La droga como fenómeno social está presente desde hace siglos en la Historia de la Humanidad.,16
AND_1990_IU_es.pdf,AND,1990,IU,es,"Podemos apuntar, de forma muy genérica, que a lo largo del tiempo, el hombre, ante sus frustraciones vitales, el dolor, la angustia, o la ansiedad, en cada momento y según las pautas culturales existentes, ha buscado el alivio, la superación o la desconexión de todo aquello que le resultaba agresivamente ingrato, y que diferentes sustancias, naturales o sintéticas han contribuido positivamente a ello.",63
AND_1990_IU_es.pdf,AND,1990,IU,es,"Aunque es necesario reconocer asimismo que, en muchas ocasiones, la dependencia producida por algunas sustancias ha ido generando una alienación que de forma progresiva ha secuestrado capacidades intelectuales y de relación, así como produciendo enfermedades de carácter grave y conflictos sociales de importancia.",43
AND_1990_IU_es.pdf,AND,1990,IU,es,"Hoy en día el consumo de tabaco, alcohol, barbitúricos, hipnóticos, sedantes, etc, son expresión de primera magnitud del conflicto que el ser humano tiene en sus relaciones sociales, culturales, y económicas.",31
AND_1990_IU_es.pdf,AND,1990,IU,es,"Sin embargo, al hablar de drogodependencias, del problema de la droga, no se apunta a estas sustancias de consumo legal y toleradas socialmente, sino particularmente se hace referencia a la heroína, la cocaína o el crack como principales protagonistas.",39
AND_1990_IU_es.pdf,AND,1990,IU,es,Ello es debido fundamentalmente al conflicto social que generan.,9
AND_1990_IU_es.pdf,AND,1990,IU,es,Y en este aspecto es en el que vamos a fijar precisamente nuestra atención.,14
AND_1990_IU_es.pdf,AND,1990,IU,es,Porque sólo en la medida en que los problemas colaterales que llevan aparejados algunas drogodependencias se hacen relevantes surge lógicamente la preocupación social.,23
AND_1990_IU_es.pdf,AND,1990,IU,es,"Una encuesta reciente recoge la droga como primer problema, tras el paro, para una mayoría de ciudadanos.",17
AND_1990_IU_es.pdf,AND,1990,IU,es,"Pensamos que tras esta opinión pesa considerablemente la relación de la heroína con la problemática juvenil, la delincuencia y la seguridad ciudadana, el contagio del SIDA y, también, los conflictos internacionales de envergadura que tienen como protagonista la producción y comercialización de la cocaína.",44
AND_1990_IU_es.pdf,AND,1990,IU,es,"Son las drogas duras ilegales por ser peligrosas, o son peligrosas porque son ilegales?",14
AND_1990_IU_es.pdf,AND,1990,IU,es,Pensamos que situar el planteamiento del problema en este aspecto es demasiado simplista.,13
AND_1990_IU_es.pdf,AND,1990,IU,es,"Bastaría entonces con legalizarlas para que dejasen de ser peligrosas y esto no es cierto: Su impacto en la salud, lo mismo que las legales, y en distinto grado, está fuera de duda.",33
AND_1990_IU_es.pdf,AND,1990,IU,es,"Dependiendo de la sustancia, en el tiempo la dependencia genera alienación, disminución de capacidades propias y limitación de la libertad, aunque esto esté en función de las características de la droga, la dosis administrada, el tiempo de consumo, el propio autocontrol, etc.",42
AND_1990_IU_es.pdf,AND,1990,IU,es,"Lo cierto es que en todos los ámbitos el problema de las drogodependencias, específicamente las drogas duras ilegales y con más relevancia la Comisiones Obreras de Andalucía IZQUIERDA UNIDA - CONVOCATORIA POR ANDALUCÍA heroína, supone un motivo de gran preocupación al que hay que dar respuesta y alternativas concretas.",49
AND_1990_IU_es.pdf,AND,1990,IU,es,"Los datos referidos en Andalucía, por parte del Comisionado de la Droga, indican que de los casos de inicio de tratamientos atendidos, el , son debidos a la heroína, que la situación laboral de estos jóvenes en un , es de paro, búsqueda de primer empleo o trabajo ocasional; que su nivel de estudios está en casi un entre analfabetos (,), sin estudios (,), Primaria (,) y EGB (,).",69
AND_1990_IU_es.pdf,AND,1990,IU,es,"Que los delitos previos a su situación de drogodependencia es nulo en un , y, sin embargo, posterior a esta sobrepasa el .",23
AND_1990_IU_es.pdf,AND,1990,IU,es,"Este colectivo es sólo una parte del problema, pues es sabido que acuden a iniciar tratamientos sólo en situación de gran dificultad y tras varios años de consumo, siendo indicativa la cifra de un de toxicómanos fallecidos que no habían acudido jamás a ningún centro de tratamiento.",47
AND_1990_IU_es.pdf,AND,1990,IU,es,"Y todo ello nos explica suficientemente que, en este aspecto específico, la población de riesgo es aquella que se acerca progresivamente a los circuitos de marginalidad en un proceso que se inicia por múltiples factores familiares, de fracaso escolar, de situación deficitaria en aspectos económico-culturales y del entorno.",48
AND_1990_IU_es.pdf,AND,1990,IU,es,Y que precisamente por ello en muchas ocasiones la respuesta social es discriminatoria e intolerante.,15
AND_1990_IU_es.pdf,AND,1990,IU,es,"Aunque cada vez más el peso de la demanda se dirige a la exigencia de la curación o solución del problema que a medidas represivas, teniendo éstas aún un considerable apoyo social.",32
AND_1990_IU_es.pdf,AND,1990,IU,es,En este contexto las alternativas y actitudes son de diversa índole y van desde quienes plantean el endurecimiento de las medidas represivas con la penalización incluso del consumo hasta quienes sostienen la necesidad de legalización del tráfico de todo tipo de drogas.,42
AND_1990_IU_es.pdf,AND,1990,IU,es,"En principio hemos de apostar por el cambio de actitudes y comportamientos que sugieren medidas represivas, discriminatorias o de incremento de la marginalidad.",23
AND_1990_IU_es.pdf,AND,1990,IU,es,"Por tanto, han de descartarse medidas de penalización del consumo, endurecimiento de penas a los adictos y otras que vulneran el Estado de derecho o las libertades personales.",28
AND_1990_IU_es.pdf,AND,1990,IU,es,"En este sentido es reprobable -tal y como señala el Grupo de Toxicómanos de la CE- la extensión indiscriminada que están teniendo las pruebas de detección de drogas que se realizan en la selección de personal en las empresas y que en muchas ocasiones, además del signo casi policial que conllevan, es una forma de controlar la entrada de emigrantes.",60
AND_1990_IU_es.pdf,AND,1990,IU,es,Y también es evidente que el riesgo y profusión de drogodependencia y sus consecuencias para la salud son mayores en la cárcel.,22
AND_1990_IU_es.pdf,AND,1990,IU,es,"Resulta, pues necesario el situar el problema en la perspectiva de la libertad personal, de la salud comunitaria y la convivencia democrática.",22
AND_1990_IU_es.pdf,AND,1990,IU,es,"Y en consecuencia, plantearlo claramente debe sus raíces socioeconómicas y culturales.",11
AND_1990_IU_es.pdf,AND,1990,IU,es,"Ahí estaría la primera cuestión a resolver, es decir, las medidas preventivas en su vertiente socioeconómica y cultural, que comprenden evidentemente transformar aspectos importantes de la sociedad, como la insolidaridad, el consumismo desmesurado, la intolerancia, sus desequilibrios y desigualdades en el acceso a la cultura, al empleo, a la calidad de vida.",52
AND_1990_IU_es.pdf,AND,1990,IU,es,"Es sólo en este contexto, y en base a este compromiso social y de todas las instituciones, desde el que se puede hablar de legalización de la droga, que no legalización indiscriminada del tráfico.",34
AND_1990_IU_es.pdf,AND,1990,IU,es,"Legalización incontrolada en una sociedad llena de marginación y de frustraciones individuales y colectivas, significa aparcar o introducir en vía muerta a miles de personas sin salida para garantizar fundamentalmente la eliminación de la conflictiva social -seguridad ciudadana- sin más allá, lo que objetivamente no es solución al problema, sino solución a una parte del problema que sienten más precisamente los no afectados.",63
AND_1990_IU_es.pdf,AND,1990,IU,es,"La legalización de las drogas, en resumen ha de situarse en un marco de compromisos institucional y social por una sociedad distinta y más promoviesta y su debate último y decisorio ha de acometerse en ámbitos internacionales, pues esta medida en países aislados resulta en la práctica insuficiente e ineficaz.",50
AND_1990_IU_es.pdf,AND,1990,IU,es,Comisiones Obreras de Andalucía IZQUIERDA UNIDA - CONVOCATORIA POR ANDALUCÍA Es incuestionable la repercusión sobre la salud pública e individual de las drogodependencias.,23
AND_1990_IU_es.pdf,AND,1990,IU,es,Baste señalar que las muertes debidas a causas de las drogas y a los accidentes de tráfico por consumo excesivo de alcohol entre los jóvenes son las dos primeras causas de muerte entre estos.,34
AND_1990_IU_es.pdf,AND,1990,IU,es,adictos fallecieron en .,4
AND_1990_IU_es.pdf,AND,1990,IU,es,"(la gran mayoría por el consumo de heroína en sobredosis o adulteraciones), y se prevé que estas cifras se doblarán cada año.",22
AND_1990_IU_es.pdf,AND,1990,IU,es,España representa el crecimiento más rápido del mundo por fallecimientos a causas de la droga.,15
AND_1990_IU_es.pdf,AND,1990,IU,es,Entre el de los accidentes laborales mortales son debidos al alcohol u otras drogas.,14
AND_1990_IU_es.pdf,AND,1990,IU,es,"España es el tercer país de Europa en número en casos de SIDA, con una proporción mayor que el resto de los países.",23
AND_1990_IU_es.pdf,AND,1990,IU,es,"En Andalucía, las provincias de Sevilla, Cádiz y Málaga son las que más casos registran de toxicómanos que inician tratamiento.",20
AND_1990_IU_es.pdf,AND,1990,IU,es,En el campo de Gibraltar la media de afectados está por encima de la del Estado.,16
AND_1990_IU_es.pdf,AND,1990,IU,es,"Ante este problema de salud nos encontramos, sin embargo, con una falta de medidas preventivas en todos los campos y con un dispositivo sanitario público que no asume la asistencia a los toxicómanos de drogas ilegales.",36
AND_1990_IU_es.pdf,AND,1990,IU,es,"Se ha configurado en Andalucía una red paralela, los Centros Provinciales de Drogodependencias, que con escasos recursos y centralizados en las capitales de provincias, han de atender miles de casos de forma compartimentada, sin conexión con el entorno de los afectados, ni posibilidades de un seguimiento adecuado de los mismos.",50
AND_1990_IU_es.pdf,AND,1990,IU,es,"Los CPD van recibiendo la derivación del problema desde todos los ámbitos asistenciales, lo que contribuye a la marginalidad en la atención de estos enfermos.",25
AND_1990_IU_es.pdf,AND,1990,IU,es,"De otra parte, los Centros Privados, la mayoría de elevado coste, no garantizan en modo alguno la rehabilitación ni la reinserción social, al no estar ligados estrechamente al entorno, por lo que, además, no asumen iniciativas sociales de carácter preventivo.",40
AND_1990_IU_es.pdf,AND,1990,IU,es,"Las Asociaciones de autocuidado, o de familiares, así como las entidades sin ánimo de lucro, que pueden jugar un papel relevante, especialmente aquellas por su conexión con la realidad misma y el ámbito preciso del problema, malviven a base de subvenciones inestables que no les permiten asegurar actuaciones a largo plazo y con capacidad suficiente.",55
AND_1990_IU_es.pdf,AND,1990,IU,es,Resulta preocupante esta inoperancia de la Administración ante la problemática de las drogodependencias.,13
AND_1990_IU_es.pdf,AND,1990,IU,es,"Y esto puede conllevar el que, ante la incapacidad de su resolución y las elevadas cifras de recaídas y fracasos terapéuticos, se plantea que esta enfermedad no tiene curación, se deduzca que no exista solución alguna, dando paso entonces a las posiciones drásticas que, de forma indiscriminada, implican la represión en su más amplio sentido, o el abandono en la asunción de las responsabilidades asistenciales que el problema requiere.",69
AND_1990_IU_es.pdf,AND,1990,IU,es,"Ante esto es necesario afirmar que la Administración Pública ha de disponer de medios suficientes para que aquellos que deseen curarse puedan ser desintoxicados, deshabituados e integrados socialmente, actuando para ello desde el dispositivo sanitario y de servicios sociales de forma coordinada.",42
AND_1990_IU_es.pdf,AND,1990,IU,es,Acuerdo entre los Gobiernos para establecer medidas que erradiquen la introducción y legalización del dinero negro procedente del narcotráfico.,19
AND_1990_IU_es.pdf,AND,1990,IU,es,Llevar iniciativas para el debate en el Parlamento Europeo tendentes a tomar medidas internacionales contra el narcotráfico.,17
AND_1990_IU_es.pdf,AND,1990,IU,es,Comisiones Obreras de Andalucía IZQUIERDA UNIDA - CONVOCATORIA POR ANDALUCÍA Acuerdo entre los Gobiernos para la reconversión incentivada de los cultivos de cocaína y otras drogas.,26
AND_1990_IU_es.pdf,AND,1990,IU,es,"Transparencia fiscal y control de los capitales que se introducen en los circuitos especulativos e inmovilarios, pagarés del Tesoro, seguros de prima única, compraventa de lotería premiada, etc.",28
AND_1990_IU_es.pdf,AND,1990,IU,es,No a medidas represivas que vulneren el Estado de Derecho y las libertades individuales.,14
AND_1990_IU_es.pdf,AND,1990,IU,es,"Potenciación de los valores positivos de la persona humana y sus relaciones sociales, incrementando la cultura, el acceso al empleo y a la calidad de vida a todos los sectores sociales, favoreciendo la integración social y solidaria, muy especialmente en la juventud.",42
AND_1990_IU_es.pdf,AND,1990,IU,es,Eliminación progresiva de las bolsas de pobreza y marginalidad.,9
AND_1990_IU_es.pdf,AND,1990,IU,es,Atención preferente a las barriadas y núcleos periféricos con dotación de equipamientos e infraestructura para la ocupación y el tiempo libre.,21
AND_1990_IU_es.pdf,AND,1990,IU,es,Control y disminución de la publicidad de drogas legales como el tabaco y el alcohol.,15
AND_1990_IU_es.pdf,AND,1990,IU,es,"Como enfermedad crónica recidivante que la define la Organización Mundial de la Salud, nos planteamos tres objetivos prioritarios: Salvar la vida de los afectados y mejorar su calidad.",28
AND_1990_IU_es.pdf,AND,1990,IU,es,Evitar que caigan enfermos.,4
AND_1990_IU_es.pdf,AND,1990,IU,es,Comisiones Obreras de Andalucía Información adecuada de las complicaciones originadas por las drogodependencias y las consecuencias de su consumo.,19
AND_1990_IU_es.pdf,AND,1990,IU,es,"Facilitar medios para evitar los contagios de SIDA, hepatitis, etc.",10
AND_1990_IU_es.pdf,AND,1990,IU,es,Ampliar los programas de metadona para aquellos heroinómanos que no deseen entrar en ningún proceso terapéutico.,16
AND_1990_IU_es.pdf,AND,1990,IU,es,"Mejorar las condiciones de vida en las cárceles, facilitando posibilidades de acceso a procesos terapéuticos, tratamientos sustitutivos, y a medios que impidan contagios y complicaciones.",25
AND_1990_IU_es.pdf,AND,1990,IU,es,Propiciar la alternativa de cumplimiento de condenas en centros terapéuticos para toxicómanos condenados a cárcel.,15
AND_1990_IU_es.pdf,AND,1990,IU,es,"Aumento de las dotaciones presupuestarias en Ayuntamientos, Diputaciones Provinciales y Junta de Andalucía para programas que supongan creación de empleo estable y digno para los jóvenes, así como aquellas inversiones para equipamientos y actividades deportivas y culturales que en su ámbito requiere la juventud.",44
AND_1990_IU_es.pdf,AND,1990,IU,es,Aumento de las dotaciones presupuestarias para equipamiento escolar que fomente el deporte y la ocupación del tiempo libre.,18
AND_1990_IU_es.pdf,AND,1990,IU,es,Mejoras en el acceso y condiciones de las Enseñanzas Medias.,10
AND_1990_IU_es.pdf,AND,1990,IU,es,Incremento y desarrollo de la Educación Compensatoria.,7
AND_1990_IU_es.pdf,AND,1990,IU,es,"Introducción de Programas de Educación para la Salud, como medidas de promoción de actitudes positivas ante la vida, en el que participen activamente padres, profesores y alumnos.",27
AND_1990_IU_es.pdf,AND,1990,IU,es,"IZQUIERDA UNIDA - CONVOCATORIA POR ANDALUCÍA Constitución de Seminarios Permanentes del profesorado sobre Prevención de toxicómanos que sirvan para su actualización sobre el tema, puesta en común de experiencias y aplicación de iniciativas coordinadas en este campo.",37
AND_1990_IU_es.pdf,AND,1990,IU,es,"Coordinación y promoción en recursos a los Gabinetes Psicopedagógicos Municipales, con mayor dotación económica desde las Diputaciones, en la detección de grupos de riesgo y programas específicos de integración y superación de problemáticas individuales y de grupo.",37
AND_1990_IU_es.pdf,AND,1990,IU,es,"Aumento de los presupuestos para formación laboral y ocupacional, con la creación de Escuelas Taller y adecuación de los cursos del INEM a la realidad y a las perspectivas de trabajo en el entorno.",34
AND_1990_IU_es.pdf,AND,1990,IU,es,"Promoción adecuada del movimiento asociativo, con especial atención a la Asociaciones de afectados, familiares y amigos, facilitándoles recursos básicos para la información, orientación y actividades preventivas y de rehabilitación, en coordinación con los Servicios Sociales Comunitarios y Sanitarios.",38
AND_1990_IU_es.pdf,AND,1990,IU,es,El abordaje asistencial de las drogodependencias ha de ser integral y coordinando todos los recursos sanitarios y sociales disponibles.,19
AND_1990_IU_es.pdf,AND,1990,IU,es,"Para ello es necesario aumentar los medios de los Centros Provinciales de Drogodependencias, descentralizando los mismos por comarca o municipios -según demanda- e integrándolos en la red pública del SAS y de los Servicios Sociales comunitarios.",36
AND_1990_IU_es.pdf,AND,1990,IU,es,"Con las inversiones pertinentes han de implicarse los servicios sanitarios públicos -Ambulatorios, Centros de Salud, Hospitales, Centros de Salud Mental- en el tratamiento y seguimiento de las toxicomanías, en coordinación con los servicios sociales comunitarios y con la participación activa de las Asociaciones de familiares y afectados en el desarrollo de los programas.",53
AND_1990_IU_es.pdf,AND,1990,IU,es,"El aumento de los Centros o Comunidades Terapéuticas Públicas para aquellos casos en los que la desintoxicación, deshabituación y rehabilitación no sea posible en régimen ambulatorio.",26
AND_1990_IU_es.pdf,AND,1990,IU,es,"La rehabilitación y la reinserción social requieren, previamente con carácter prioritario, el desarrollo de programas, realizados con la participación real de Ayuntamientos y asociaciones ciudadanas y vecinales, dirigidos a la población y a aumentar el conocimiento y formación sobre las drogodependencias, considerando el mismo como problema social en el que resulta fundamental la implicación social para conseguir la integración de los ex-afectados a todos los niveles.",66
AND_1990_IU_es.pdf,AND,1990,IU,es,"Las medidas de rehabilitación y reinserción social suponen el acceso al empleo y a los bienes culturales, para lo que es necesario aumentar los presupuestos para tal fin, no en sentido específico, sino para la población en general -particularmente la juvenil- de la que forman parte los sectores de riesgo y de afectados.",53
AND_1990_IU_es.pdf,AND,1990,IU,es,Estos programas de creación de empleo deben ser potenciados y conectados a las iniciativas locales y comarcales de desarrollo.,19
AND_1990_IU_es.pdf,AND,1990,IU,es,"Hasta ahora, transferidos los recursos económicos del Plan Nacional, el Comisionado ha desarrollado los distintos programas de actuación de forma tecnocrática y cupular.",23
AND_1990_IU_es.pdf,AND,1990,IU,es,"Entendemos que un Plan Alternativo como el que proponemos requiere la actuación concertada de todas las instituciones -especialmente los Comisiones Obreras de Andalucía IZQUIERDA UNIDA - CONVOCATORIA POR ANDALUCÍA ayuntamientos, Diputaciones, Junta de Andalucía, INEM, Universidades, Asociaciones y entidades ciudadanas y sindicatos.",42
AND_1990_IU_es.pdf,AND,1990,IU,es,"Para ello, en primer lugar, el Comisionado para la Droga debe desaparecer, en el concepto actual sobre el que se sustenta, para dar paso a un CONSEJO ANDALUZ de actuaciones contra la droga, en el cual estarán representados: - Los Municipios Andaluces, a través de la FAMP.",47
AND_1990_IU_es.pdf,AND,1990,IU,es,- Las Diputaciones provinciales.,4
AND_1990_IU_es.pdf,AND,1990,IU,es,- La Consejería de Salud y Servicios Sociales.,8
AND_1990_IU_es.pdf,AND,1990,IU,es,- La Consejería de Trabajo.,5
AND_1990_IU_es.pdf,AND,1990,IU,es,- La Consejería de Cultura.,5
AND_1990_IU_es.pdf,AND,1990,IU,es,"- Las Asociaciones Ciudadanas, a través de la FF.AA.VV.",9
AND_1990_IU_es.pdf,AND,1990,IU,es,- El Consejo de la Juventud.,6
AND_1990_IU_es.pdf,AND,1990,IU,es,- Las Asociaciones de Lucha contra la Droga.,8
AND_1990_IU_es.pdf,AND,1990,IU,es,"Este Consejo sería quien planificase los programas y actuaciones contra la drogodependencia, abarcando de forma íntegra todos los ámbitos institucionales y sociales, así como los aspectos preventivos y asistenciales.",29
AND_1990_IU_es.pdf,AND,1990,IU,es,"Se trataría entonces de plasmar un compromiso institucional y social de largo alcance que comprendería las actuaciones municipales, educativas, culturales, sanitarias, laborales, juveniles de formación y de participación ciudadana que de forma coordinada planteasen las distintas medidas, con sus presupuestos respectivos que sería necesario para un abordaje integral y efectivo en la lucha contra las drogodependencias.",56
AND_1990_IU_es.pdf,AND,1990,IU,es,Este Consejo podría dotarse de un Comisión Ejecutiva y de seguimiento y de un portavoz o Delegado como interlocutor permanente ante todos los organismos y en todos los foros de debate.,31
AND_1990_IU_es.pdf,AND,1990,IU,es,"Comisiones Obreras de Andalucía N consonancia con el OBJETIVO ESTRATÉGICO de IUCA HACIA UNA SOCIEDAD DE PLENO EMPLEO, diseñamos nuestro PROGRAMA DE GOBIERNO en materia de EMIGRACIÓN.",27
AND_1990_IU_es.pdf,AND,1990,IU,es,Reconocimiento pleno y real de las Comunidades Andaluzas asentadas fuera de la Comunidad Autónoma y de su derecho estatutario a colaborar y compartir la vida social y cultural del pueblo andaluz.,31
AND_1990_IU_es.pdf,AND,1990,IU,es,La superación de las condiciones económicas sociales y culturales que determinan la emigración de los andaluces.,16
AND_1990_IU_es.pdf,AND,1990,IU,es,"Presencia y participación reivindicativa de la Junta en Convenios y Tratados con otras Comunidades Autónomas y con países extranjeros, donde residan emigrantes andaluces.",23
AND_1990_IU_es.pdf,AND,1990,IU,es,Programar toda la actividad de la JUNTA desde la participación directa con los distintos colectivos y la colaboración con la vida asociativa de los emigrantes.,25
AND_1990_IU_es.pdf,AND,1990,IU,es,Comisiones Obreras de Andalucía IZQUIERDA UNIDA - CONVOCATORIA POR ANDALUCÍA Superar en todas las actividades la presentación de realidad parcial o tópica de Andalucía.,24
AND_1990_IU_es.pdf,AND,1990,IU,es,"Conocimiento de nuestra historia y nuestra realidad, desde la participación y creatividad de los propios colectivos andaluces en la emigración.",20
AND_1990_IU_es.pdf,AND,1990,IU,es,"Disponer de estudios completos que nos aproximen a la realidad económica, social y cultural de los emigrantes andaluces.",18
AND_1990_IU_es.pdf,AND,1990,IU,es,"Programas específicos de atención integral para los emigrantes temporeros: transporte, alojamientos, gabinetes de asesoría laboral y social.",17
AND_1990_IU_es.pdf,AND,1990,IU,es,De manera especial IU-CA incidirá en soluciones tanto pedagógicas como sociales que contemplen la situación de escolares hijos de emigrantes.,20
AND_1990_IU_es.pdf,AND,1990,IU,es,"Así mismo, desarrollaremos programas concretos de Atención Sanitaria a Emigrantes temporeros, bien desde los propios Centros de Salud cuando ello sea posible, como desde Centros específicos instalados de acuerdo con las necesidades coyunturales.",33
AND_1990_IU_es.pdf,AND,1990,IU,es,"En temas de retorno, IU-CA, prioritariamente, informará, fomentará y facilitará los medios para la creación de cooperativas entre colectivos de emigrantes que deseen retornar a su tierra.",27
AND_1990_IU_es.pdf,AND,1990,IU,es,"Entre los objetivos programáticos de IU-CA está el de potenciar, democratizar y desburocratizar la COMISIÓN INTERDEPARTAMENTAL DE EMIGRACIÓN, de forma que los acuerdos en temas laborales, sociales, culturales, de vivienda, asentamientos de emigrantes en tierras de Reforma Agraria, ayudas a cooperativas, PYMES, cursos de formación, encuentros de convivencia, etc. etc. sean reales, orientados a los objetivos que nos proponemos y jamás estén condicionados por clientelismos, carencia de información o influencias.",70
AND_1990_IU_es.pdf,AND,1990,IU,es,"CONFIDENCIA DE LA UIT Comisiones Obreras de Andalucía TRAVÉS de la historia podemos observar numerosos fenómenos de miedo colectivo, que han tenido objetos muy diversos; miedo a las catástrofes naturales, miedo a las guerras, miedo a las epidemias, o miedo a un súbito aumento de la violencia o criminalidad, y que han surgido en muchos casos después de una convulsión social.",61
AND_1990_IU_es.pdf,AND,1990,IU,es,"En las sociedades modernas e industrializadas, la aparición del fenómeno colectivo del miedo a la delincuencia (inseguridad ciudadana) ha tardado mucho en llamar la atención de los gobiernos.",28
AND_1990_IU_es.pdf,AND,1990,IU,es,Estos se han visto sorprendidos por la magnitud del problema.,10
AND_1990_IU_es.pdf,AND,1990,IU,es,"De hecho, la creación de Comisiones destinadas a estudiar este fenómeno se han comenzado a producir en varios países europeos, así como en Norteamérica.",24
AND_1990_IU_es.pdf,AND,1990,IU,es,El fenómeno colectivo del miedo a la delincuencia ha adquirido en nuestras sociedades una importancia política capital.,17
AND_1990_IU_es.pdf,AND,1990,IU,es,Periódicamente la población se siente amenazada en su instinto de seguridad y exige que el ESTADO ejerza uno de sus monopolios más importantes e inconstatados: el derecho a castigar.,29
AND_1990_IU_es.pdf,AND,1990,IU,es,"Al mismo tiempo, esta preocupación por la seguridad ciudadana se sitúa generalmente y después del grave problema del paro como la gran preocupación de la opinión pública.",27
AND_1990_IU_es.pdf,AND,1990,IU,es,"No pretende el informe definir en profundidad las causas que originan la preocupación de inseguridad, en la cual están inmersos amplios sectores de ciudadanos andaluces y de todo el estado, pues ello requiere de un análisis serio y riguroso y de un tratamiento pormenorizado de la realidad social y económica existente a nivel de la Comunidad Andaluza.",57
AND_1990_IU_es.pdf,AND,1990,IU,es,"Comisiones Obreras de Andalucía IZQUIERDA UNIDA - CONVOCATORIA POR ANDALUCÍA No obstante, se puede afirmar que el problema de la inseguridad tiene profundas causas sociales, la desigualdad social, que fomenta el actual sistema económico; aspectos como el paro, urbanismo, la educación y la cultura, la calidad de vida, la falta de atención social en sus diferentes aspectos, la droga, la falta de una política clara y nítida para y hacia la juventud, la marginación social en la cual están inmersos miles de ciudadanos, son algunas de las causas posibles que influyen fuertemente en la generación de un clima de inseguridad ciudadana.",101
AND_1990_IU_es.pdf,AND,1990,IU,es,La actual situación de paro en Andalucía con unos .,10
AND_1990_IU_es.pdf,AND,1990,IU,es,"parados que representa aproximadamente el , de la población activa, de las cuales un alto porcentaje no perciben prestación económica alguna, la marginación social existente en muchas zonas de Andalucía, los graves problemas de la droga, cada vez con mayor incidencia en la juventud, la falta de mejoras sociales, de actuaciones, etc, hacen que Andalucía se produzca muy acusada inseguridad, sobre todo en zonas que vienen soportando una fuerte conflictividad social.",71
AND_1990_IU_es.pdf,AND,1990,IU,es,"Una situación de inseguridad que si bien no resulta tan alarmante, ni catastrófica como pretenden hacer ver los sectores más conservadores, sí exige de un tratamiento urgente que palie en parte el clima de integridad y de preocupación que tienen un amplio número de ciudadanos.",45
AND_1990_IU_es.pdf,AND,1990,IU,es,"Actuaciones inmediatas que requieran humanamente de la actuación coordinada de las diferentes administraciones Públicas, policiales y ciudadanas, de la distribución de responsabilidades y funciones, y ámbitos competenciales enmarcada en criterios de cooperación mútua y reciprocidad.",35
AND_1990_IU_es.pdf,AND,1990,IU,es,"El actual clima de inseguridad en que se encuentran inmersos amplios sectores ciudadanos, ha hecho posible la fuerte implantación de empresas privadas de seguridad en toda la Comunidad Andaluza.",29
AND_1990_IU_es.pdf,AND,1990,IU,es,"Esta situación está generada como consecuencia de la pérdida de confianza de los ciudadanos en las fuerzas y cuerpos de Seguridad del Estado y la misma supone un claro retroceso en el avance hacia un modelo policial que cumplimente los derechos resumidos a la seguridad pública, contenidos en la Constitución Española.",51
AND_1990_IU_es.pdf,AND,1990,IU,es,Este hecho ciertamente preocupante está suponiendo en la práctica la aceptación por el Gobierno de la privatización de la Seguridad Ciudadana y supone una manifiesta discriminación entre los ciudadanos.,29
AND_1990_IU_es.pdf,AND,1990,IU,es,"Si bien, la vigente legislación reconoce el marco legal en el cual se pueden desenvolver las empresas privadas de seguridad, ésta no contempla otros aspectos que los relativos a la vigilancia y protección de inmuebles.",35
AND_1990_IU_es.pdf,AND,1990,IU,es,Hoy es preocupante ver empresas privadas controlando sectores y zonas determinadas de las ciudades y todo ello con el beneplácito de los gobernadores civiles.,24
AND_1990_IU_es.pdf,AND,1990,IU,es,"Esta situación se hace aún más grave cuando la función a que son sometidos los vigilantes jurados, no se realiza con las garantías necesarias para la actuación en los casos de actos delictivos.",33
AND_1990_IU_es.pdf,AND,1990,IU,es,"Urge por ello, definir el pronunciamiento desde IU-CA sobre las empresas privadas de seguridad, si bien desde una opción de izquierda y progresista, debemos optar por la Seguridad Pública para todos.",31
AND_1990_IU_es.pdf,AND,1990,IU,es,"Conforme a los principios constitucionales, sin eximir tampoco el papel privado, pero circunscrito a un ámbito más restringido e interno.",20
AND_1990_IU_es.pdf,AND,1990,IU,es,"Un fenómeno de esta magnitud requiere por tanto de una alternativa global en el doble sentido de incidir en todos los aspectos de la vida de la ciudad, que le afecten y generen inseguridad; por un lado, de hacerlo desde diversos ángulos, el preventivo, el rehabilitador y el reparador, tanto del delincuente como de la víctima, junto con el represivo.",60
AND_1990_IU_es.pdf,AND,1990,IU,es,"Una alternativa que haga puente a las exigencias de coordinación entre las diferentes Instituciones Públicas, así como, de los Cuerpos y Fuerzas de Seguridad, una alternativa que permita a su vez, la participación ciudadana a través de sus asociaciones más representativas en las tareas del control social, una alternativa que exige de la configuración de unos agentes sociales, acordes con el momento actual.",63
AND_1990_IU_es.pdf,AND,1990,IU,es,"En síntesis, y desde la opción de izquierda que representa IU-CA, debemos plantear una política de Seguridad Ciudadana no basada en medidas de tipo policial y represivas, sino una política de seguridad que afronte las causas que la generan, y alternativas consecuentes siempre Comisiones Obreras de Andalucía IZQUIERDA UNIDA - CONVOCATORIA POR ANDALUCÍA apuntando a los principios democráticos y constitucionales y, de actuaciones y medidas sociales dentro de un mero concepto del orden ciudadano, auspiciando con la participación ciudadana y la coordinación institucional y policial, constituyendo así, la directriz básica para pasar de un sistema represivo a un sistema preventivo, rehabilitador y reparador.",103
AND_1990_IU_es.pdf,AND,1990,IU,es,"Una política global de seguridad implica también, además de medidas y actuaciones contra la seguridad ciudadana, el atender de forma permanente todo lo relacionado con la seguridad, desde el ámbito de la protección civil y de los servicios de extinción de incendios.",42
AND_1990_IU_es.pdf,AND,1990,IU,es,"En este tema desde IU-CA, debemos planificar una política de seguridad ciudadana que se concreta en: Una alternativa atenta a los ciudadanos, concretamente a su demanda de ejercicio de libertades públicas, reconocidas en el Constitución y por tanto obligada a tomar en consideración el marco de las transformaciones sociales del que emana aquella demanda.",54
AND_1990_IU_es.pdf,AND,1990,IU,es,"Una alternativa global, en el doble sentido de incidir en todos los aspectos de la vida de la ciudad que le afecten y generen inseguridad, y de crearlo desde todos sus ángulos.",32
AND_1990_IU_es.pdf,AND,1990,IU,es,"Una alternativa que haga frente a las exigencias de coordinación, tanto del conjunto de las Instituciones Públicas relacionadas con la seguridad, como de los Cuerpos de Seguridad, y ello sobre la base de la no dependencia ni supeditación de las policías locales a los Cuerpos de Seguridad del Estado.",49
AND_1990_IU_es.pdf,AND,1990,IU,es,Una alternativa que permita la participación del ciudadano a través de sus asociaciones y entidades más representativas en las tareas de control social.,23
AND_1990_IU_es.pdf,AND,1990,IU,es,"La Comunidad Andaluza no podía ser ajena a un fenómeno como el de la inseguridad ciudadana, dado que sobre nuestra Comunidad inciden juntamente muchas de las causas que son origen de la inseguridad.",33
AND_1990_IU_es.pdf,AND,1990,IU,es,"Además de las actuaciones sociales necesarias de acometer en el tratamiento de la inseguridad, se hace imprescindible el continuar avanzando sobre las bases de conseguir una policía moderna, profesionalizada, polivalente, especializada y eficaz, bien primada y democrática e implicada en la realidad social de Andalucía.",45
AND_1990_IU_es.pdf,AND,1990,IU,es,"Para ello, debemos en IU-CA desarrollar nuestro trabajo sobre la base de dignos principios y de cambio y mentalización de las actuaciones de los Cuerpos y Fuerzas de Seguridad de modo: a) Que su principal preocupación no sea el orden, sino la libertad.",43
AND_1990_IU_es.pdf,AND,1990,IU,es,Que permita la seguridad entre los ciudadanos.,7
AND_1990_IU_es.pdf,AND,1990,IU,es,Que se aplique igualitariamente la Ley.,6
AND_1990_IU_es.pdf,AND,1990,IU,es,Uno de los pilares en el tratamiento preventivo de la delincuencia es el crear y fomentar la Policía de Barrio en los Municipios.,23
AND_1990_IU_es.pdf,AND,1990,IU,es,"Igualmente la constitución de las Juntas Locales de Seguridad, contempladas en la L.O.C.F.S., promovidas por los Alcaldes y asumiendo éstos todos los temas relacionados con la seguridad en sus respectivos municipios.",31
AND_1990_IU_es.pdf,AND,1990,IU,es,"Ello implica necesariamente el definir el papel de las Juntas Locales, no sólo desde aspectos de coordinación, sino de verdadera conjunción en la actuación policial, sobre todo en materia de prevención y vigilancia, delegando facultades en los alcaldes y otorgándoles el mando sobre los Cuerpos y Fuerzas de Seguridad del Estado, circunscritos a su ámbito Municipal.",56
AND_1990_IU_es.pdf,AND,1990,IU,es,"Sólo así, con función de mando y de asignación de medios y recursos, debemos concebir las Juntas Locales de Seguridad, propiciando de forma clara el transferir las competencias en materia de seguridad a los alcaldes y de la desaparición de las figuras de los gobernadores Civiles.",46
AND_1990_IU_es.pdf,AND,1990,IU,es,"En base a esta filosofía, se propone como criterio general a aplicar en la Comunidad Autónoma los puntos siguientes: .",20
AND_1990_IU_es.pdf,AND,1990,IU,es,"- Como propuesta central y claramente diferenciada del conjunto de actuación a realizar, la elaboración y redacción de un Plan Global de Seguridad para Andalucía, que analice y evalúe las causas de la inseguridad y proponga alternativas a la situación actual.",41
AND_1990_IU_es.pdf,AND,1990,IU,es,"IZQUIERDA UNIDA - CONVOCATORIA POR ANDALUCÍA Dicho Plan debería ser el eje en materia de seguridad para el futuro Programa de Gobierno de IU-CA.-Realización de unas Jornadas monográficas sobre Seguridad en la Comunidad Andaluza.-Instar y propiciar en la Comunidad Andaluza, a la creación de las Juntas Locales de Seguridad, conferida a los criterios contenidos en el documento.-Creación y potenciación de las Policías de Barrio en los Municipios.-Instar en los Municipios a la Constitución de Consejos de Seguridad con la participación de los agentes sociales institucionales y de los Cuerpos y Fuerzas de Seguridad.-Instar la constitución de las Juntas Locales de Protección Civil, así como a los Consorcios Provinciales de Extinción de Incendios.",112
AND_1990_IU_es.pdf,AND,1990,IU,es,"Aún reconociendo que iniciamos un proceso, convendría avanzar en la línea de garantizar mayor cuotas de seguridad ciudadana sobre las bases de una Seguridad Pública.",25
AND_1990_IU_es.pdf,AND,1990,IU,es,"En los últimos diez años se produce en nuestra sociedad una fuerte crisis económica y social, comenzando a aparecer en nuestro país problemas que en tiempos de la dictadura oficialmente no existían, sólo porque no se les daba la resonancia que hoy tienen en los medios de comunicación.",48
AND_1990_IU_es.pdf,AND,1990,IU,es,"Así, la delicuencia o inadaptación social se manifiesta fundamentalmente en el estamento más joven de la sociedad.",17
AND_1990_IU_es.pdf,AND,1990,IU,es,Es un hecho probado que los índices de delicuencia se disparan entre los años .-.,15
AND_1990_IU_es.pdf,AND,1990,IU,es,", tanto anivel cualitativo como cuantitativo, y así mismo, la edad de comisión del primer hecho delictivo es cada vez más baja.",22
AND_1990_IU_es.pdf,AND,1990,IU,es,"Cierto clamor por parte de determinados sectores de la sociedad, culpando de este aumento al régimen democrático, no es una afirmación científica, ni se sustenta más que en determinadas ideologías tendentes al involucionismo y a la vuelta al Estado Policial.",40
AND_1990_IU_es.pdf,AND,1990,IU,es,"El problema, para IU-CA, es mucho más profundo que una simple reducción de las respuestas represivas.",16
AND_1990_IU_es.pdf,AND,1990,IU,es,"Un sistema económico-social, cuyos principios filosóficos están apoyados en la competitividad, máximo beneficio empresarial y exaltación de los valores individuales no puede dar otro resultado que una sociedad insolidaria, injusta e insegura.",32
AND_1990_IU_es.pdf,AND,1990,IU,es,"Si para que suban las acciones de tal empresa al Presidente del Consejo de Administración no le tiembla la mano al firmar un expediente de crisis que supondrá la pérdida de varios puestos de trabajo, en ese momento se produce inseguridad.",41
AND_1990_IU_es.pdf,AND,1990,IU,es,"Cuando al Ministro de Economía alienta a los empresarios para que inviertan porque en España van a obtener los mayores beneficios de Europa, a costa de un desigual reparto de la riqueza, que provoca que una Comisiones Obreras de Andalucía IZQUIERDA UNIDA - CONVOCATORIA POR ANDALUCÍA minoría detente el poder económico, perjudicando obstensiblemente a la mayoría, creando bolsas de miseria y marginación de millones de pobres, el Sr. Ministro de Economía fomenta el estado de inseguridad en los ciudadanos.",79
AND_1990_IU_es.pdf,AND,1990,IU,es,"Rechazamos el sesgo tendencioso de la ley en la tipificación de los delitos abusivos cometidos contra la propiedad, viendo además, que según quien los realice, unos u otros, no son igualmente considerados, tanto en lo que concierne a las leyes o en su expresión socio-cultural.",45
AND_1990_IU_es.pdf,AND,1990,IU,es,"La fuga de capitales, las crisis falsas de las empresas, el fraude fiscal, la doble contabilidad, la no utilización social de recursos (fincas, capitales, viviendas, etc.), el principio de autoridad, la censura de información, el tráfico de influencias, el soborno, la corrupción, etc., no están equiparados social, cultural y legalmente como el robo de un coche, o de un bolso, etc.",61
AND_1990_IU_es.pdf,AND,1990,IU,es,Aquí en esta sociedad los actos delictivos como los últimos señalados han supuesto a veces la pérdida de vidas humanas.,20
AND_1990_IU_es.pdf,AND,1990,IU,es,"Por una parte la explosión demográfica de las zonas periféricas de las ciudades genera una emigración suburbial, asentándose ésta en los barrios más pobres y desasistidos de las grandes ciudades, donde no existen ningún tipo de equipamiento y donde la vida se hace terriblemente dura.",45
AND_1990_IU_es.pdf,AND,1990,IU,es,"La mayor parte de los individuos catologados socialmente como delicuentes provienen de familias con un bajo estatus económico, proceden de las zonas urbanas más empobrecidas faltas de equipamientos; por ello, en una sociedad donde el acceso a la cultura sigue pasando por unos niveles socioeconómicos mínimos (para muchos máximos); el niño perteneciente a familias carenciales no va a tener oportunidad de potenciar sus capacidades personales, desarrollando un fuerte sentido de frustración e impotencia ante la cada vez más profundas demandas consumistas del medio social.",84
AND_1990_IU_es.pdf,AND,1990,IU,es,"Podemos afirmar que la delicuencia juvenil es un producto social, los pujos recaen siempre sobre los más jóvenes, que no tienen defensas frente a una publicidad que les incita a poseer, frente a una sociedad que no les ofrece alternativas económicas.",41
AND_1990_IU_es.pdf,AND,1990,IU,es,"Eleuterio (El Lute), que sufrió la situación de delicuencia en su propia carne, explica: El consumismo y la despolitización, el individualismo a ultranza, la marginación, son tantos factores que unidos a la cultura alienante dominante empujan al joven a la delicuencia como medio de salir de la mediocridad, el desencanto y el nihilismo.",53
AND_1990_IU_es.pdf,AND,1990,IU,es,La delicuencia no es sino una rebeldía mal encauzada y despolitizada de una juventud que no encuentra su sitio.,19
AND_1990_IU_es.pdf,AND,1990,IU,es,"Comisiones Obreras de Andalucía IZQUIERDA UNIDA - CONVOCATORIA POR ANDALUCÍA Nos encontramos que quien más provoca la falta de seguridad, es decir, la inseguridad son el Gobierno, la Patronal y sus aliados, y la delicuencia organizada, fundamentalmente la de los traficantes de drogas.",43
AND_1990_IU_es.pdf,AND,1990,IU,es,"La política del Gobierno hace inseguro a los ciudadanos no garantizándoles el derecho constitucional al trabajo, a una vivienda digna y el acceso a la cultura.",26
AND_1990_IU_es.pdf,AND,1990,IU,es,"El mercado laboral, marcado por la precariedad en el empleo, hacen inseguro a los trabajadores mediante los despidos salvajes, la explotación y la acumulación de beneficios por vías fraudulentas.",29
AND_1990_IU_es.pdf,AND,1990,IU,es,La delicuencia organizada porque atenta fundamentalmente contra la propiedad y los derechos de los ciudadanos.,15
AND_1990_IU_es.pdf,AND,1990,IU,es,"En este contexto la delicuencia, habitualmente entendida, no es más que un efecto de las situaciones y causantes anteriores.",19
AND_1990_IU_es.pdf,AND,1990,IU,es,"Las soluciones verdaderamente viables para solucionar los problemas de inseguridad deben de ser inevitablemente de gran envergadura, estructurales, si lo prefieren.",21
AND_1990_IU_es.pdf,AND,1990,IU,es,"Por ello IU-CA, contempla las siguientes: Reducción de la Jornada Laboral a horas semanales, eliminación de las Horas Extraordinarias, dentro de una política de Solidaridad.",25
AND_1990_IU_es.pdf,AND,1990,IU,es,Elevación de la tasa de cobertura de desempleo hasta el inicialmente hasta llegar a la cobertura total.,17
AND_1990_IU_es.pdf,AND,1990,IU,es,Medida ésta de carácter transitorio en tanto no se genera una política económica que aspire a una SOCIEDAD DE PLENO EMPLEO.,21
AND_1990_IU_es.pdf,AND,1990,IU,es,Incremento de las pensiones mínimas hasta el salario mínimo interprofesional.,10
AND_1990_IU_es.pdf,AND,1990,IU,es,El de las pensiones actualmente están por debajo de esta cifra.,11
AND_1990_IU_es.pdf,AND,1990,IU,es,"Potenciación de las empresas públicas, rectificándose la actual política de privatización.",11
AND_1990_IU_es.pdf,AND,1990,IU,es,Reforma de la legislación laboral que modifique las actuales normas sobre flexibilidad de plantillas y contratos de trabajo que producen una gran inseguridad en el empleo.,26
AND_1990_IU_es.pdf,AND,1990,IU,es,Expropiación o nacionalización de empresas que atenten contra el interés social.,11
AND_1990_IU_es.pdf,AND,1990,IU,es,"Actuación judicial firme contra la fuga de capitales, crisis falsas de las empresas, fraude fiscal, doble contabilidad, infrautilización de recursos productivos (fincas, capitales, etc.), tráfico de influencias, sobornos y corrupciones.",30
AND_1990_IU_es.pdf,AND,1990,IU,es,Comisiones Obreras de Andalucía IZQUIERDA UNIDA - CONVOCATORIA POR ANDALUCÍA Expropiación del patrimonio obtenido del dinero negro procedente del tráfico ilegal de drogas o mediante otras actuaciones y actividades ilícitas.,30
AND_1990_IU_es.pdf,AND,1990,IU,es,Reforma de la ley de Cuerpos y Fuerzas de Seguridad.,10
AND_1990_IU_es.pdf,AND,1990,IU,es,Contemplando a éstas como parte de nuestra sociedad y reconociéndoles sus derechos como trabajadores.,14
AND_1990_IU_es.pdf,AND,1990,IU,es,Reconocimiento del derecho a la huelga y sindicación de la Guardia Civil.,12
AND_1990_IU_es.pdf,AND,1990,IU,es,Reforma de la legislación sobre el Menor y Centro Tutelares.,10
AND_1990_IU_es.pdf,AND,1990,IU,es,Algunas de estas medidas suponen importantes cambios en los Presupuestos Generales del Estado.,13
AND_1990_IU_es.pdf,AND,1990,IU,es,"Las ciudades de Málaga y Sevilla, representan por su alto grado de inseguridad, las zonas de mayor delincuencia, destacando en ambas provincias la marginación existente en barriadas como La Paloma y el Bulto en Málaga, y de las .",39
AND_1990_IU_es.pdf,AND,1990,IU,es,"Viviendas y Polígono de San Pablo en Sevilla, unido a la marginalidad de muchas zonas de Andalucía.",17
AND_1990_IU_es.pdf,AND,1990,IU,es,La situación estratégica de concepción en el tráfico de estupefacientes hace que Málaga constituya una de las citas más importantes de la criminalidad del ámbito.,25
AND_1990_IU_es.pdf,AND,1990,IU,es,"La situación de marginación que existe en los grandes núcleos de población, en las grandes barriadas, hace que existan en las mismas un alto índice de delincuencia, si bien su actuación no se circunscribe al ámbito geográfico, sino a otras zonas, fundamentalmente a los ámbitos comerciales y centros turísticos como históricos.",51
AND_1990_IU_es.pdf,AND,1990,IU,es,En los últimos años la política que se ha efectuado ha distribuido por las periferias e incluso por algunas zonas del interior bolsas de pobreza y marginación.,27
AND_1990_IU_es.pdf,AND,1990,IU,es,"Así, el chabolismo fue en parte eliminándose gracias a la concesión de viviendas en distintos barrios de las ciudades, de esta forma se eliminaba parcialmente el chabolismo y se tranquilizaba la conciencia y la vergüenza de algunos sectores sociales y de algunos gobernantes sobre la realidad.",46
AND_1990_IU_es.pdf,AND,1990,IU,es,"Es evidente que la concesión de viviendas supone una mayor dignificación en las condiciones de vida de estas familias, pero ello no es, ni mucho menos, la solución a la pobreza y la marginación que estos sectores padecen.",38
AND_1990_IU_es.pdf,AND,1990,IU,es,"Tampoco se proyectaron toda una serie de medidas sociales, económicas, asistenciales y urbanísticas, que en un período a medio plazo habría permitido su reinserción.",24
AND_1990_IU_es.pdf,AND,1990,IU,es,"La prolongada crisis económica que padece Comisiones Obreras de Andalucía IZQUIERDA UNIDA - CONVOCATORIA POR ANDALUCÍA mos ha agudizado la situación, apareciendo las ciudades salpicadas por multitud de focos de marginación y pobreza.",33
AND_1990_IU_es.pdf,AND,1990,IU,es,"Pero esto no basta, hay que profundizar donde están esos marginados, su situación familiar, de empleo, profesional y cultural, sanitaria y educativa, y establecer a través de las distintas áreas municipales, sobre todo las áreas de servicios sociales en coordinación con la administración central y autónoma, planes de actuación de envergadura que combatan las raíces o causas de la marginación, a través del Pacto Institucional que IU-CA propone.",68
AND_1990_IU_es.pdf,AND,1990,IU,es,"No es posible hablar de delincuencia al margen de la droga, y en este sentido hemos de profundizar y actuar en el mercado de la droga.",26
AND_1990_IU_es.pdf,AND,1990,IU,es,España es un país receptor y de transmisión de la droga para Europa; aquí se han instalado organizaciones mafiosas que manejan los hilos del tráfico de estupefacientes.,27
AND_1990_IU_es.pdf,AND,1990,IU,es,"Málaga, Cádiz, Sevilla, por su posición geográfica y por las características turísticas y de población flotante juegan un papel protagonista en el tráfico y consumo de droga.",27
AND_1990_IU_es.pdf,AND,1990,IU,es,"En estas provincias se realizan actividades clandestinas posibilitando grandes inversiones, sin control alguno en especulaciones, en bienes de servicios, proliferando establecimientos de compra y venta de metales como el oro y la plata, salas de juegos, cadenas de bares, prostíbulos y negocios turísticos que son cobertura de mafias extranjeras para blanquear dinero negro.",53
AND_1990_IU_es.pdf,AND,1990,IU,es,Buena muestra de ello lo es la Cosa del Sol.,10
AND_1990_IU_es.pdf,AND,1990,IU,es,"Aunque parezca un tópico hemos de reseñar que la droga es un problema internacional, lo que implica una cooperación entre los estados para combatir el tráfico.",26
AND_1990_IU_es.pdf,AND,1990,IU,es,"En este sentido, la lucha aislada de un sólo país está condenada irreversiblemente al fracaso, y mucho más si concebimos esa lucha en un municipio o provincia.",27
AND_1990_IU_es.pdf,AND,1990,IU,es,"IU-CA entiende, por lo ya expuesto, que son problemas sociales los que provocan este tipo de situaciones, y por tanto, las soluciones deben ser preferentemente sociales.",26
AND_1990_IU_es.pdf,AND,1990,IU,es,"A) Potenciación de la política de Servicios Sociales aumentando sus competencias y recursos, actuando como áreas municipales en el marco de las distintas actuaciones.",24
AND_1990_IU_es.pdf,AND,1990,IU,es,B) Creación de Consejos de Participación de Servicios Sociales integrados por F.P. de AA.VV.,14
AND_1990_IU_es.pdf,AND,1990,IU,es,", organizaciones empresariales, grupos municipales, FD de APAS, organizaciones sindicales, asociaciones de lucha contra la droga, asociaciones de disminuidos psíquicos, físicos y sensoriales.",23
AND_1990_IU_es.pdf,AND,1990,IU,es,"C) Descentralización de los programas de Servicios Sociales a través de las Juntas Municipales de Distritos, aumentando la dotación de personal: Trabajadores sociales, animadores de calle, monitores de actividades puntuales y concretas.",32
AND_1990_IU_es.pdf,AND,1990,IU,es,"Que éstos sean gestionados directamente por las propias Juntas en estrecha colaboración con las Áreas de SS, las AA-VV y otras realidades organizadas del entorno sensibles a la problemática existente.",30
AND_1990_IU_es.pdf,AND,1990,IU,es,"D) Actuación coordinada del INEM, Diputaciones, Ayuntamientos y la Delegación de Educación de la Junta de Andalucía en la creación de talleres-escuelas en los barrios ya que el grado de fracaso escolar es elevado y están más marcados por un grado de desempleo y marginación.",45
AND_1990_IU_es.pdf,AND,1990,IU,es,Los talleres-escuelas han de estar conectados a los colegios públicos del barrio y las AA.VV y Juntas de Distritos y cubiertos por los jóvenes interesados en la preparación profesional.,29
AND_1990_IU_es.pdf,AND,1990,IU,es,"El programa de actuación de las escuelas-talleres de los barrios se centrará fundamentalmente en el trabajo y serán complementarios los estudios de deportes, recreo y ciencias humanísticas.",27
AND_1990_IU_es.pdf,AND,1990,IU,es,E) Realización de cursos de Formación Profesional subvencionados por el INEM en colaboración con los ayuntamientos de forma que los jóvenes que asistan reciban una ayuda económica adecuada.,28
AND_1990_IU_es.pdf,AND,1990,IU,es,"Comisiones Obreras de Andalucía IZQUIERDA UNIDA - CONVOCATORIA POR ANDALUCÍA F) Fomento del trabajo asociado y de autoempleo creando Centros de Promoción de Empleo Juvenil como entidad pública dependiente del ayuntamiento donde exista un asesoramiento técnico-económico, fiscal, etc., y se realicen estudios de viabilidad.",44
AND_1990_IU_es.pdf,AND,1990,IU,es,"Los proyectos de autoempleo han de tener créditos suficientes, baratos y avalados por los ayuntamientos y enmarcados en las iniciativas locales y comarcales de desarrollo.",25
AND_1990_IU_es.pdf,AND,1990,IU,es,"G) Ocupación de jóvenes marginales de los barrios donde se registra mayor nivel de delincuencia y drogadicción, en obras públicas, de infraestructuras, conforme a un acuerdo establecido entre los Ayuntamientos, la J. de Andalucía, la administración central, sindicatos, es decir, en la perspectiva del Pacto Institucional propuesto por IU-CA.",49
AND_1990_IU_es.pdf,AND,1990,IU,es,Estos acuerdos de ocupación de jóvenes marginales se contemplarían con significativas subvenciones en los costes de la Seguridad Social y salario de forma que no gravasen sustancialmente los presupuestos municipales.,30
AND_1990_IU_es.pdf,AND,1990,IU,es,"En la misma línea de lo anterior han de establecerse acuerdos Junta-Organizaciones Empresariales: H) Plan de coordinación entre las distintas instituciones públicas y sector privado que influyan en la juventud, de forma que mejore la calidad de vida de los jóvenes en su entorno, en sus barrios.",47
AND_1990_IU_es.pdf,AND,1990,IU,es,I) Fomento y potenciación del asociacionismo juvenil para que sean los propios jóvenes quienes tengan su responsabilidad en la lucha por mejorar su situación y combatir la droga.,28
AND_1990_IU_es.pdf,AND,1990,IU,es,Dentro de nuestra línea política contemplamos el barrio o el distrito como el marco preferente donde debe desarrollarse una decaída labor social en distintas demandas.,25
AND_1990_IU_es.pdf,AND,1990,IU,es,Se trata de calar en la trama social del entorno más inmediato al ciudadano.,14
AND_1990_IU_es.pdf,AND,1990,IU,es,Para ello hay que atender a las siguientes medidas: Archivo Utilización de la infraestructura de locales municipales y de los centros educativos en horas no lectivas.,26
AND_1990_IU_es.pdf,AND,1990,IU,es,"Infraestructuras de nueva creación, en lo que nosotros entendemos que deben ser los Centros Múltiples de Distritos, de implantación gradual, en la contemplación anual de los presupuestos.",27
AND_1990_IU_es.pdf,AND,1990,IU,es,"Centros que deben contemplar las siguientes instalaciones y servicios: Información y SIVO (Servicio de Información, Valoración y Orientación de los SS).",21
AND_1990_IU_es.pdf,AND,1990,IU,es,Sala de estar y de juegos.,6
AND_1990_IU_es.pdf,AND,1990,IU,es,Oficinas de Servicios Sociales Oficina de Gerencia de Centro Sala de la tercera edad.,14
AND_1990_IU_es.pdf,AND,1990,IU,es,Patio exterior y de recreo.,5
AND_1990_IU_es.pdf,AND,1990,IU,es,Sala de planificación familiar.,4
AND_1990_IU_es.pdf,AND,1990,IU,es,Centro de educación de adultos.,5
AND_1990_IU_es.pdf,AND,1990,IU,es,Talleres deportivos y de gimnasia.,5
AND_1990_IU_es.pdf,AND,1990,IU,es,"Adentemente, ello debe ir acompañado de las pertinentes contrataciones de personal y de los estudios de viabilidad para la adecuada aplicación de cada distrito.",24
AND_1990_IU_es.pdf,AND,1990,IU,es,Creación de centros de día para la REHABILITACION DE TOXICOMANOS.,10
AND_1990_IU_es.pdf,AND,1990,IU,es,"Aumento de la dotación presupuestaria del Comisionado Andaluz de la Droga, descentralización de los recursos e integración en los servicios sanitarios públicos y servicios sociales comunitarios.",26
AND_1990_IU_es.pdf,AND,1990,IU,es,Realización de campañas dirigidas a los ciudadanos para que se potencie el asociacionismo y la participación ciudadana.,17
AND_1990_IU_es.pdf,AND,1990,IU,es,Comisiones Obreras de Andalucía IZQUIERDA UNIDA - CONVOCATORIA POR ANDALUCÍA Abordar el papel de los municipios en relación con la Seguridad Ciudadana plantea un problema fundamental: Pese a las previsiones de la Constitución de .,35
AND_1990_IU_es.pdf,AND,1990,IU,es,", el marco jurídico que regula este tema continúa difuso.",10
AND_1990_IU_es.pdf,AND,1990,IU,es,"Es indispensable regular el papel que corresponde a las distintas administraciones y a sus respectivos Cuerpos Policiales, sin que ello implique ningún tipo de subordinación de los Ayuntamientos a los otros niveles institucionales.",33
AND_1990_IU_es.pdf,AND,1990,IU,es,La autonomía municipal que la Constitución consagra debe también manifestarse en el campo de la seguridad pública.,17
AND_1990_IU_es.pdf,AND,1990,IU,es,"Los Alcaldes, máximos representantes del Estado en el término municipal, deben ostentar asimismo, la facultad de fijar las líneas maestras de la política de seguridad que se aplicará en su localidad, en su calidad de presidentes de la Juntas Locales de Seguridad.",42
AND_1990_IU_es.pdf,AND,1990,IU,es,Entendiendo por seguridad ciudadana el estado social que permite el libre ejercicio por parte de los ciudadanos de los derechos y libertades recogidas en el texto constitucional qué papel pueden jugar los Policías Municipales?,34
AND_1990_IU_es.pdf,AND,1990,IU,es,Desde el punto de vista meramente policial (Policía Nacional y Policía Municipal) hay que atender preferentemente la prevención del delito y en su último extremo la represión del mismo.,29
AND_1990_IU_es.pdf,AND,1990,IU,es,"Resulta claramente ineficaz la actuación de las patrullas de barrios flotantes, pertenecientes a la Policía Nacional, que desconocen notoriamente la problemática y a las personas del barrio en el que actúan.",31
AND_1990_IU_es.pdf,AND,1990,IU,es,"Esto, junto a la escasez de recursos humanos y materiales, hacen imprescindible una actuación que haga minimamente estable y suficiente las medidas de los Cuerpos de Seguridad del Estado y su combinación con los efectivos de la Policía Municipal, incidiendo en las patrullas de barrio con una preparación integral, tanto técnica como humana que le dé capacidad para ayudar a los vecinos en cualquier situación.",65
AND_1990_IU_es.pdf,AND,1990,IU,es,"Las campañas en demanda de seguridad ciudadana hacen apuntar el servicio de los policías locales hacia funciones que tradicionalmente no habían realizado y que evidentemente no les corresponde como tareas primordiales de este tipo de cuerpo: toxicomanía, prostitución, robos, atracos, etc.",41
AND_1990_IU_es.pdf,AND,1990,IU,es,"Todo ello en detrimento de las labores preventivas de vigilancia de tráfico, parques, vigilancia de licencias y obras, la información (tanto la que pueda recoger de su actividad entre los ciudadanos, como la que estos puedan suministrarle), el velar por el cumplimiento de las órdenes municipales, la colaboración vial y otras que evidentemente también pueden contribuir a crear un buen clima en cuanto a la seguridad ciudadana.",67
AND_1990_IU_es.pdf,AND,1990,IU,es,"Por ello, las funciones que pueden desarrollar la policía municipal en materia de seguridad ciudadana, deben ser las consecuentes de la aplicación del servicio de Policía de Barrio.",28
AND_1990_IU_es.pdf,AND,1990,IU,es,"La policía de barrio es una necesidad social que beneficia tanto a la organización policial, que presta este servicio (al romper un poco el hielo que hasta ahora ha existido entre los cuerpos policiales, con la consiguiente alza en su desprestigio señaladas en informes del Defensor de Pueblo), y a los propios ciudadanos que deben sentirse más informados, auxiliados y confortados.",61
AND_1990_IU_es.pdf,AND,1990,IU,es,"Tomando como base los planteamientos expuestos por Jaime Bosch: El policía de barrio presta su servicio a pie, en una zona determinada de la ciudad, que ha de llegar a serle totalmente familiar.",33
AND_1990_IU_es.pdf,AND,1990,IU,es,Su mejor arma el radioteléfono de bolsillo que le mantiene permanentemente unido a la Central.,15
AND_1990_IU_es.pdf,AND,1990,IU,es,"Se puede definir su tarea como integración con el vecindario, conocer todos y cada uno de los puntos de su zona que le permita desarrollar su labor en estrecho contacto con quienes deberían considerarle uno de los suyos, es decir, un ciudadano de uniforme.",44
AND_1990_IU_es.pdf,AND,1990,IU,es,"Cuatro son las funciones que esquemáticamente se le deben atribuir: Recorrido de las calles de barrio, visitar las AA.VV.",19
AND_1990_IU_es.pdf,AND,1990,IU,es,", los colegios, etc.",4
AND_1990_IU_es.pdf,AND,1990,IU,es,"Este contacto directo le permitirá recoger múltiples informaciones Comisiones Obreras de Andalucía IZQUIERDA UNIDA - CONVOCATORIA POR ANDALUCÍA de todo tipo, entre ellos los problemas de carencia o deficiencias de los servicios municipales, que podrá transmitir al Ayuntamiento o Junta de Distrito, a través de los informes diarios correspondientes (deficiencias de alumbrado, socavones, etc.) En este campo es absolutamente necesario utilizar la burocracia para que unos resultados correctos incidan en la confianza en los agentes de la Policía de Barrio.",80
AND_1990_IU_es.pdf,AND,1990,IU,es,"Al mismo tiempo el policía lleva consigo una información que puede solicitarle cualquier viandante (direcciones, teléfonos, centros oficiales, información urbana en general, etc.) La policía de barrio ha de tender hacia una policía sin armas de fuego, y esto no parece una garantía contra la delincuencia.",46
AND_1990_IU_es.pdf,AND,1990,IU,es,"No obstante, la presencia de la policía de barrio en la calle contribuye a disipar de alguna manera el clima de inseguridad, puesto que este clima suele ser más ficticio que vivido realmente.",33
AND_1990_IU_es.pdf,AND,1990,IU,es,Es en este campo donde los Policías de Barrio pueden aportar un mejor rendimiento.,14
AND_1990_IU_es.pdf,AND,1990,IU,es,El cumplimiento de las Ordenanzas Municipales ha de ser su objetivo fundamental.,12
AND_1990_IU_es.pdf,AND,1990,IU,es,"La limpieza de la vía pública, contaminación, licencias de obras, vados, autovías y transportes públicos, solares sucios o sin vallar, licencias de apertura de establecimientos, ordenanzas contra incendios, control de precios, etc. Son tan sólo algunos de los temas sobre los que puedan actuar un policía de barrio bien preparado.",50
AND_1990_IU_es.pdf,AND,1990,IU,es,"Naturalmente, y como decíamos antes, sus informes deben ser recogidos rápidamente por los departamentos correspondientes.",15
AND_1990_IU_es.pdf,AND,1990,IU,es,"En este campo su misión consistiría, fundamentalmente, en estar presente en el punto conflictivo a la hora y momento preciso.",20
AND_1990_IU_es.pdf,AND,1990,IU,es,"Merodear zonas de carga y descarga de mercancías, entrada y salida de las escuelas y el cruce peligroso; deben ser sus objetivos básicos.",23
AND_1990_IU_es.pdf,AND,1990,IU,es,"Podrá a su vez informar al departamento correspondiente de las posibles mejoras de la vía para el tráfico, en cuanto a señales, instalaciones de sentidos únicos, aparcamientos, etc.",28
AND_1990_IU_es.pdf,AND,1990,IU,es,"Su función última, sin renunciar a la posibilidad de denuncias, conseguir ante todo un tráfico fluido.",16
AND_1990_IU_es.pdf,AND,1990,IU,es,"Para dotar a la policía de barrio de unos conocimientos con la realidad social de hoy, habría que poner en marcha unos cursos organizados por ayuntamientos mancomunados.",27
AND_1990_IU_es.pdf,AND,1990,IU,es,"Lo hemos señalado en lo expuesto anteriormente pero no está de más insistir en que nuestra política en el ámbito de Seguridad reside fundamentalmente en la prevención, para ello se hace necesario la coordinación con el resto de las actuaciones municipales en sanidad, educación, urbanismos y lucha contra el paro, dado que dichas actuaciones atenuarían en buena parte las causas del delito que está motivada por la desigualdad social.",69
AND_1990_IU_es.pdf,AND,1990,IU,es,"Comisiones Obreras de Andalucía CONDICIONES OFICIALES DE ADELISTA U-CA se propone con estas alternativas de comunicación contribuir a la articulación de Andalucía, a su desarrollo cultural, y al conocimiento entre los andaluces y andaluzas.",34
AND_1990_IU_es.pdf,AND,1990,IU,es,Asimismo IU-CA considera que los medios de comunicación deben contribuir a formar personas con mayor información y libertad de elección.,20
AND_1990_IU_es.pdf,AND,1990,IU,es,"Para ello no es suficiente disponer de más botones en el televisor o de más puntos en el dial de la radio, sino que hacen falta contenidos diversos, pluralidad en los mensajes y participación de los receptores.",37
AND_1990_IU_es.pdf,AND,1990,IU,es,"Es preciso conocernos y que nos conozcan, que Andalucía juegue un papel creador y no sólo pasivo en el sistema de comunicaciones, que juguemos un papel activo con respecto al Estado y a esa Europa sin fronteras en la que, sin embargo, no se escucha la voz de las regiones sino de los Estados.",54
AND_1990_IU_es.pdf,AND,1990,IU,es,Por ello IU-CA se compromete en lo siguiente: .,9
AND_1990_IU_es.pdf,AND,1990,IU,es,Desarrollar cuantas iniciativas favorezcan la creación de medios de comunicación de carácter andaluz.,13
AND_1990_IU_es.pdf,AND,1990,IU,es,"Solicitar a la administración central la transferencia de competencias en materia de comunicación como ayudas a la prensa, concesión y regularización de la radiodifusión, así como la descentralización de RTVE.",30
AND_1990_IU_es.pdf,AND,1990,IU,es,"Aseguraremos la participación de los colectivos de ciudadanos y ciudadanas, así como de los trabajadores y trabajadoras de los medios en la gestión y funcionamiento de los medios de comunicación.",30
AND_1990_IU_es.pdf,AND,1990,IU,es,DEPARTAMENTO DE LA PROPUESTA de LA INSTITUCION DE BOLÍA Comisiones Obreras de Andalucía IZQUIERDA UNIDA - CONVOCATORIA POR ANDALUCÍA ción.,20
AND_1990_IU_es.pdf,AND,1990,IU,es,"Regularemos el derecho de acceso de los colectivos sociales a la RTVA.- Denunciaremos los modelos de comunicación basados en el mercantilismo, consumo y espectáculo así como de los modelos que abren paso a intereses comerciales, políticos o ideológicos de las transnacionales.- Impulsaremos nuevos modelos de comunicación basados en la rentabilidad social, la calidad de la programación y la participación .-",60
AND_1990_IU_es.pdf,AND,1990,IU,es,"Colaboraremos en la creación y desarrollo de las infraestructuras que permitan la comunicación entre los andaluces y andaluzas.- Defenderemos la comunicación alternativa y participativa de entidades y colectivos que, sin ánimo de lucro, quieran ofrecer nuevos contenidos y la población.- Democratizaremos las competencias de comunicación, de forma que todas las decisiones en esta materia pasen a ser competencia de un organismo independiente y plural",64
AND_1990_IU_es.pdf,AND,1990,IU,es,"como el Consejo Andaluz de Comunicación.- Propondremos la participación de las mujeres como protagonistas en la dirección, programación y contenidos de los medios de comunicación.",25
AND_1990_IU_es.pdf,AND,1990,IU,es,"Asimismo regularemos de forma específica la manipulación de la mujer en los contenidos publicitarios o espectaculares.- Propondremos que los servicios públicos (Canal Sur Televisión y Radio) sean gestionados democráticamente, y tengan su seña de identidad en la calidad, independencia y la presencia continuada de la cultura de Andalucía.",48
AND_1990_IU_es.pdf,AND,1990,IU,es,Impulsaremos cambios en la ley que aseguren su independencia.- Defenderemos la inclusión del estudio de los medios de comunicación y el lenguaje publicitario dentro del Área de Lenguaje de los planes de estudio del periodo obligatorio.- Impulsaremos proyectos de producción con otras regiones europeas que primen los aspectos culturales sobre los comerciales y sirvan de plataforma a nuevos productores.,59
AND_1990_IU_es.pdf,AND,1990,IU,es,De esta forma se asegurará la presencia de la Europa de las regiones y su colaboración frente a la dependencia del mercado americano.,23
AND_1990_IU_es.pdf,AND,1990,IU,es,"La tradicional falta de factores de vertebración social y cultural, la desintegración espacial y económica y la dependencia que ha caracterizado a la sociedad y economía de Andalucía hacen que no se puede hablar de un sistema de comunicación andaluz ni de un mercado autónomo de comunicación de masas.",49
AND_1990_IU_es.pdf,AND,1990,IU,es,"En síntesis, la comunicación de Andalucía se caracteriza por lo siguiente: a) Bajo consumo de prensa escrita y ausencia de diarios de ámbito andaluz.",24
AND_1990_IU_es.pdf,AND,1990,IU,es,"b) Concentración de la radiodifusión en manos de las grandes cadenas nacionales mediante la figura de emisora asociada, mientras se persigue la comunicación alternativa y participada.",26
AND_1990_IU_es.pdf,AND,1990,IU,es,c) Una televisión andaluza concebida como un calco a escala de la estatal que muestra la misma avidez en la búsqueda de los ingresos publicitarios que las cadenas comerciales sin cumplir los objetivos culturales y pluralistas que se le asignaban.,40
AND_1990_IU_es.pdf,AND,1990,IU,es,d) Carencia de agencias de comunicación y distribuidoras que hicieran posible la información y el intercambio cultural entre los andaluces.,20
AND_1990_IU_es.pdf,AND,1990,IU,es,"e) Un mercado audiovisual escaso y clientelar, en gran medida, de forma que las necesidades de los medios de masas, incluso el au Comisiones Obreras de Andalucía IZQUIERDA UNIDA - CONVOCATORIA POR ANDALUCÍA mente de programación haya que realizarse acudiendo al mercado internacional de los programas más convencionales.",48
AND_1990_IU_es.pdf,AND,1990,IU,es,f) El atraso y dispersión en la formación de los profesionales de la comunicación así como en sus relaciones laborales.,20
AND_1990_IU_es.pdf,AND,1990,IU,es,Además la comunicación de Andalucía sigue presidida por: - El control directo del gobierno andaluz que ejerce todas las competencias de comunicación sin control democrático y participativo.,27
AND_1990_IU_es.pdf,AND,1990,IU,es,"El gobierno concede las licencias de radio, nombra el director general de la RTVA y extiende su influencia a los sectores privados por medio de las firmas de convenios, acuerdos y subvenciones, así como por la publicidad institucional, sin regulación.",40
AND_1990_IU_es.pdf,AND,1990,IU,es,- La falta de participación de los ciudadanos en los medios y de los trabajadores de los medios de comunicación.,20
AND_1990_IU_es.pdf,AND,1990,IU,es,"- Unos medios estatales que adoptan una orientación cada vez más centralista en sus contenidos y dirección, y a los que la realidad andaluza sólo se asoma con folclorismo o sucesos.",31
AND_1990_IU_es.pdf,AND,1990,IU,es,Hace ahora cuatro años (noviembre de ) IU-CA denunciaba en su Propuesta para una Política de Comunicación los males históricos que aquejaban a Andalucía.,24
AND_1990_IU_es.pdf,AND,1990,IU,es,"En aquel momento, señalamos como males evidentes: la carencia de una estructura moderna de medios de comunicación, el necesario Tercer Canal de Televisión y la falta de elementos educativos para la formación de los nuevos profesionales de la comunicación.",39
AND_1990_IU_es.pdf,AND,1990,IU,es,"Para corregir estas realidades, IU-CA propuso un programa a corto plazo estructurado en diez medidas urgentes.",16
AND_1990_IU_es.pdf,AND,1990,IU,es,"Gracias a este programa, el apoyo social encontrado y a las movilizaciones tanto institucionales, como populares, IU-CA ha conseguido adoptar determinadas iniciativas a los que los otros grupos políticos eran contrarios, remisos o cuyo andalucismo no pasaba por la potenciación de los medios tradicionales de comunicación y a la vez por la creación de los nuevos medios.",57
AND_1990_IU_es.pdf,AND,1990,IU,es,"En el capítulo de avances, y gracias prioritariamente a nuestras propuestas, podemos señalar: Hoy, Andalucía cuenta ya con una Radio y Televisión Pública propia: Canal Sur.",26
AND_1990_IU_es.pdf,AND,1990,IU,es,Éste medio nació por iniciativa del grupo parlamentario de IU-CA y hoy es ya una realidad que sin duda hay que mejorar.,22
AND_1990_IU_es.pdf,AND,1990,IU,es,Muchas acciones pasadas y bastantes más en el futuro irán encaminadas a conseguir que nuestra región cuente con unos medios autónomos de Radio y Televisión que sirvan de vehículos de cultura y libre expresión de nuestras formas de pensar y sentir.,41
AND_1990_IU_es.pdf,AND,1990,IU,es,"Hoy, Andalucía posee ya una Facultad Pública de Ciencias de la Información radicada en Sevilla.",15
AND_1990_IU_es.pdf,AND,1990,IU,es,Nuestra propuesta era más amplia pero al menos ha sido un buen paso que por lógica no debe y no va a ser el único.,25
AND_1990_IU_es.pdf,AND,1990,IU,es,Y este paso ha podido ser dado gracias - en primer lugar- a los esfuerzos de IU-CA.,17
AND_1990_IU_es.pdf,AND,1990,IU,es,"Aunque muchas de estas propuestas no se hayan desarrollado en la forma que desearíamos, la realidad es que se han puesto algunas bases de lo que puede ser la articulación de la Comunicación Andaluza.",34
AND_1990_IU_es.pdf,AND,1990,IU,es,"No se ha conseguido, sin embargo, regular de forma progresista estos fenómenos y tampoco se ha avanzado en la participación de los usuarios y usuarias y de los trabajadores y trabajadoras del medio, pieza clave de nuestro Programa.",38
AND_1990_IU_es.pdf,AND,1990,IU,es,"Los medios estatales, lejos de regionalizarse, como propusimos en nues- Comisiones Obreras de Andalucía IZQUIERDA UNIDA - CONVOCATORIA POR ANDALUCÍA tro programa, han tomado una orientación más centralista, y el cliente-lismo político o económico ha primado a la hora de ampliar las licencias de Radio.",45
AND_1990_IU_es.pdf,AND,1990,IU,es,Por ello nos vemos obligados a reiterar algunos aspectos de la propuesta programática del y avanzar en nuevas propuestas que se correspondan con la realidad actual.,26
AND_1990_IU_es.pdf,AND,1990,IU,es,"El grupo parlamentario de IU-CA propondrá la creación del Consejo Andaluz de la Comunicación, organismo en que se delegarían todas las competencias en esta materia que hoy están en la Consejería de Presidencia.",33
AND_1990_IU_es.pdf,AND,1990,IU,es,El Consejo Andaluz de la Comunicación ejercería las siguientes funciones: - Concesión de licencias de radio y vigilancia del respeto a las condiciones establecidas en las mismas.,27
AND_1990_IU_es.pdf,AND,1990,IU,es,- Regulación y desarrollo de la comunicación local en Andalucía.,10
AND_1990_IU_es.pdf,AND,1990,IU,es,- Determinación de los mecanismos de fomento y ayuda a los medios de comunicación de titularidad privada y pública.,19
AND_1990_IU_es.pdf,AND,1990,IU,es,- Regulación de la publicidad institucional en la Comunidad Autónoma de Andalucía.,12
AND_1990_IU_es.pdf,AND,1990,IU,es,- Estudios sobre la comunicación en Andalucía y capacidad de propuesta ante los organismos nacionales e internacionales.,17
AND_1990_IU_es.pdf,AND,1990,IU,es,- Capacidad de propuesta ante el Parlamento y el Gobierno de Andalucía sobre todos los temas relacionados con la comunicación social.,21
AND_1990_IU_es.pdf,AND,1990,IU,es,"El Consejo Andaluz de la Comunicación tendrá una composición plural en la que se integran, al menos los siguientes sectores: a) Miembros propuestos por los grupos parlamentarios.",27
AND_1990_IU_es.pdf,AND,1990,IU,es,b) Miembros propuestos por asociaciones profesionales y sindicatos.,8
AND_1990_IU_es.pdf,AND,1990,IU,es,c) Miembros propuestos por los usuarios.,6
AND_1990_IU_es.pdf,AND,1990,IU,es,d) Miembros propuestos por las Universidades Andaluzas.,7
AND_1990_IU_es.pdf,AND,1990,IU,es,"Comisiones Obreras de Andalucía IZQUIERDA UNIDA - CONVOCATORIA POR ANDALUCÍA El Canal Sur de Televisión, por su ley fundadora, tiene el mandato de convertirse en cauce para la información y la participación de los andaluces en la vida política, cultural y social.",42
AND_1990_IU_es.pdf,AND,1990,IU,es,"El dominio del entorno físico y cultural, el perfeccionamiento de la organización social y la mejora de las condiciones de vida y de trabajo, dependen en gran medida del volumen y calidad de las informaciones y conocimientos que se ponen a disposición de la población general.",46
AND_1990_IU_es.pdf,AND,1990,IU,es,"La televisión andaluza debe nacer con vocación de independencia con respeto al gobierno, los partidos políticos o intereses financieros, y con un compromiso claro con la realidad andaluza.",28
AND_1990_IU_es.pdf,AND,1990,IU,es,"Como servicio público el CST está obligado a la cobertura total, desde Huelva hasta Almería y a la descentralización de sus informaciones.",22
AND_1990_IU_es.pdf,AND,1990,IU,es,"El conocimiento emancipado, en una sociedad compleja, implica el reconocimiento de las circunstancias plurales del entorno en que se vive.",20
AND_1990_IU_es.pdf,AND,1990,IU,es,La programación del CST debe presentar la realidad diversa y plural de Andalucía a través de sus verdaderos protagonistas.,19
AND_1990_IU_es.pdf,AND,1990,IU,es,Asimismo debe propiciar el debate continuo entre mayorías y minorías de todo signo y acercar las instituciones a los ciudadanos.,20
AND_1990_IU_es.pdf,AND,1990,IU,es,Comisiones Obreras de Andalucía La información no es veraz si no la construyen sus variados y auténticos protagonistas.,18
AND_1990_IU_es.pdf,AND,1990,IU,es,"Los ciudadanos andaluces son los agentes de los procesos sociales, económicos y culturales y, con el fin de facilitar su participación en el medio, existe el derecho de acceso que es necesario poner en marcha.",35
AND_1990_IU_es.pdf,AND,1990,IU,es,La participación debe extenderse a los trabajadores de televisión en cuanto a la gestión del medio.,16
AND_1990_IU_es.pdf,AND,1990,IU,es,"IU-CA propone la creación de consejos de redacción, así como la más amplia participación sindical.",15
AND_1990_IU_es.pdf,AND,1990,IU,es,"El Canal Sur Televisión debe regirse por el criterio de rentabilidad social, derivada de su aportación al fomento de la libertad, y no por la rentabilidad en su estricta versión financiera o comercial.",33
AND_1990_IU_es.pdf,AND,1990,IU,es,"La captación de ingresos publicitarios es sólo un medio para conseguir el equilibrio presupuestario pero, en ningún modo, debe hipotecar la programación o intervenir en ella, especialmente bajo la fórmula del patrocinio.",32
AND_1990_IU_es.pdf,AND,1990,IU,es,"Igualmente, la rentabilidad social no puede medirse, en exclusiva, por niveles de audiencia o de aceptación masiva.",17
AND_1990_IU_es.pdf,AND,1990,IU,es,"La calidad de los programas y su adecuación a los fines para los que se crea el servicio, son el mejor criterio para establecer la rentabilidad social.",27
AND_1990_IU_es.pdf,AND,1990,IU,es,"IZQUIERDA UNIDA - CONVOCATORIA POR ANDALUCÍA Los principios de programación de RTVA establecen la necesidad de una presencia continuada de la realidad, cultura e historia andaluza, tanto en programas específicos como impregnando el conjunto de la programación.",37
AND_1990_IU_es.pdf,AND,1990,IU,es,"Es responsabilidad de la dirección de CST velar por ello, sin marginar la producción andaluza a horarios minoritarios y llevando a cabo un verdadero proyecto de producción propia.",28
AND_1990_IU_es.pdf,AND,1990,IU,es,Conseguir altos niveles de producción propia es uno de los retos de CST.,13
AND_1990_IU_es.pdf,AND,1990,IU,es,La producción no debe abandonarse a una iniciativa privada de dudosa calidad y trayectoria.,14
AND_1990_IU_es.pdf,AND,1990,IU,es,"IU-CA pedirá el aumento de la producción en los centros de CST y la ampliación, si es necesario, de sus instalaciones.",21
AND_1990_IU_es.pdf,AND,1990,IU,es,"Asimismo considera importante la realización de proyectos propios y la colaboración con entidades públicas como la Productora Andaluza de Programas (PAPSA), con una absoluta reformulación de su gestión.",28
AND_1990_IU_es.pdf,AND,1990,IU,es,"En cuanto a las compras externas, por mandato reglamentario, deben regirse por la proximidad cultural y la calidad, prefiriéndose la programación regional y nacional y la procedente de otros países comunitarios o del área mediterránea.",35
AND_1990_IU_es.pdf,AND,1990,IU,es,"En este sentido IU-CA impulsará los proyectos comunitarios que favorezcan la producción independiente y el intercambio, promoción y venta de sus obras en el mercado europeo, fundamentalmente aquellos en que priman los aspectos culturales sobre los comerciales, y son plataforma de lanzamiento de nuevos productores, asegurando la presencia de la Europa de las regiones y su colaboración frente a la dependencia del mercado americano.",64
AND_1990_IU_es.pdf,AND,1990,IU,es,Entre los objetivos de la radio y televisión de Andalucía se encuentra la promoción de los valores lingüísticos en toda su riqueza y variedad.,24
AND_1990_IU_es.pdf,AND,1990,IU,es,"El uso del andaluz, relegado por los potentes medios de comunicación al ámbito privado o coloquial, debe encontrar en CST un lugar privilegiado en el conjunto de la programación y, especialmente, en los informativos.",34
AND_1990_IU_es.pdf,AND,1990,IU,es,"Canal Sur Televisión, según la ley creadora, debe convertirse en cauce de acceso para todos los andaluces a los niveles educativos y culturales.",23
AND_1990_IU_es.pdf,AND,1990,IU,es,Especial atención debe prestar a la Educación Permanente de Adultos.,10
AND_1990_IU_es.pdf,AND,1990,IU,es,"Asimismo, CST debe colaborar en el desarrollo científico de las Universidades Andaluzas y, de forma especial, con la Facultad de la Comunicación.",22
AND_1990_IU_es.pdf,AND,1990,IU,es,"La austeridad del gasto en CST debe aplicarse a la gestión del servicio, sus directivos y la presentación de los programas que, tal como se anuncia en los principios básicos de programación, deben evitar el despilfarro de medios que pudiera resultar escandaloso en el contexto económico y social en el que se van a emitir.",55
AND_1990_IU_es.pdf,AND,1990,IU,es,Comisiones Obreras de Andalucía IZQUIERDA UNIDA - CONVOCATORIA POR ANDALUCÍA Los mecanismos de control parlamentario y social de la empresa pública RTVA deben agilizarse al máximo a partir de la puesta en marcha del servicio.,35
AND_1990_IU_es.pdf,AND,1990,IU,es,La desafortuna elección del Director General por el gobierno y la imposibilidad del Consejo de Administración para controlar su gestión nos llevan a proponer un cambio en la ley de la RTVA.,32
AND_1990_IU_es.pdf,AND,1990,IU,es,"Con el fin de asegurar la independencia de la radio y televisión andaluza respecto al gobierno, IU-CA propondrá una modificación para que el Director General de la RTVA sea nombrado y, en su caso cesado, a propuesta del Consejo de Administración.",41
AND_1990_IU_es.pdf,AND,1990,IU,es,"De acuerdo con estas propuestas, los representantes de IU-CA en el Parlamento y en el Consejo de Administración defenderán las siguientes medidas concretas: - Cumplimiento de los fines y objetivos contemplados en la ley.",34
AND_1990_IU_es.pdf,AND,1990,IU,es,"- Cambios en la programación de Canal Sur Televisión orientados hacia la calidad, la producción propia y la valoración europea.",20
AND_1990_IU_es.pdf,AND,1990,IU,es,"- Regulación del derecho de acceso (hoy exclusivamente concedido a la iglesia católica) para todos los colectivos sociales y culturales que lo reclamen, a través de la programación de una banda horaria de participación.",34
AND_1990_IU_es.pdf,AND,1990,IU,es,"- Creación de los Consejos de Comunicación en Canal Sur Radio y Canal Sur Televisión, con el fin de que los trabajadores y trabajadoras participen en los contenidos y propuestas de los programas, así como en el nombramiento de las jefaturas.",41
AND_1990_IU_es.pdf,AND,1990,IU,es,"- Aumento de plantilla de producción y reducción de los puestos directivos, para conseguir mayor profesionalización.",16
AND_1990_IU_es.pdf,AND,1990,IU,es,"- Limitación de la publicidad durante la emisión de películas y series de calidad, de forma que no interrumpan la emisión.",21
AND_1990_IU_es.pdf,AND,1990,IU,es,- Realizar estudios de viabilidad para la puesta en marcha del segundo canal en Canal Sur Televisión.,17
AND_1990_IU_es.pdf,AND,1990,IU,es,"- Promoción de las mujeres a los puestos de dirección de las empresas CST, CSR y RTVA.",17
AND_1990_IU_es.pdf,AND,1990,IU,es,"- Limitación de los gastos y control de las producciones encargadas a terceros, con el fin de que se ajusten a presupuesto y reunan la calidad exigida.",27
AND_1990_IU_es.pdf,AND,1990,IU,es,- Retirada de los anuncios que ridiculicen a degraden el habla o las costumbres de Andalucía.,16
AND_1990_IU_es.pdf,AND,1990,IU,es,"- Aumento de las inversiones en infraestructura y medios de producción, cuidando descentralizar la producción en los ocho centros provinciales.",20
AND_1990_IU_es.pdf,AND,1990,IU,es,- Participación de los representantes sindicales en la gestión de las empresas y en los planes de actuación de las mismas.,21
AND_1990_IU_es.pdf,AND,1990,IU,es,Asimismo IU-CA propondrá dos modificaciones legales: - Cambios en la ley creadora de RTVA para que el Director General sea elegido por el Consejo de Administración.,26
AND_1990_IU_es.pdf,AND,1990,IU,es,- Cambio en la ley de terceros canales o simple aceptación de la normativa europea sobre Televisión sin Fronteras con el fin de posibilitar que los canales autonómicos puedan ser recibidos en todas las comunidades autónomas.,36
AND_1990_IU_es.pdf,AND,1990,IU,es,De forma especial Canal Sur Televisión debe realizar las gestiones para ser recibida en Cataluña y allí donde abunde la emigración andaluza.,22
AND_1990_IU_es.pdf,AND,1990,IU,es,Comisiones Obreras de Andalucía IZQUIERDA UNIDA - CONVOCATORIA POR ANDALUCÍA Estamos presenciando la aparición acelerada de medios de comunicación de carácter local o comarcal.,24
AND_1990_IU_es.pdf,AND,1990,IU,es,El primer objeto a delimitar es la determinación de la comunicación ciudadana de forma que bajo este concepto no se oculten intereses comerciales.,23
AND_1990_IU_es.pdf,AND,1990,IU,es,"Así, para IU-CA el carácter público de los medios de comunicación se define por lo siguiente: a) De titularidad pública, bien a través de las corporaciones locales o de instituciones, asociaciones y otras entidades sin afanes de lucro.",38
AND_1990_IU_es.pdf,AND,1990,IU,es,"b) Servicios sujetos a autoregulación de publicidad, sin que esta intervenga en la programación.",14
AND_1990_IU_es.pdf,AND,1990,IU,es,"c) Contenidos determinados por el interés público, la promoción cultural la diversión y el conocimiento de la realidad.",18
AND_1990_IU_es.pdf,AND,1990,IU,es,d) Medios de comunicación con instrumentos de participación social en todas las fases de elaboración del proyecto especialmente atentos al pluralismo social y cultural.,24
AND_1990_IU_es.pdf,AND,1990,IU,es,"Con estos planteamientos, IU-CA considera la comunicación local como un servicio público que es preciso impulsar sin ningún tipo de cortapisas legales o financieras.",24
AND_1990_IU_es.pdf,AND,1990,IU,es,El derecho de cada municipio a tener un servicio de comunicación va a ser impulsado a través de mociones en los Plenos municipales.,23
AND_1990_IU_es.pdf,AND,1990,IU,es,"En cuanto al proyecto de estos servicios, IU-CA se pronuncia por la fórmula de talleres de radio y televisión.",19
AND_1990_IU_es.pdf,AND,1990,IU,es,Esta fórmula permite la participación social y la formación profesional de los jóvenes en las tecnologías de la comunicación.,19
AND_1990_IU_es.pdf,AND,1990,IU,es,IU-CA reclama la inmediata ordenación de la comunicación institucional que debe de realizarse con pleno respeto a la autonomía municipal.,20
AND_1990_IU_es.pdf,AND,1990,IU,es,"Las órdenes de cierre contra emisoras municipales y la discrecionalidad política con que se aplica la Ley de Ordenación de las Telecomunicaciones, constituye hechos lamentables que acaban con una esperpéntica guerra jurídica entre administraciones.",34
AND_1990_IU_es.pdf,AND,1990,IU,es,Para IU-CA es necesario determinar una Banda ciudadana en el dial y regular la comunicación local.,16
AND_1990_IU_es.pdf,AND,1990,IU,es,Las llamadas emisoras libres suponen un fenómeno alternativo y dinamizador por el que IU-CA apuesta.,15
AND_1990_IU_es.pdf,AND,1990,IU,es,"En este sentido, IU-CA propone su desarrollo y vertebración en Andalucía, dentro de esta regulación general de Banda ciudadana.",19
AND_1990_IU_es.pdf,AND,1990,IU,es,"De acuerdo con la fórmula participativa que deben adoptar estas comunicaciones, IU-CA propone la creación de Consejos municipales de comunicación como órgano de gestión de los servicios municipales de comunicación.",30
AND_1990_IU_es.pdf,AND,1990,IU,es,"La composición del Consejo incluye las organizaciones sindicales, asociaciones civiles y culturales, centros de enseñanza, Comisiones Obreras de Andalucía IZQUIERDA UNIDA - CONVOCATORIA POR ANDALUCÍA miembros del taller de radio y televisión, así como una representación proporcional de las fuerzas políticas presentes en la corporación.",45
AND_1990_IU_es.pdf,AND,1990,IU,es,Los Ayuntamientos deben promover conciertos con el INEM y con las instituciones educativas para la creación de talleres-escuelas de radio.,20
AND_1990_IU_es.pdf,AND,1990,IU,es,De forma específica IU-CA realizará un plan de formación en estas ramas.,12
AND_1990_IU_es.pdf,AND,1990,IU,es,"Los servicios de radiodifusión definidos como servicios públicos y guiados por el principio de rentabilidad social, deben tener línea de financiación a través de las administraciones públicas.",27
AND_1990_IU_es.pdf,AND,1990,IU,es,Por ello IU-CA promoverá una Ley de Financiación de carácter estatal.,11
AND_1990_IU_es.pdf,AND,1990,IU,es,Las emisoras constituidas al amparo de las corporaciones locales necesitan una asociación de carácter andaluz que las representen ante la administración y facilite su labor.,25
AND_1990_IU_es.pdf,AND,1990,IU,es,IU-CA impulsará la asociación de estas emisoras en la EMA (Emisoras Municipales de Andalucía).,14
AND_1990_IU_es.pdf,AND,1990,IU,es,Al mismo tiempo reclama de la administración autónoma la urgente inscripción de esta asociación y su reconocimiento como interlocutor válido.,20
AND_1990_IU_es.pdf,AND,1990,IU,es,IU-CA propone la libre colaboración de las emisoras ciudadanas y libres.,11
AND_1990_IU_es.pdf,AND,1990,IU,es,"Para ello, el Gobierno andaluz promocionará proyectos de colaboración en materia de producción o equipamientos.",15
AND_1990_IU_es.pdf,AND,1990,IU,es,"La regulación de estas comunicaciones debe, pues, permitir el funcionamiento en cadena o cualquier fórmula asociativa.",16
AND_1990_IU_es.pdf,AND,1990,IU,es,"Comisiones Obreras de Andalucía IZQUIERDA UNIDA - CONVOCATORIA POR ANDALUCÍA En el camino de la vertebración informativa de Andalucía el primer y más económico paso a dar es la puesta en marcha de una Agencia de Noticias que cubra la totalidad del territorio andaluz, y permita a un costo económico accesible a los medios de comunicación existentes conseguir información abundante, veraz y objetiva.",63
AND_1990_IU_es.pdf,AND,1990,IU,es,La necesidad de que la iniciativa de la creación de ANA se tome desde el Parlamento andaluz y se destinen fondos públicos a ese objetivo viene dada por la falta de iniciativas particulares solventes y como el mejor medio de garantizar el derecho de los andaluces a tener una información veraz de lo que sucede en su región.,58
AND_1990_IU_es.pdf,AND,1990,IU,es,La garantía de este supuesto de veracidad conlleva que la creación de ANA lleve aparejada la aprobación de un proyecto de ley que fije un Estatuto a ANA que permita a sus gestores y profesionales desempeñar sus tareas sin intromisiones administrativas ni políticas.,43
AND_1990_IU_es.pdf,AND,1990,IU,es,ANA y su Estatuto situarían a la Junta de Andalucía en vanguardia de la comunicación informativa en el Estado español.,20
AND_1990_IU_es.pdf,AND,1990,IU,es,"Por ello, se propone la creación de una Agencia Andaluza de Noticias en la que se el por ciento del capital sea propiedad de la Junta de Andalucía y el resto se ofrezca a los distintos medios de comunicación, regulada por un Estatuto que garantice la objetividad, veracidad e independencia de su funcionamiento profesional.",54
AND_1990_IU_es.pdf,AND,1990,IU,es,Tanto la creación de la Agencia de Noticias Andaluza (ANA) como el Estatuto de su funcionamiento profesional serán regulados por sendos Proyectos de ley a debatir en el Parlamento Andaluz.,30
AND_1990_IU_es.pdf,AND,1990,IU,es,"La dispersión rural de la población andaluza y la extensión de la región, junto a las malas carreteras, hacen muy costosa la distribución de la prensa diaria que, debido a ello, no alcanza más que a una parte pequeña del territorio andaluz y eso de modo reducido a algunas publicaciones por su carácter local, en unos casos, o nacional, en otros.",61
AND_1990_IU_es.pdf,AND,1990,IU,es,"En todo caso, esas dificultades se traducen en la inexistencia de una prensa regional y en la negación a una parte muy importante de la población andaluza de su derecho a recibir información por escrito.",35
AND_1990_IU_es.pdf,AND,1990,IU,es,La creación de una Distribuidora Andaluza de Prensa y su sostenimiento por fondos públicos está justificado en la medida que garantice el derecho de los ciudadanos.,26
AND_1990_IU_es.pdf,AND,1990,IU,es,"Paralelamente, pone los medios necesarios para que la prensa en Andalucía se desarrolle y pueda alcanzar la escala regional.",19
AND_1990_IU_es.pdf,AND,1990,IU,es,"Los fondos públicos destinados al mantenimiento de la Distribuidora son, además, una forma de subvención a la prensa mucho más racional y objetiva que la existente vía consumo de papel que beneficia a los medios más consolidados en detrimento de los que tienen menor publicidad.",45
AND_1990_IU_es.pdf,AND,1990,IU,es,Esa legislación ha sido ya rechazada por la Comunidad Europea que ha exigido a las autoridades españolas una forma diferente de apoyo público a la prensa no discriminatorio.,28
AND_1990_IU_es.pdf,AND,1990,IU,es,"El apoyo económico vía distribución, por su carácter equitativo, ya que favorece a todas las publicaciones por igual con independencia de su cobertura publicitaria, es el seguido por otros países europeos.",31
AND_1990_IU_es.pdf,AND,1990,IU,es,"Cabe citar, por ejemplo, las Nouvelles Messageries de Francia, que distribuyen prácticamente toda la prensa diaria con apoyo del Estado francés.",21
AND_1990_IU_es.pdf,AND,1990,IU,es,"Comisiones Obreras de Andalucía IZQUIERDA UNIDA - CONVOCATORIA POR ANDALUCÍA Se propone la creación de una Distribuidora Andaluza de Prensa que, al tiempo que facilite los medios materiales para hacer llegar la prensa a toda la región, garantice a los habitantes de las zonas rurales el derecho a la información escrita.",51
AND_1990_IU_es.pdf,AND,1990,IU,es,La creación de la Distribuidora Andaluza de Prensa tendría que ser aprobada por el Parlamento Andaluz reservando a la Junta de Andalucía el por ciento de las acciones y distribuyendo el resto entre aquellos medios de comunicación que lo deseen.,40
AND_1990_IU_es.pdf,AND,1990,IU,es,"IU-CA propone reformular la actual PRODUCTORA ANDALUZA DE PROGRAMAS (PAP S.A.) de forma que desarrolle, realmente, la cinematografía andaluza.",19
AND_1990_IU_es.pdf,AND,1990,IU,es,"Para ello, la actual Productora debe cambiar su organización y funcionamiento del siguiente modo: Elaborando un Plan de objetivos para el desarrollo de sus actividades que debe hacerse público y que contará con los siguientes fines: .",37
AND_1990_IU_es.pdf,AND,1990,IU,es,Aumento en la infraestructura de la producción andaluza.,8
AND_1990_IU_es.pdf,AND,1990,IU,es,Fomentar los contenidos culturales relacionados con Andalucía.,7
AND_1990_IU_es.pdf,AND,1990,IU,es,Ampliando su capital social con dinero público.,7
AND_1990_IU_es.pdf,AND,1990,IU,es,Elaborando un baremo para otorgar subvenciones que tenga en cuenta la calidad y los objetivos diseñados.,16
AND_1990_IU_es.pdf,AND,1990,IU,es,Este baremo se realizará de forma participativa con los representantes de la industria audiovisual de Andalucía.,16
AND_1990_IU_es.pdf,AND,1990,IU,es,"Modificando el Consejo de Administración de esta Sociedad, de forma que participen en ella no sólo los representantes de la Administración sino también los diversos sectores implicados en la producción audiovisual.",31
AND_1990_IU_es.pdf,AND,1990,IU,es,Comisiones Obreras de Andalucía IZQUIERDA UNIDA - CONVOCATORIA POR ANDALUCÍA Hablar de las mujeres y los medios de Comunicación tiene que conducir necesariamente a cuestionar la estructura real de los Medios de Comunicación.,33
AND_1990_IU_es.pdf,AND,1990,IU,es,"Hasta ahora el discurso feminista o simplemente progresista con respecto a los Medios de Comunicación analizaba fenómenos parciales como son, la publicidad, alguna programación concreta que de forma grosera haya ridiculizado el género femenino.",34
AND_1990_IU_es.pdf,AND,1990,IU,es,"Habría que iniciar una nueva crítica hacia los Medios de Comunicación de carácter integral y que afectara a la infraestructura de los mismos, los contenidos y los protagonistas (hoy masculinizados).",30
AND_1990_IU_es.pdf,AND,1990,IU,es,"En cuanto a la estructura de los Medios de Comunicación vienen determinados tanto los públicos como los privados por la necesidad de ganar dinero y rentabilizar el producto, ello quiere decir, que se busque el público más amplio con el menor costo posible.",43
AND_1990_IU_es.pdf,AND,1990,IU,es,"Esta necesidad determina unos Medios de Comunicación caracterizados por el espectáculo, el consumo como melodramas, folletines, concursos, etc.",18
AND_1990_IU_es.pdf,AND,1990,IU,es,Los dueños de la comunicación social tienen además presente que el público femenino es mayoritario en algunas bandas horarias.,19
AND_1990_IU_es.pdf,AND,1990,IU,es,"Asimismo el anunciante, verdadero arrendatario de los Medios de Comunicación tiene muy en cuenta que el de los productos son adquiridos por mujeres aunque su uso sea masculino.",28
AND_1990_IU_es.pdf,AND,1990,IU,es,"Todo ello ha llevado a concluir en los últimos años en una verdadera proliferación de programas destinados a la mujer en los que bajo un falso respeto e incluso veneración hacia el género femenino se reproduce y mistifican los papeles tradicionales de ama de casa, así como el acritinismo, la sumisión y el ternurismo.",54
AND_1990_IU_es.pdf,AND,1990,IU,es,Impulsar una alternativa liberadora en los Medios de Comunicación tiene necesariamente que comenzar por una crítica a los modelos de comunicación basados en el espectáculo y la rentabilidad económica y un modelo alternativo y participativo.,35
AND_1990_IU_es.pdf,AND,1990,IU,es,"Para ello IU-CA propone lo siguiente: Una publicidad reglada con serias limitaciones en cuanto a la cantidad, momento de emisión y contenidos.",22
AND_1990_IU_es.pdf,AND,1990,IU,es,Una serie de medidas prohibicionistas para cualquier emisión que discrimine o infravalore la imagen de la mujer.,17
AND_1990_IU_es.pdf,AND,1990,IU,es,"Un profundo cambio en los programas informativos cambiando el signo de los protagonistas sociales, hoy absolutamente masculinos.",17
AND_1990_IU_es.pdf,AND,1990,IU,es,Cambios en las direcciones de los medios de comunicación para posibilitar que un mayor número de mujeres participen en las decisiones de las empresas hoy masculinizadas.,26
AND_1990_IU_es.pdf,AND,1990,IU,es,Se da la circunstancia de que mientras que un mayor número de profesionales mujeres se incorporen a los medios de comunicación en los puestos directivos ya que actualmente están copados por personal masculino.,33
AND_1990_IU_es.pdf,AND,1990,IU,es,"Derecho de acceso directo a través de programas hechos por mujeres y con contenido feministas, en todos los medios de titularidad pública regionales y locales.",25
AND_1990_IU_es.pdf,AND,1990,IU,es,"Un compromiso de las instituciones públicas andaluzas para legislar, regular yo impulsar estas actuaciones.",14
AND_1990_IU_es.pdf,AND,1990,IU,es,Comisiones Obreras de Andalucía IZQUIERDA UNIDA - CONVOCATORIA POR ANDALUCÍA La Junta de Andalucía destina más de mil millones anuales a publicitar sus actuaciones.,24
AND_1990_IU_es.pdf,AND,1990,IU,es,"Esta actividad se realiza sin participación ni control alguno e incluso, en algunas ocasiones, llega a convertirse en simple propaganda del Poder.",22
AND_1990_IU_es.pdf,AND,1990,IU,es,"Para democratizar esta situación, IU-CA propone lo siguiente: - Traspasar las competencias sobre publicidad al Consejo Andaluz de la Comunicación.",20
AND_1990_IU_es.pdf,AND,1990,IU,es,"- Elaborar una normativa, discutida y aprobada en el Parlamento sobre la definición, alcance y regulación de la publicidad institucional, que atienda sólo a campañas de interés público y con una distribución equilibrada en los medios de comunicación andaluces, sin vetos ni preferencias.",43
AND_1990_IU_es.pdf,AND,1990,IU,es,"En cuanto a la publicidad comercial, IU-CA se compromete a: - Proteger las obras cinematográficas y los productos de calidad del acoso publicitario, prohibiendo el corte durante su emisión en los medios de titularidad pública.",35
AND_1990_IU_es.pdf,AND,1990,IU,es,"- Aplicar las normativas de publicidad, especialmente en cuanto a la limitación por hora de emisión, prohibición de la violencia, agresividad, protección a la infancia y no discriminación.",28
AND_1990_IU_es.pdf,AND,1990,IU,es,"- Aprobar una normativa antisexista que revise en la publicidad cualquier actitud más o menos velada, de sexismo y discriminación.",20
AND_1990_IU_es.pdf,AND,1990,IU,es,- Prohibir los anuncios en que se ridiculice o degrade el habla o las costumbres de Andalucía.,17
AND_1990_IU_es.pdf,AND,1990,IU,es,- Regulación más restrictiva de la publicidad infantil y aplicación con rigor.,12
AND_1990_IU_es.pdf,AND,1990,IU,es,- Integrar el estudio de la imagen y del lenguaje audiovisual dentro del currículum de lenguaje en los planes de estudio del periodo obligatorio.,24
AND_1990_IU_es.pdf,AND,1990,IU,es,"- Modificar la orientación de la Facultad de Ciencias de la Información derogando el número de clausura y la orientación selectiva, así como dotándola de mayor presupuesto e infraestructura.",29
AND_1990_IU_es.pdf,AND,1990,IU,es,"- Regular la formación profesional en el del sector público y privado de forma que desde la Administración se exijan unos mínimos de cualificación, infraestructura y dotaciones.",27
AND_1990_IU_es.pdf,AND,1990,IU,es,"- Creación de un Instituto de la Radio y Televisión de Andalucía, con participación de los sectores públicos y de la industria audiovisual, para formar y completar y actualizar a los profesionales de la comunicación.",35
AND_1990_IU_es.pdf,AND,1990,IU,es,Comisiones Obreras de Andalucía IZQUIERDA UNIDA - CONVOCATORIA POR ANDALUCÍA Lograr unas condiciones laborales dignas para todos los trabajadores del sector de la comunicación en sus diferentes ramas.,28
AND_1990_IU_es.pdf,AND,1990,IU,es,"Elaborar un convenio andaluz de prensa y comunicaciones que afecte a empresas públicas, privadas, gabinetes de información, etc.",18
AND_1990_IU_es.pdf,AND,1990,IU,es,Derogación de la ley de prensa de y regulación del secreto profesional.,12
AND_1990_IU_es.pdf,AND,1990,IU,es,Conexión con la Federación Europea de Sindicatos audiovisual europeo también en los derechos de los trabajadores de los medios.,19
AND_1990_IU_es.pdf,AND,1990,IU,es,"En el momento en que una comisión del Congreso de los Diputados discute la reforma del Estatuto de RTVE, Izquierda Unida Convocatoria por Andalucía estima que es el momento de introducir un criterio claro para los denominados Centros Territoriales.",39
AND_1990_IU_es.pdf,AND,1990,IU,es,"La radio o la televisión no son, como la luz y el teléfono, unas redes técnicas.",16
AND_1990_IU_es.pdf,AND,1990,IU,es,"Por ello, mientras tiene todo el sentido que exista una sola red telefónica o eléctrica, carece de sentido la crítica que se hace al desarrollo de la radio y la televisión públicas con el argumento de que ya existe Canal Sur para ofrecer esos servicios.",45
AND_1990_IU_es.pdf,AND,1990,IU,es,El verdadero debate no es si debe haber más medios de comunicación públicos o privados.,15
AND_1990_IU_es.pdf,AND,1990,IU,es,"Lo que interesa de verdad es saber si los contenidos de las diversas emisoras satisfacen o no las necesidades sociales, culturales y recreativas de los andaluces y andaluzas.",28
AND_1990_IU_es.pdf,AND,1990,IU,es,"Y ello desemboca necesariamente en la capacidad de producción propia de las emisoras; si no se da una producción propia y la emisora de radio o televisión se limita a reproducir programas, ya sabemos de antemano que se está asistiendo a un proceso de aculturación, en el que un pueblo, el andaluz, se convierte en un mero receptor de unos contenidos pensados en otras sociedades con otros gustos y costumbres.",70
AND_1990_IU_es.pdf,AND,1990,IU,es,"Otra cultura que será la nuestra o la de nuestros hijos, que ya lo está siendo porque llevamos ya mucho tiempo consumiendo la programación que se hace en otros lugares.",30
AND_1990_IU_es.pdf,AND,1990,IU,es,Y con una determinada filosofía.,5
AND_1990_IU_es.pdf,AND,1990,IU,es,"Ahora bien, producción propia exige, además de voluntad de remover los obstáculos que significan el aprendizaje de una comunicación, la audiovisual, que tiene sus reglas, una determinada dimensión.",28
AND_1990_IU_es.pdf,AND,1990,IU,es,La pro Comisiones Obreras de Andalucía IZQUIERDA UNIDA - CONVOCATORIA POR ANDALUCÍA ducción audiovisual es mucho más cara que el alquiler de los que otros han hecho.,27
AND_1990_IU_es.pdf,AND,1990,IU,es,"Y, por ello, sólo está al alcance de quien disponga de recursos suficientes.",13
AND_1990_IU_es.pdf,AND,1990,IU,es,"En la actualidad, la publicidad financia a TVE y TVE financia a RNE.",13
AND_1990_IU_es.pdf,AND,1990,IU,es,"Para Izquierda Unida, los Presupuestos del Estado deben contener dinero para RTVE de forma que la programación aumente el contenido de la producción propia y ésta responda a intereses sociales y no sólo comerciales, como en la actualidad.",38
AND_1990_IU_es.pdf,AND,1990,IU,es,"Desde esa perspectiva, la programación de RNE y TVE en Andalucía debe contar con los medios humanos, técnicos y financieros adecuados.",21
AND_1990_IU_es.pdf,AND,1990,IU,es,"Los actuales presupuestos para TVE Andalucía son especialmente ridículos, del orden de los millones de pesetas, cuando Canal Sur dispone de cifras setenta veces mayores.",25
AND_1990_IU_es.pdf,AND,1990,IU,es,"La dotación de personal es igualmente ridícula, incluso comparada con la de la RNE en Andalucía, con lo que se da la paradoja de que a mayor audiencia menor personal.",30
AND_1990_IU_es.pdf,AND,1990,IU,es,"Y como en toda la RTVE, no existe una dirección profesional, cubriéndose los cargos directivos por afinidades políticas en detrimento de la pluralidad y la objetividad y de la promoción profesional de los trabajadores.",34
AND_1990_IU_es.pdf,AND,1990,IU,es,"Por todo ello, los anuncios de instalación en Sevilla de un Centro de Producción aprovechando la cobertura necesaria para la Expo deben concretarse.",23
AND_1990_IU_es.pdf,AND,1990,IU,es,Y ya han pasado seis meses desde que el anterior director general lo proclamase sin que se haya hecho nada.,20
AND_1990_IU_es.pdf,AND,1990,IU,es,"Izquierda Unida-Convocatoria por Andalucía entiende que una buena parte de las cuestiones que contiene el Estatuto de RTVE, como el derecho de acceso para los grupos socialmente significativos, debe cumplirse sin más dilación, para evitar que sólo los programas religiosos sean, diez años después de estar vigente el Estatuto, los que se beneficien de la emisión.",56
AND_1990_IU_es.pdf,AND,1990,IU,es,"Igualmente, los Consejos Asesores deben asumir sus competencias en materia de programación, para evitar tristes espectáculos como el que los acuerdos alcanzados por los partidos políticos en el Parlamento andaluz sean incumplidos por el Centro Territorial en la presente campaña electoral.",41
AND_1990_IU_es.pdf,AND,1990,IU,es,"El nuevo Estatuto tendría que tener contemplados los derechos a la cláusula de conciencia, al secreto profesional, los consejos de redacción y a la promoción profesional interna, sin más límites que el mérito y la capacidad.",36
AND_1990_IU_es.pdf,AND,1990,IU,es,"Izquierda Unida Convocatoria por Andalucía suscribe el Manifiesto por un cine andaluz elaborado por la Asociación de Estudios y Defensa de la Información de Andalucía (DEMOS) con motivo de la celebración del Festival Internacional de Cine Autor en Málaga el año pasado, fruto de las reflexiones de un numeroso grupo de profesionales del cine y la TV.",57
AND_1990_IU_es.pdf,AND,1990,IU,es,"IU-CA denuncia la desaparición del festival, pese a estar apoyado por la totalidad de los grupos políticos del Parlamento Andaluz, fruto de una operación fracasada de las autoridades culturales de la Junta por apartar de la dirección de la Semana de Autor a quienes venían organizándola.",46
AND_1990_IU_es.pdf,AND,1990,IU,es,"La retirada de las subvenciones por la Junta a Semanautor contrasta con la decisión del Ministerio de Cultura de mantener la suya, desgraciadamente insuficiente para la celebración del festival.",29
AND_1990_IU_es.pdf,AND,1990,IU,es,"Asimismo, IU-CA apoya las conclusiones adoptadas por DEMOS tras las Jornadas Técnicas celebradas en mayo de para la creación de Comisiones Obreras de Andalucía IZQUIERDA UNIDA - CONVOCATORIA POR ANDALUCÍA una Escuela de Cine y TV en Andalucía que permita el reciclaje de los profesionales y su adaptación a las nuevas tecnologías audivisuales, especialmente a la TV de alta definición, de inminente comercialización y que borrará las actuales diferencias entre cine y TV.",73
AND_1990_IU_es.pdf,AND,1990,IU,es,"La escuela, tal y como señala DEMOS en sus conclusiones, debe servir igualmente para asegurar la formación de quienes reúnan las condiciones requeridas y permitir a los licenciados en imagen por las facultades de ciencias de la información llevar a cabo prácticas de realización.",44
AND_1990_IU_es.pdf,AND,1990,IU,es,"La escuela de cine y TV de Andalucía llenaría un vacío existente en la actualidad que hipoteca el desarrollo de un sector audiovisual en Andalucía al menos equivalente a las dimensiones de su mercado, que mueve al año decenas de miles de millones de pesetas entre las programaciones de los distintos canales de TV, la industria del video y el cine propiamente dicho.",63
AND_1990_IU_es.pdf,AND,1990,IU,es,Dados los índices de audiencia e ingresos de publicidad que proporcionan las películas emitidas por las distintas cadenas de televisión: Nos adherimos a las reivindicaciones de productores y profesionales del cine en cuanto a un sensible incremento de las tarifas de compra.,42
AND_1990_IU_es.pdf,AND,1990,IU,es,"Solicitamos el aumento de programas de promoción cinematográfica (información, debates, festivales, etc.)",12
AND_1990_IU_es.pdf,AND,1990,IU,es,"Consideramos imprescindible reforzar la presencia de profesionales capacitados en la contratación y programación de películas, máximo en el momento en el que los canales autonómicos han constituido un pool para dichas adquisiciones.",32
AND_1990_IU_es.pdf,AND,1990,IU,es,"Reclamamos la adquisición preferente de producciones españolas, la emisión en versión original subtitulada de las extranjeras y el mayor respeto al formato original de los films, prestando especial atención a los seleccionados en los festivales y encuentros que tienen lugar en los respectivos ámbitos territoriales.",45
AND_1990_IU_es.pdf,AND,1990,IU,es,"Se ha de incrementar, igualmente, la adquisición de películas de otras cinematografías de habla hispana, así como de todas aquellas otras histórica y tradicionalmente marginadas en nuestro país.",28
AND_1990_IU_es.pdf,AND,1990,IU,es,"Comisiones Obreras de Andalucía L A libertad se conquista en la democracia para exaltar, estimular y desarrollar la cultura, como baluarte del progreso institucional, escudo ante el acoso reaccionario y defensa de los valores de dignidad humana.",37
AND_1990_IU_es.pdf,AND,1990,IU,es,La democracia es la libertad sobre la base de la educación y la cultura.,14
AND_1990_IU_es.pdf,AND,1990,IU,es,El sistema representativo no basta.,5
AND_1990_IU_es.pdf,AND,1990,IU,es,Tampoco basta el desarrollo económico ni basta la promoción social.,10
AND_1990_IU_es.pdf,AND,1990,IU,es,"Es necesario acompañar al esfuerzo político, el impulso industrial y ascenso del hombre en la masa con la renovación cultural.",20
AND_1990_IU_es.pdf,AND,1990,IU,es,El Estado democrático está obligado a garantizar el derecho a la cultura.,12
AND_1990_IU_es.pdf,AND,1990,IU,es,Así lo reconoce la Declaración Universal de los Derechos del Hombre sancionada después de la última guerra mundial.,18
AND_1990_IU_es.pdf,AND,1990,IU,es,Toda persona tiene el derecho a obtener la satisfacción de sus requerimientos culturales.,13
AND_1990_IU_es.pdf,AND,1990,IU,es,Toda persona tiene el derecho a participar libremente en la vida cultural de la comunidad.,15
AND_1990_IU_es.pdf,AND,1990,IU,es,"Nuestra Constitución, promulgada en ., establece: Los poderes públicos promoverán y tutelarán el acceso a la cultura a la que todos tienen derecho.",23
AND_1990_IU_es.pdf,AND,1990,IU,es,Los poderes públicos promoverán la ciencia y la investigación científica y técnica en beneficio del interés general.,17
AND_1990_IU_es.pdf,AND,1990,IU,es,"Los poderes públicos garantizarán la conservación y promoverán el enriquecimiento del patrimonio histórico, cultural y artístico de los pueblos de España y de los bienes que lo integran, cualquiera que sea su régimen jurídico y su titularidad.",37
AND_1990_IU_es.pdf,AND,1990,IU,es,La ley penal sancionará los atentados contra este patrimonio.,9
AND_1990_IU_es.pdf,AND,1990,IU,es,"Los poderes públicos promoverán las condiciones para la participa- DEPARTAMENTO DE LA INVESTIGACIÓN Comisiones Obreras de Andalucía IZQUIERDA UNIDA - CONVOCATORIA POR ANDALUCÍA ción libre y eficaz de la juventud en el desarrollo político, social, económico y cultural.",38
AND_1990_IU_es.pdf,AND,1990,IU,es,"Los poderes públicos fomentarán la educación sanitaria, la educación física y el deporte.",13
AND_1990_IU_es.pdf,AND,1990,IU,es,"Asimismo, facilitarán la adecuada utilización del ocio.",7
AND_1990_IU_es.pdf,AND,1990,IU,es,"En Andalucía estamos obligados a elevar la cultura en todas sus manifestaciones, en razón de ganar el tiempo perdido en largos años de dictadura y frustraciones.",26
AND_1990_IU_es.pdf,AND,1990,IU,es,El sistema democrático y sus instituciones se deteriorarán y corromperán en la medida que aparezcan como indiferente e ineficaces ante los apremios y necesidades de la cultura.,27
AND_1990_IU_es.pdf,AND,1990,IU,es,"El Estado democrático debe promover la cultura sin discriminaciones políticas, ideológicas o estéticas, sin exigirle al artista, al escritor, al creador, sometimiento alguno, sin reparar en tendencias y escuelas, sin preferencias generacionales.",32
AND_1990_IU_es.pdf,AND,1990,IU,es,El Estado está obligado a estimular y proteger al trabajador intelectual.,11
AND_1990_IU_es.pdf,AND,1990,IU,es,"Hay que hacer un gran esfuerzo en Andalucía por elevar la condición del hombre, sacarlo de su postración espiritual.",19
AND_1990_IU_es.pdf,AND,1990,IU,es,En Andalucía la educación y la cultura sirven singularmente para realizar un papel nivelador y alcanzar verdaderos objetivos de progreso social.,21
AND_1990_IU_es.pdf,AND,1990,IU,es,"Para que el sistema democrático llegue a ser efectivo es necesario que garantice el disfrute y el ejercicio de la cultura, el acceso a los medios de cultura y la libertad plena para la creación artística.",36
AND_1990_IU_es.pdf,AND,1990,IU,es,"Igualmente, el régimen democrático debe garantizar la libre difusión de la cultura a través de los medios de comunicación social.",20
AND_1990_IU_es.pdf,AND,1990,IU,es,"De lo contrario, el sistema democrático será un juego formal La expresión política cultural, es un conjunto de principios operacionales, de prácticas o procedimientos de gestión administrativa y presupuestaria que deben servir de base a la misión cultural del Estado.",40
AND_1990_IU_es.pdf,AND,1990,IU,es,"No hay una política cultural uniforme para todas las naciones, pues pertenece a cada Estado la misión de determinar su propia política cultural en función de los valores nacionales y de objetivos y opciones que el propio Estado fije y admita.",41
AND_1990_IU_es.pdf,AND,1990,IU,es,"Para los expertos de la UNESCO, la acción cultural debe contemplar la acción educativa y los partes de la ciencia y la tecnología.",23
AND_1990_IU_es.pdf,AND,1990,IU,es,La cultura debe poner el desarrollo al servicio del hombre.,10
AND_1990_IU_es.pdf,AND,1990,IU,es,"Ya no es suficiente la adopción de medidas de carácter cultural que van a favorecer a minorías privilegiadas, sino la puesta en marcha de una política cultural ambiciosa para el conjunto de la población, a fin de que ella pueda participar activamente en la vida cultural.",46
AND_1990_IU_es.pdf,AND,1990,IU,es,Se ha reconocido universalmente el principio de que debe haber simultaneidad entre el desarrollo económico-social y el desarrollo cultural.,19
AND_1990_IU_es.pdf,AND,1990,IU,es,"La cultura tiene una influencia muy favorable sobre los medios de producción de que dispone el hombre, e inversamente todo progreso material contribuye a la promoción de la cultura.",29
AND_1990_IU_es.pdf,AND,1990,IU,es,"Dicen los expertos de la UNESCO: El dinamismo económico se refleja sobre todo el plan cultural y la actividad cultural favorece la economía.- No se puede disociar la educación de la cultura, política educacional, de la política cultural.",38
AND_1990_IU_es.pdf,AND,1990,IU,es,Tampoco puede separar la política de fomento de la ciencia y la técnica de la política cultural.,17
AND_1990_IU_es.pdf,AND,1990,IU,es,Es necesario integrar ciencia en cultura y estudiar la transformación de cultura bajo la influencia de la ciencia y la moda tecnología.,22
AND_1990_IU_es.pdf,AND,1990,IU,es,Hay que comprender claramente que los programas de educación y alfabetización forman un todo indisoluble en los programas de desarrollo Comisiones Obreras de Andalucía IZQUIERDA UNIDA - CONVOCATORIA POR ANDALUCÍA cultural.,31
AND_1990_IU_es.pdf,AND,1990,IU,es,Sólo una programación cultural del país en su conjunto le otorga fuerza al proceso de educación básica.,17
AND_1990_IU_es.pdf,AND,1990,IU,es,"En todo caso, la intervención del Estado no debe en ningún momento ejercerse en detrimento de la libertad en cualquiera de sus facetas.",23
AND_1990_IU_es.pdf,AND,1990,IU,es,"A la vista de la gran importancia que los medios audiovisuales tienen sobre nuestra sociedad, IU-CA presenta las siguientes propuestas para tratar que los medios audiovisuales públicos, que han contribuido poderosamente a crear y desarrollar la democracia, cumplan una función cultural y social conforme a sus posibilidades, evitando los rasgos más negativos de culturización anglosajona y la alienación cultural.",59
AND_1990_IU_es.pdf,AND,1990,IU,es,"Paralelamente, IU-CA presenta un completo programa de animación cultural (libro, disco, cine, teatro, etcétera.",14
AND_1990_IU_es.pdf,AND,1990,IU,es,") a desarrollar por todos los medios y a todos los niveles el barrio, el pueblo, la comarca, las capitales, las provincias y la región andaluza en su conjunto en el que destacamos la inclusión del ocio y el deporte como otras manifestaciones más de cultura, entendida así como la resultante de la actividad humana global.",56
AND_1990_IU_es.pdf,AND,1990,IU,es,"Nuestra propuesta de acción cultural parten de un principio capital que trata de aunar la libertad de creación y expresión con su efectiva posibilidad de desarrollarse: el principio de que el dinero público debe dirigirse a la acción cultural para propiciar la existencia de los medios necesarios para que las libertades de expresión y creación puedan llevarse a cabo, dejando a los hombres y mujeres, considerados individualmente ó en conjunto, la decisión del modo en que se deben emplear.",79
AND_1990_IU_es.pdf,AND,1990,IU,es,La alternativa de gobierno que proponemos supone una política que oriente a la sociedad andaluza hacia un nuevo modelo de cultura liberador y transformador.,24
AND_1990_IU_es.pdf,AND,1990,IU,es,"Nuestra acción cultural se basa en los presupuestos políticos que siguen: Ante el desigual acceso de la población a la acción cultural, fundamentamos nuestra actuación en el igual derecho de todos los ciudadanos, sin distinción, para la actuación en el campo de la cultura.",44
AND_1990_IU_es.pdf,AND,1990,IU,es,"Esto exige procurar condiciones para el acceso de las clases trabajadoras, hoy marginadas, a la vida cultural Las condiciones de paro forzoso y de marginación de amplios sectores de la población, así como un modelo social condicionado por el consumo que se potencia desde intereses trasnacionales, produce profundas disfunciones en las vivencias culturales.",53
AND_1990_IU_es.pdf,AND,1990,IU,es,"En este sentido los objetivos que proponemos exigen al modelo de política cultural planteamientos profundos que ayuden a la transformación de la sociedad con la perspectiva liberadora que desde nuestro proyecto global se persigue En una situación como la actual, con un reciente pasado traumático en el campo de la cultura, y con intervenciones de la Administración limitadora de la libertad, proclamamos la defensa de la libertad y del arte, asumiendo todas las consecuencias que de ello se derivan Con demasiada frecuencia la política cultural ha caído en la tentación de inclinarse por uno solo de los polos que se dan en la acción Comisión de Áreas de Andalucía IZQUIERDA UNIDA - CONVOCATORIA POR ANDALUCÍA cultural.",116
AND_1990_IU_es.pdf,AND,1990,IU,es,"Bien considerando únicamente la validez de las expresiones consagradas por la crítica o, en el caso más favorable de este supuesto, de lo que significa planteamientos reales de avance en cualquiera de las manifestaciones culturales, bien absolutizando exclusivamente una perspectiva falsamente popular.",42
AND_1990_IU_es.pdf,AND,1990,IU,es,Nuestra actitud es plantear un modelo de política cultural que logre un real equilibrio entre estas dos situaciones extremas con el objetivo de acercarlas y salvando el enorme abismo que hoy las separa.,33
AND_1990_IU_es.pdf,AND,1990,IU,es,"Se concreta esta actitud obviando todo paternalismo cultural en el abandono de la manipulación y utilización interesada de los creadores y de las realizaciones culturales, potenciando en todos los casos todo tipo de creación y expresión cultural.",37
AND_1990_IU_es.pdf,AND,1990,IU,es,El modelo de política cultural que proponemos evita convertir a la población en meros espectadores de la cultura.,18
AND_1990_IU_es.pdf,AND,1990,IU,es,"En el mejor de los casos se usa una política de procurar a la población expresiones culturales servidas como espectáculo en los que la calidad se da en función de la cantidad si va dirigida a grandes masas o, en caso contrario, llegan únicamente a sectores reducidos de los ciudadanos que se caracteriza por su mejor situación económica o de privilegio, para el acceso a estas manifestaciones dada la estructura de los bienes culturales que derivan de una política de clase.",81
AND_1990_IU_es.pdf,AND,1990,IU,es,Los valores culturales no son en modo alguno neutrales.,9
AND_1990_IU_es.pdf,AND,1990,IU,es,Ni la más abstracta creación cultural deja de ser una expresión más de valores o de deseos o insatisfacciones humanas.,20
AND_1990_IU_es.pdf,AND,1990,IU,es,Por ello que debamos proponer y fomentar una acción cultural destinada a que prevalezcan en nuestra sociedad aquellos valores que permiten una vida social más libre y más justa.,29
AND_1990_IU_es.pdf,AND,1990,IU,es,"La acción cultural que proponemos se debe orientar (en todas sus manifestaciones) a desarrollar el sentimiento pacifista como expresión de un desarrollo económico y social racional y progresista, debe fortalecer los vínculos de solidaridad y justicia que permiten llevar a cabo la acción social transformadora y se debe asentar en la generalización de los sentimientos de igualdad entre las personas y entre los colectivos sociales.",65
AND_1990_IU_es.pdf,AND,1990,IU,es,"Eso quiere decir, que en el mayor respeto a la iniciativa individual creadora, se debe impulsar y garantizar la producción de aquellos productos culturales que tiendan al desarrollo de estos valores y favorecer que todos los ámbitos de la acción cultural (televisión, teatro, cine, etc.) se conviertan en fuentes auténticamente libres de la expresión de los sentimientos ciudadanos.",58
AND_1990_IU_es.pdf,AND,1990,IU,es,"Hombres y mujeres somos iguales ante la Ley, aunque ello supone un avance conceptual y formal, no es suficiente.",19
AND_1990_IU_es.pdf,AND,1990,IU,es,"Se siguen trasmitiendo estereotipos de discriminación sexual, que confirman los roles tradicionales de hombres y mujeres.",16
AND_1990_IU_es.pdf,AND,1990,IU,es,"Es por ello que la incorporación de la mujer, en el mundo cultural, sigue siendo difícil y escasa, fruto de las múltiples dificultades que se les presentan: escasa formación (sobre todo de mujeres de edad avanzada), falta de tiempo libre, horarios incompatibles con las tareas domésticas.etc.",46
AND_1990_IU_es.pdf,AND,1990,IU,es,"Para lograr la incorporación de la mujer en la vida cultural andaluza, es necesario crear las condiciones que lo haga posible.",21
AND_1990_IU_es.pdf,AND,1990,IU,es,"IU-CA propone las siguientes medidas para facilitar el acceso de la Mujer Andaluza al mundo de la cultura: El Gobierno Andaluz financiará y potenciará, con cargo a los Presupuestos de la Comunidad en los Centros de Participación social: actividades culturales dirigidas especialmente a mujeres atendiendo a sus horarios, que ayuden a superar los roles que hombres y mujeres asumimos actualmente en la sociedad En todas las bibliotecas públicas se establecerá una sección dedicada a la problemática de la mujer, historia del movimiento feminista, etc. Que permita a las mujeres tomar conciencia de su propia identidad Conectores Obreras de Andalucía IZQUIERDA UNIDA - CONVOCATORIA POR ANDALUCÍA El Gobierno Andaluz financiará con cargo a los Presupuestos Generales de la Comunidad, todos aquellos estudios y trabajos de investigación dirigidos a analizar la historia, situaciones y promoción de la mujer Elaboración y puesta en marcha programas destinados a potenciar las actividades artísticas, literarias y creativas desarrolladas por mujeres Utilizar la RTVA para aprogramas de formación básica dirigidos fundamentalmente a mujeres Eliminación del lenguaje sexista que predomina en las disposiciones normativas, así como en expedientes, oficios y demás documentos administrativos La participación se entiende en un doble sentidos: participación a través de la intervención de la sociedad en la gestión y organización de las acciones que repercutan en el ámbito de la política cultural que ha de ejecutar la Junta de Andalucía y participación en la acción cultural creativa y expresión de la identidad de un pueblo.",242
AND_1990_IU_es.pdf,AND,1990,IU,es,La participación se entiende como un incuestionable derecho de la población.,11
AND_1990_IU_es.pdf,AND,1990,IU,es,"Protección de la creación cultural e intercambio entre las diversas realidades geográficas y culturales que forman el entramado andaluz, contra el fraccionamiento territorial de su cultura, destacando los valores que la caracterizan como comunidad.",34
AND_1990_IU_es.pdf,AND,1990,IU,es,"Hace falta una nueva definición de Patrimonio Histórico: conjunto de bienes de cultura material, muebles o inmuebles, producto del desarrollo histórico de una articulación social en un marco concreto.",29
AND_1990_IU_es.pdf,AND,1990,IU,es,"Por lo tanto, el bien patrimonial no debe reducirse a la dimensión de lo artístico, ni a la idea de monumentos, ni a la de museos, sino fundamentalmente a la de objetos de cultura material que se integran en un medio determinado, que son productos de la historia y que constituyen una herencia colectiva.",54
AND_1990_IU_es.pdf,AND,1990,IU,es,"Objetivos de una política sobre el Patrimonio Andaluz Recuperación del patrimonio Histórico en su globalidad: Persecución del fraude y del expolio Potenciación del Patrimonio Histórico, a través de su inserción en otros campos: turismo interior y exterior.",37
AND_1990_IU_es.pdf,AND,1990,IU,es,"Valoración del patrimonio histórico como historia y ésta como interrelación del pasado con el presente que se proyecta hacia el futuro: Política de Rehabilitación Nuestra alternativa se dirige fundamentalmente a que el ciudadano sea protagonista, sujeto de la creación y expresión culturales.",42
AND_1990_IU_es.pdf,AND,1990,IU,es,Deriva esto en una amplia participación en las decisiones políticas y fijar como objetivo prioritario la creación de infraestructuras al servicio de la cultura de la que hoy carece.,29
AND_1990_IU_es.pdf,AND,1990,IU,es,Comisiones Obreras de Andalucía IZQUIERDA UNIDA - CONVOCATORIA POR ANDALUCÍA Englobaría todo lo referente a bienes inmuebles individualizados o en su conjunto.,22
AND_1990_IU_es.pdf,AND,1990,IU,es,"No abarca sólo edificios, sino cualquier espacio catalogable como Patrimonio Histórico.",11
AND_1990_IU_es.pdf,AND,1990,IU,es,"La actuación preferente debe orientarse hacia una triple dirección: Conservación: Se trata de conservar antes que restaurar, por criterios económicos y porque la restauración siempre supone, inevitablemente, una actividad selectiva que siempre comporta cambios en el edificio o conjunto.",39
AND_1990_IU_es.pdf,AND,1990,IU,es,La restauración será necesaria en la segunda dirección de la actuación en este campo.,14
AND_1990_IU_es.pdf,AND,1990,IU,es,Revitalización: Insertar el Patrimonio en la vida de la ciudad o del municipio.,13
AND_1990_IU_es.pdf,AND,1990,IU,es,De esta manera el patrimonio se autoprotege.,7
AND_1990_IU_es.pdf,AND,1990,IU,es,Potenciar usos dinámicos de los centros y núcleos históricos.,9
AND_1990_IU_es.pdf,AND,1990,IU,es,"Huir del pastiche en el uso: al igual que la restauración conlleva cambios en los edificios, la modificación del uso trastoca la trama humana básica en la conservación del Patrimonio Histórico.",31
AND_1990_IU_es.pdf,AND,1990,IU,es,Modernización: La protección del patrimonio histórico no puede convertir a los edificios y núcleos monumentales en museos.,17
AND_1990_IU_es.pdf,AND,1990,IU,es,Para el uso dinámico de Patrimonio Histórico Monumental se potencia es necesario dotar al mismo de infraestructura y equipamientos.,19
AND_1990_IU_es.pdf,AND,1990,IU,es,La conservación del Patrimonio Histórico no puede frenar el progreso.,10
AND_1990_IU_es.pdf,AND,1990,IU,es,Conservar no es esclerotizar el patrimonio.,6
AND_1990_IU_es.pdf,AND,1990,IU,es,"Bienes culturales, muebles, inmuebles de cualquier nivel susceptibles de ser estudiados con metodología arqueología, tanto aquello que han sido extraídos con criterios científicos como cualquier otro.",26
AND_1990_IU_es.pdf,AND,1990,IU,es,En lo referente a la definición del campo de actuación y a criterios generales: criterios éstos reflejados en la actual Ley de Patrimonio Histórico.,24
AND_1990_IU_es.pdf,AND,1990,IU,es,"En lo referente a la definición preferente se señalan tres campos: - Persecución del expolio y del comercio de bienes arqueológicos No se puede emprender ninguna política de archivos coherente sin poner, previamente, las bases de una acción cultural globalizadora, integradora, transformadora, que lleve al común de nuestro pueblo a salir de su ignorancia, asumiendo las raíces que conforman su modo de ser, su identidad.",65
AND_1990_IU_es.pdf,AND,1990,IU,es,Es en este punto donde los Archivos Andaluces cobran una importancia capital.,12
AND_1990_IU_es.pdf,AND,1990,IU,es,"Si pretendemos huir de la burda y gastada repetición de tópicos, es necesario acudir a las fuentes de la Historia: los archivos.",22
AND_1990_IU_es.pdf,AND,1990,IU,es,"El Patrimonio Artístico en Andalucía es, sin duda, de los más importantes de España, y también de los más descuidados.",20
AND_1990_IU_es.pdf,AND,1990,IU,es,"Al contrario de lo acaecido con el patrimonio artístico, protegido, aunque tarde, el archivístico ha sido ignorado por el poder.",20
AND_1990_IU_es.pdf,AND,1990,IU,es,Algunas leyes en el siglo XIX y la intensa pero frustrada labor legislativa de la II República son los únicos puntos de referencia a tener en cuenta cuando se pretende abordar una verdadera política archivística.,35
AND_1990_IU_es.pdf,AND,1990,IU,es,"Se incluirán en este epígrafe cualquier bien mueble de carácter histórico susceptible de ser inventariado como tal, tanto los de titularidad pública como privada.",24
AND_1990_IU_es.pdf,AND,1990,IU,es,"Por lo tanto, no abarca sólo el campo museístico, sino cualquier tipo de colección.",14
AND_1990_IU_es.pdf,AND,1990,IU,es,"Especial atención debe prestarse a los bienes muebles de titularidad privada, tanto en la disponibilidad de dichos bienes de cara a la investigación como al comercio de los mismos y a la transmisión por cualquier circunstancia.",36
AND_1990_IU_es.pdf,AND,1990,IU,es,"En los casos de tenencia por motris causa, la Comunidad autónoma podrá ejercer derecho de transmisión para engrosar el patrimonio público.",21
AND_1990_IU_es.pdf,AND,1990,IU,es,Control riguroso en el Comisión de Bienes y Cultura IZQUIERDA UNIDA - CONVOCATORIA POR ANDALUCÍA mercado de antigüedades.,18
AND_1990_IU_es.pdf,AND,1990,IU,es,Mecanismos de expropiación en función del bien mueble.,8
AND_1990_IU_es.pdf,AND,1990,IU,es,En el caso de los museos: revisión del Convenio con el Estado Central.,13
AND_1990_IU_es.pdf,AND,1990,IU,es,"Medidas de carácter general Ley de Patrimonio Histórico Andaluz Creación de la Dirección General de Bienes de Cultura Material Nuevo organigrama para las actuales comisiones andaluzas de Bellas Artes (Comisiones de Bienes de Cultura Material) Centros de Documentación sobre el Patrimonio, en el que se integrarían todos los documentos con antigüedad mayor de cinco años Comisión de vigilancia para la restauración del Patrimonio Histórico artístico andaluz (ninguna obra de arte podría ser restaurada sin la aprobación de esta comisión) Defender y promover el uso y el prestigio del andaluz en absoluto es contradictorio con la defensa del castellano.",98
AND_1990_IU_es.pdf,AND,1990,IU,es,"En todo caso el andaluz no es una degradación del castellano, sino una particularidad cultural y socialmente arraigada.",18
AND_1990_IU_es.pdf,AND,1990,IU,es,"Hay que promover una política lingüística sobre el andaluz basada en lo siguiente: Promoción de la norma culta del andaluz, frente a los vulgarismos.",24
AND_1990_IU_es.pdf,AND,1990,IU,es,"De este modo, atendiendo a los rasgos generales invariantes en función del proceso de nivelación lingüística, y desde el punto de vista de nuestra posición política, debemos optar por el enunciado DIALECTO ANDALUZ.",33
AND_1990_IU_es.pdf,AND,1990,IU,es,Lo cual no entra en contradicción con el reconocimiento de la existencia de múltiples HABLAS.,15
AND_1990_IU_es.pdf,AND,1990,IU,es,"Apoyo a la investigación, a fin de ir vertebrando Andalucía sobre su propia autoconciencia: el andaluz es un elemento importante.",20
AND_1990_IU_es.pdf,AND,1990,IU,es,"Medidas para revisar todos los textos escolares que actualmente tratan de forma muy insuficiente, cuando no deficiente, el tema.",19
AND_1990_IU_es.pdf,AND,1990,IU,es,"Luchar contra todo tipo de discriminación laboral y profesional - enseñanza, profesionales del periodismo y todo tipo de relaciones públicas por razón del uso del andaluz Creación del Instituto Andaluz de Dialectología, para estudiar las hablas y crear las bases científicas de una política que conduzca al establecimiento de una norma andaluza.",52
AND_1990_IU_es.pdf,AND,1990,IU,es,Comisiones Obreras de Andalucía IZQUIERDA UNIDA - CONVOCATORIA POR ANDALUCÍA La actuación necesaria ante la situación en que se encuentra el libro en nuestra Comunidad tendría que ir en varios sentidos: - Creación de una Comisión Mixta (sectores del libro-Administración) que aborde en cada momento los problemas concretos y estimule la consolidación del mundo editorial en Andalucía.,57
AND_1990_IU_es.pdf,AND,1990,IU,es,Reuniones periódicas para el seguimiento de dichos problemas.,8
AND_1990_IU_es.pdf,AND,1990,IU,es,"- Agilización de los pagos institucionales hasta un máximo de tres meses de demora para sanear la situación económica, y como medio de garantizar el trabajo conjunto - Subvención al consumo de papel de unas ptaskg al año.",38
AND_1990_IU_es.pdf,AND,1990,IU,es,Esto se estima en unos millones de pesetas y que el consumo aproximado de papel es de .,18
AND_1990_IU_es.pdf,AND,1990,IU,es,"kg.) que serían a su vez reembolsadas a la Administración por los editores en libros al por de descuento - Proponer al Gobierno Central, la aplicación del I.V.A. o en la venta al finalista de libros, como una forma más de potenciar la lectura en Andalucía - Adquisición por parte de la Junta de Andalucía de unos ejemplares de cada título publicado por editoriales andaluzas y con temas andaluces.",69
AND_1990_IU_es.pdf,AND,1990,IU,es,"Estas adquisiciones estarían supervisadas por una comisión que garantice la calidad y la necesidad de cada obra para evitar posibles fraudes por parte de algún editor - Revisión de la política de edición seguida por los Ayuntamientos y Diputaciones, etc., negociándola con la Asociación de Editores Andaluces, mediante contratos de coedición - Organización de unas jornadas técnicas del libro, patrocinadas por la Consejería de Cultura, con participación de editores, impresores, etcétera.",71
AND_1990_IU_es.pdf,AND,1990,IU,es,"y que sirvieran de puesta al día y de estímulo a la creación - Puesta en marcha de una CAMPAÑA DE PROMOCIÓN DE LA LECTURA con participación de la Administración (Cultura, Educación y Comercio), Editores, Libreros, Bibliotecas, Cajas de Ahorros, Medios de Comunicación, etc. cuya duración sería la de la legislatura, y cuyo seguimiento y programación se realizaría por objetivos anuales.",61
AND_1990_IU_es.pdf,AND,1990,IU,es,"Dicha campaña se centraría en tres objetivos: Realizar la imagen del libro y la Biblioteca en la cultura actual Estímulo a la lectura del niño Estímulo a la lectura del joven y del adulto - Apoyar ante la Consejería de Comercio la concesión de préstamos a bajo interés para el saneamiento y renovación de las estructuras editoriales (y de otros sectores comerciales del libro) - Concesión de créditos especiales (a través de Comercio) para la actualización de las estructuras de Librerías y Distribuidoras, a bajo interés y con carencia de un año.",92
AND_1990_IU_es.pdf,AND,1990,IU,es,- Agilización de los trámites de pago de las distintas instituciones públicas hasta un plazo máximo de tres meses - Elaboración de un Programa de Ferias del Libro que permitan llevar dichos acontecimientos al menos a las ciudades más importantes de Andalucía - Elaboración de una Ley del Libro que permita definir los cauces por donde debe transcurrir la comercialización del libro y que evite el intrusismo existente hasta ahora - Creación de una Escuela de Formación de Libreros que potencie la profesionalidad de los mismos.,86
AND_1990_IU_es.pdf,AND,1990,IU,es,"Dichos cursos contarían con una fase Comisiones Obreras de Andalucía IZQUIERDA UNIDA - CONVOCATORIA POR ANDALUCÍA de estudios y otra práctica en la que tendrían acceso a trabajar en las librerías y distribuidoras de Andalucía con contratos de prácticas, con subvención al coste de la Seguridad Social por parte de la Junta de Andalucía (Consejería de Trabajo).",57
AND_1990_IU_es.pdf,AND,1990,IU,es,"La Escuela de Libreros estaría coordinada por la Delegación de Cultura, Comercio y las Asociaciones de Libreros y Distribuidores Andaluces.",20
AND_1990_IU_es.pdf,AND,1990,IU,es,"- El primer paso que cabría realizar sería una división comarcal (o de zona) de las mismas, distinguiendo el punto central de los periféricos - A partir de ahí, hay que realizar un estudio estadístico de la población estudiantil para ver qué tipo de estudios se imparten en dicha comarca o zona - Otro tanto hay que hacer con la población adulta para ver las preferencias culturales, y también el tipo de empleo y salidas profesionales de cada zona para determinar las necesidades bibliográficas que deberán atender dichas bibliotecas - El objetivo de esta comarcalización sería el de conseguir la interconexión de todas las bibliotecas existentes y ofreciéndoselas a una mayor cantidad de población (a través de los préstamos a otras bibliotecas) cubriendo sus necesidades culturales e informativas específicas - Para poder realizar esto de manera más efectiva habría que INFORMATIZAR toda la red de Bibliotecas (empezando por una provincia tipo, piloto) contando con una Biblioteca Central de la Comarca, que tendría el banco de datos de toda la zona y que facilitaría el acceso al resto de Bibliotecas periféricas de dicha información y a los préstamos necesarios.",188
AND_1990_IU_es.pdf,AND,1990,IU,es,"A su vez, la Biblioteca Central de la Comarca estaría conectada con la Biblioteca Central Provincial, siguiendo con ésta el mismo esquema de trabajo que en su propia comarca - Dotar y adaptar las Bibliotecas actuales y de nueva creación con una sección de Videoteca que contemple la formación y el entretenimiento del usuario - Proposición de Ley que regule el funcionamiento y servicios de las Bibliotecas Andaluzas IU-CA aboga por la potenciación de la creación literaria en un marco de absoluta libertad de expresión tanto del productora o creadora.",90
AND_1990_IU_es.pdf,AND,1990,IU,es,"Nuestra sociedad debe gozar de esta producción-creación literaria, sin embargo, es preciso la creación de una serie de infraestructuras que faciliten la aparición y el conocimiento de nuevosas autoresas.",29
AND_1990_IU_es.pdf,AND,1990,IU,es,"La creación de una Editorial Andaluza Pública, con delegación en cada provincia y coordinadas entre sí con fines descentralizadores y participativos.",21
AND_1990_IU_es.pdf,AND,1990,IU,es,"Sus objetivos entre otros serían: Editar obras de autores noveles o consagrados atendiendo a criterios de calidad Colaborar con la RTVA y Productora de programas andaluza para la elaboración de guiones Convocar concursos literarios a escritores andaluces Distribución de obras Comisiones Obreras de Andalucía IZQUIERDA UNIDA - CONVOCATORIA POR ANDALUCIA Partimos de la consideración de que el sector teatral ha de ser regulado por la Administración, al igual que se regulan el alcantarillado, las carreteras o la conservación del patrimonio artístico.",81
AND_1990_IU_es.pdf,AND,1990,IU,es,"Esta regulación pasa por una descentralización coherente y efectiva, entendida no como desmembración de unos intereses comunes, que puedan diluirse por el descargo de unos planteamientos inoperantes en gestos inútiles, sino como una ordenación estamentada que gestiona por igual todos aquellos puntos de acción teatral, reconociendo sus autonomías expresivas y potenciándolas en el marco de un programa libremente coordinado.",59
AND_1990_IU_es.pdf,AND,1990,IU,es,"Igualmente, esta regulación habrá de ser realista, entendiendo que una ordenación nueva del sector teatral pasa inevitablemente por elegir entre lo que llamaremos un PROGRAMA DE BASE o fingir falsos gestos de resurgimiento esplendoroso en base a préstamos de exterior.",40
AND_1990_IU_es.pdf,AND,1990,IU,es,Este programa de base se plantea a medio y largo plazo.,11
AND_1990_IU_es.pdf,AND,1990,IU,es,"Por lo tanto, su rentabilidad política inmediata es muy otra a la que se nos viene acostumbrando.",17
AND_1990_IU_es.pdf,AND,1990,IU,es,"Consideramos todas ellas que nos llevan a plantar la creación de un GABINETE DE ORDENACIÓN TEATRAL (GOT), sustituto de la actual Dirección General de Música, Teatro y Cinematografía.",28
AND_1990_IU_es.pdf,AND,1990,IU,es,(Ambos sectores sugerimos tengan competencias aparte).,6
AND_1990_IU_es.pdf,AND,1990,IU,es,El GOT es un organismo dependiente directamente de la Consejería de Cultura.,12
AND_1990_IU_es.pdf,AND,1990,IU,es,"Su función es el planteamiento y puesta en marcha de un programa de acción teatral, y estará dirigido por un Coordinador General, y dividido en las siguientes secretarías: Secretaría de Ordenación Administrativa Secretaría de Festivales y Circuitos de actuación y Archivos Secretaría de Espacios y Medios Técnicos Secretaría de Festivales y Circuitos de Actuación Secretaría de Medios de Producción y Propaganda Secretaría de Formación e Investigación Dramática Secretaría de Información y Gestión Secretaría de Coordinación General Como sea que se pretende la total y concreta descentralización por lo que se crea igualmente una nueva figura: la Dirección Territorial de Teatro, regidas por un director representante del GOT.",107
AND_1990_IU_es.pdf,AND,1990,IU,es,"Estas secretarías estarán bajo la gestión de cada uno de los directores provinciales, coincidiendo ambas figuras.",16
AND_1990_IU_es.pdf,AND,1990,IU,es,"Sus competencias se especifican, a continuación, en los términos: - Presentación de los presupuestos económicos - Establecimiento de la normativa legal por la que se conceden ayudas a la producción, becas de estudios, recuperación de espacios, concertación de los presupuestos para giras, festivales, etc.",44
AND_1990_IU_es.pdf,AND,1990,IU,es,"- Registro de empresas y actividades teatrales - Programa de publicaciones, incentivando la nueva creación de textos dramáticos, textos teóricos, manuales prácticos, etc. - Edición de una revista, medio-soporte de toda la información teatral andaluza.",35
AND_1990_IU_es.pdf,AND,1990,IU,es,"(las características de las mismas se estudiarán oportunamente) IZQUIERDA UNIDA - CONVOCATORIA POR ANDALUCÍA - Terminal de datos, microfilmados de documentos - Recopilación de todos los fondos existentes para su archivo y catalogación - Organización de las distintas monografías, exposiciones, conferencias especializadas, seminarios, etc.",44
AND_1990_IU_es.pdf,AND,1990,IU,es,- Será el órgano portavoz de la política teatral - Creará todo el diseño publicitario de las distintas actividades - Editará su programa de incidencia en prensa y radio - Ordenará la vinculación de espacios con la TV andaluza (Sugerimos la creación de dos espacios.,45
AND_1990_IU_es.pdf,AND,1990,IU,es,"Otro, espacio de espectáculos con una doble línea: filmación y producción de dramáticos) - Se potenciarán todos aquellos festivales, muestras, certámenes, etc, ya existentes en función de sus programas, ámbitos, perspectivas, interés, cualificación, etc.",34
AND_1990_IU_es.pdf,AND,1990,IU,es,"- Se creará un FESTIVAL DE LAS CULTURAS con carácter monográfico, y ámbito internacional.",14
AND_1990_IU_es.pdf,AND,1990,IU,es,"El primer año dedicado a las culturas mediterráneas, el segundo a las anglosajonas, a las culturas hispanas, etc. Este festival girará por todas las provincias.",25
AND_1990_IU_es.pdf,AND,1990,IU,es,"Con la idea de descentralización y participación que propone IU-CA en todo su programa, se propone un circuito permanente de teatro o artes escénicas a través de los Ayuntamientos andaluces para: Posibilitar la representación de obras de teatro o de artes escénicas en general para profesionales y noveles Contribuir a la estabilidad del mundo de las artes escénicas en Andalucía Contribuir a la racionalización de los recursos que destinados a estas actividades aporten las diferentes instituciones públicas Contribuir con el máximo esfuerzo a que no exista municipio que, con voluntad de programar y acercar las artes escénicas a sus ciudadanos no pueda hacerlo por falta de infraestructura o recursos.",109
AND_1990_IU_es.pdf,AND,1990,IU,es,"- Se concertará con los organismos pertinentes o con las empresas privadas, la utilización de un teatro -al menos- de la categoría A, por municipio mayor de .",28
AND_1990_IU_es.pdf,AND,1990,IU,es,"Caso de no existir la anterior posibilidad, se creará.",9
AND_1990_IU_es.pdf,AND,1990,IU,es,"En orden preferente atendiendo a aquellos espacios que permitan ser remodelados y de no ser así, edificando nuevos espacios teatrales - Se adecuarán espacios abiertos con posibilidades teatrales para uso de festivales, etc, atendiendo a recuperar aquellos que presenten valor histórico o monumental - Se habilitarán espacios (naves o similar) para su utilización libre y reglamentada, de aquellas compañías que no posean local.",63
AND_1990_IU_es.pdf,AND,1990,IU,es,"Todo ello en colaboración con las instituciones provinciales y municipales - La creación de una red de casas de cultura habrá de contemplar la posibilidad de espacios de utilización teatral, especialmente en aquellos municipios menores de .",37
AND_1990_IU_es.pdf,AND,1990,IU,es,habitantes - Las salas concertadas como de uso exclusivo para los circuitos del tipo A habrán de dotarse -de no existir- de los medios técnicos necesarios.,26
AND_1990_IU_es.pdf,AND,1990,IU,es,Cuidando especialmente que estas dotaciones respondan a los avances técnicos actuales.,11
AND_1990_IU_es.pdf,AND,1990,IU,es,"(A estos medios les denominaremos fijos) - Igualmente habrá de disponer de medios técnicos con carácter itinerante, estableciendo una normativa que regule su utilización Comisiones Obreras de Andalucía IZQUIERDA UNIDA - CONVOCATORIA POR ANDALUCÍA - La Secretaría de Ordenación Administrativa expedirá la normativa que contemple las ayudas a la dotación técnica de las compañías - Existe un nivel básico de formación que estará sustentado en las actuales escuelas de arte dramático y en los talleres municipales de teatro.",78
AND_1990_IU_es.pdf,AND,1990,IU,es,Dentro de este nivel se fomentará especialmente la creación de Talleres Municipales.,12
AND_1990_IU_es.pdf,AND,1990,IU,es,"Centros estos vinculados en sus presupuestos a los Ayuntamientos, dotados de los medios técnicos necesarios, y autónomos para establecer sus programas.",21
AND_1990_IU_es.pdf,AND,1990,IU,es,"Se apoyarán aquellos que demuestren una práctica teatral y dinámica, novedosa en sus planteamientos estéticos, rigurosa en sus programas de aprendizaje, y entroncada con el medio en el que se desarrolla su trabajo.",33
AND_1990_IU_es.pdf,AND,1990,IU,es,"- Existirá un nivel de formación superior para lo cual se crearán ocho centros provinciales, de investigación Dramática.",18
AND_1990_IU_es.pdf,AND,1990,IU,es,"Estos centros, dirigidos administrativamente por el Director Provincial, deberán dotarse de espacios y medios técnicos adecuados, así como del profesorado pertinente.",21
AND_1990_IU_es.pdf,AND,1990,IU,es,"La ordenación de los programas de estudios se perfila bajo la forma de seminarios y amplios cursos monográficos, pudiendo corresponder o no con su temporalidad determinada.",26
AND_1990_IU_es.pdf,AND,1990,IU,es,"Es por ello que no existen profesores de plantilla - La función de esta secretaría, previamente asesorada, el establecimiento de las líneas generales de los programas de estudio.",28
AND_1990_IU_es.pdf,AND,1990,IU,es,"- Existirán, igualmente, dos centros de Investigación Práctica.",8
AND_1990_IU_es.pdf,AND,1990,IU,es,"Uno, en su modalidad documental, dependerá de la Secretaría de Documentación el otro, con características de producción, será de nueva creación.",21
AND_1990_IU_es.pdf,AND,1990,IU,es,Y deberá estar ubicado en un espacio del litoral que reúna las condiciones técnicas y estéticas necesarias.,17
AND_1990_IU_es.pdf,AND,1990,IU,es,"Este centro de producción contará con una dotación específica, siendo sus espectáculos propiedad del GOT, quien por vía directa encarga la realización del proyecto a aquellos profesionales que juzgue idóneos.",30
AND_1990_IU_es.pdf,AND,1990,IU,es,"- Sus funciones serán mantener un espacio de información para las otras secretarías, de carácter artístico, técnico y legal - Igualmente ocupará la gestión de todos aquellos extremos necesarios para el cumplimiento del programa que se establezca - Formará el cuerpo funcional e instrumental del Coordinador General, y éste se coordinará con las distintas direcciones territoriales IZQUIERDA UNIDA - CONVOCATORIA POR ANDALUCÍA Es necesario reconocer que la danza en todas sus facetas no es una mera exposición más o menos estética de una evolución coordinada de movimientos emitiendo un mensaje como coreografía, sino que tienen un plano sumamente importante cuando no primordial y es que todo colectivo necesita de largos períodos de aprendizaje, ya que al recibir conocimientos de danza no solamente se aprende a evolucionar físicamente de una forma armoniosa respetando unos cánones fijados, sino que nos adentramos en un mundo donde se dan cita diversos aspectos, el físico concerniente a la educación física correcta con los beneficios que todo ello reporta para la salud, para el equilibrio, etc, y el psíquico, cuya actividad de creación fomenta el equilibrio emocional, la realización como ser humano y una clara terapia individual que favorece la comunicación, el espíritu de crítica y una actitud comprometida hacia una sociedad culta.",207
AND_1990_IU_es.pdf,AND,1990,IU,es,El plano pedagógico correctamente planteado o con una seriedad profesional llevaría a un respeto y a un tratamiento serio de los significa el concepto de bailarín.,26
AND_1990_IU_es.pdf,AND,1990,IU,es,La aplicación de este plano es referido a una enseñanza de base que encontramos actualmente en los centros oficiales Conservatorios que hacen que las necesidades de práctica o de dedicarse a la danza esté siendo acaparado por un inmenso número de bailarinas.,42
AND_1990_IU_es.pdf,AND,1990,IU,es,"La danza en la escuela daría posibilidades de ser considerada como una práctica mixta, una vez anulada la máxima: la danza es una cosa de niñas, demostrando los beneficios que reporta al docente el desarrollo de una actividad creativa con una amplia educación psicomotriz, considerando una alternativa clara y concreta a una situación deprimente que existe actualmente en los centros docentes a nivel de educación física, donde de todos es sabido el creciente número de alumnos que exteriorizan alteraciones de tipo físico, causadas por una desatención en el plano psicomotriz.",90
AND_1990_IU_es.pdf,AND,1990,IU,es,"La danza podría ser utilizada como terapia, desarrollo y perfeccionamiento de este alumno abandonado a su propia evolución física.",19
AND_1990_IU_es.pdf,AND,1990,IU,es,"Para hacer frente a un proyecto de organización, como plataforma de partida y posterior creación de un sistema de apoyo concebido dentro de los cánones que marquen los objetivos propios de una programación cultural, este sistema de aplicación debe ser estudiado minuciosamente, porque no se trata de una incentivación de algo existente, como por ejemplo el movimiento teatral, sino que el estudio debe ser realizado por un órgano gestor que dé como resultados un programa de danza lo suficientemente práctico, con unas posibilidades de aplicación a corto plazo, por lo que éste debe estar formado por una selección de especialistas en las diferentes secciones que comprenden las estructuras típicas respectivas: Clásico Español, Clásico puro, Contemporáneo, etc.",116
AND_1990_IU_es.pdf,AND,1990,IU,es,Es necesario el contemplar las diferencias entre estas secciones.,9
AND_1990_IU_es.pdf,AND,1990,IU,es,"La pluralidad que ofrece esta comisión evitaría el defecto que hasta ahora han adoptado los proyectos culturales, la elaboración unilateral de los programas lo que sin lugar a dudas ha creado arbitrariamente y errores de forma, carentes en su mayoría de una dinámica de aplicación y un desconocimiento del terreno donde se aplicaría el mencionado programa.",56
AND_1990_IU_es.pdf,AND,1990,IU,es,La diversidad de criterios unidos o enfocados hacia un mismo objetivo enriquecerían sobremanera el futuro proyecto que obviamente se crearía mucho más ligado a la realidad cultural y con más premisas participativas que beneficiarían tal programa.,36
AND_1990_IU_es.pdf,AND,1990,IU,es,"Elaboración de un programa de apoyo y difusión de la danza a todos los niveles Comisión de Danzas de Andalucía IZQUIERDA UNIDA - CONVOCATORIA POR ANDALUCÍA - Creación de los planteamientos-ejes para la formación de una compañía andaluza de danza - Formar y analizar las estructuras de dicha compañía y seleccionar los futuros componentes - Análisis de los proyectos artísticos, etc., que sean presentados - Preparar la creación de un dispositivo político-administrativo específico La presente propuesta de Programa recoge la elaboración realizada en .",84
AND_1990_IU_es.pdf,AND,1990,IU,es,"para las anteriores Elecciones Autonómicas, en cuanto a su filosofía, así como la validez actual por no haberse realizado durante la legislatura que se agota.",25
AND_1990_IU_es.pdf,AND,1990,IU,es,"Como se verá en su desarrollo, en la propuesta está presente otro de los ejes fundamentales de IU-CA: el Pacto Institucional, sin el que sería imposible llevar a cabo cualquier programa sectorial.",32
AND_1990_IU_es.pdf,AND,1990,IU,es,"El Programa de Música se estructura en cuatro epígrafes: Investigación y Publicaciones En el actual contexto, apenas existen posibilidades de adquirir una cultura musical sin pasar por los Conservatorios.",29
AND_1990_IU_es.pdf,AND,1990,IU,es,"El derecho a una formación musical integral exige que las andaluzas y los andaluces accedan a este tipo de formación -desde la E.G.B, hasta la Universidad- sin que por ello tengan que convertirse en profesionales.",35
AND_1990_IU_es.pdf,AND,1990,IU,es,"Para ello es necesario un profesorado especial, hoy inexistente, cuya formación técnica se haga en los Conservatorios y la pedagógica en la Universidad, así como crear verdaderos planes de enseñanza.",30
AND_1990_IU_es.pdf,AND,1990,IU,es,"Esto conlleva una auténtica reforma en profundidad de los Conservatorios, centros estos ubicados e hoy en Enseñanzas Medias, absolutamente masificados y con escasos recursos y presupuesto.",26
AND_1990_IU_es.pdf,AND,1990,IU,es,IU-CA propone crear una verdadera enseñanza superior en su contexto lógico: la Universidad.,13
AND_1990_IU_es.pdf,AND,1990,IU,es,"Comisiones Obreras de Andalucía IZQUIERDA UNIDA - CONVOCATORIA POR ANDALUCÍA Una amplia cultura musical y Conservatorios que produzcan instrumentos, compositores e investigadores, cobrará sentido y plenitud cuando existan posibilidades de desarrollar su cometidos.",33
AND_1990_IU_es.pdf,AND,1990,IU,es,"Para ello IU-CA propone, respecto a la música Clásica, la potenciación de: - Orquestas Sinfónicas - Grupos de Cámara y Solistas - Bandas de Música Nuestro objetivo es dotar a cada una de las provincias andaluzas de una Orquesta Sinfónica, cuya financiación dependerá de Fundaciones en las que figuren la Junta de Andalucía, Ayuntamientos y Diputaciones.",56
AND_1990_IU_es.pdf,AND,1990,IU,es,"Consideramos esencial la Orquesta Sinfónica, no sólo para difundir y dar a conocer el gran repertorio sinfónico, sino también para la representación de ballets, óperas, zarzuelas y teatro musical (cafés cantantes).",31
AND_1990_IU_es.pdf,AND,1990,IU,es,"andaluzas potenciarán la actividad de compositores e intérpretes andaluces, procurando su presencia en los programas de temporada.",17
AND_1990_IU_es.pdf,AND,1990,IU,es,"Especial atención se prestará a los grupos de cámara, tanto de música contemporánea, como barroca, renacentista, etc., por su gran capacidad de movilidad, como por su labor de investigación y difusión.",31
AND_1990_IU_es.pdf,AND,1990,IU,es,"Los Coros, junto a las OO.SS.",6
AND_1990_IU_es.pdf,AND,1990,IU,es,", deberán servir de base para crear temporadas estables de arte lírico en cada provincia.",15
AND_1990_IU_es.pdf,AND,1990,IU,es,"Respecto a las Bandas de Música, éstas no pueden ser nunca sustitutivas de una orquesta, sino agrupaciones que pueden y deben cumplir una importante misión artística y social, por lo que debe apoyarse la creación de bandas de carácter no profesional.",41
AND_1990_IU_es.pdf,AND,1990,IU,es,"En cuanto a la música Ligera (pop, jazz, etc.), la folklórica y el flamenco, también se verán favorecida por la formación musical en los diferentes ciclos educativos y los Conservatorios para la formación musical en los diferentes ciclos educativos y los Conservatorios para la formación de profesionales.",47
AND_1990_IU_es.pdf,AND,1990,IU,es,"No obstante, hay que huir de dirigismos en estos campos tan vívidos y espontáneos, promoviendo, sin embargo, la investigación y el apoyo específico, sobre todo al auténtico folklore y al flamenco.",31
AND_1990_IU_es.pdf,AND,1990,IU,es,Es objetivo fundamental de IU-CA enmarcar al actividad de todas estas agrupaciones en programas estables a lo largo del año y en diferentes niveles territoriales.,25
AND_1990_IU_es.pdf,AND,1990,IU,es,"Para ello proponemos lo siguiente: - Ciclos de Festivales (de música, danza, folklore, flamenco.",14
AND_1990_IU_es.pdf,AND,1990,IU,es,") - Temporadas de conciertos (orquestas y grupos), no sólo en las capitales y de forma centralizadoras, sino en giras por pueblos de las provincias - Potenciar en la radio y televisión pública andaluza (Canal Sur de Radio y Televisión), con todo tipo de manifestaciones musicales, dando prioridad a la difusión de compositores e instrumentalistas andaluces - Emisión en estos medios de programas específicos de educación y divulgación musical La investigación musical se verá automáticamente potenciada una vez que la enseñanza superior se ubique en la Universidad.",87
AND_1990_IU_es.pdf,AND,1990,IU,es,Esto no es óbice para que los Entes Locales apoyen también la investigación musical.,14
AND_1990_IU_es.pdf,AND,1990,IU,es,"Todo este proceso incidirá en el rescate del auténtico folklore, edición de publicaciones y aparición de grupos instrumentales de música antigua y nuevas formas de vanguardia, con la edición de vídeos y apoyo y difusión en radio y TV pública.",40
AND_1990_IU_es.pdf,AND,1990,IU,es,Copia de la archiva IZQUIERDA UNIDA - CONVOCATORIA POR ANDALUCÍA También se potenciará la restauración y construcción de instrumentos y la edición de discos y cassettes con la producción andaluza.,30
AND_1990_IU_es.pdf,AND,1990,IU,es,"La urgente necesidad de infraestructura exige una plan de construcción de Centros Culturales Polivalentes que, junto a los teatros y auditorios existente, acojan toda esta actividad musical.",27
AND_1990_IU_es.pdf,AND,1990,IU,es,En los capítulos de Cultura y Educación se atienden aspectos relacionados con este apartado cultural.,15
AND_1990_IU_es.pdf,AND,1990,IU,es,"Señalamos a continuación las medidas específicas más significativas: Creación del Consejo Andaluz de Artes Plásticas, como órgano de participación para asesoramiento, consulta, propuestas y seguimiento de la actividad de la Administración Autónoma.",32
AND_1990_IU_es.pdf,AND,1990,IU,es,"En colaboración con los Ayuntamientos se facilitará la puesta en servicio de Talleres de Artes Plásticas, destinados a ofrecer un lugar idóneo para el trabajo de los artistas, exposición de sus obras reuniones, etc.",34
AND_1990_IU_es.pdf,AND,1990,IU,es,Los concursos promovidos por la Administración serán exclusivamente los obligados para seleccionar una obra para una finalidad determinada.,18
AND_1990_IU_es.pdf,AND,1990,IU,es,Se aplicará una precisa reglamentación que evite cualquier tipo de discriminación Se promoverán exposiciones sistemáticas.,15
AND_1990_IU_es.pdf,AND,1990,IU,es,"En su preparación y realización tomarán parte los propios artistas, quienes asesorarán en orden a la organización, seguridad, confección de catálogos e instrumentación pedagógica sobre la obra De las inversiones de cierta entidad que para la construcción o modificación de edificios públicos realice la Junta de Andalucía, se destinarán el a la adquisición, previo concurso, de obras de arte para su exposición permanente en lugar adecuado de tales edificios En los Centros Culturales se tratará de fomentar la creatividad y el conocimiento de las técnicas básicas con el asesoramiento y colaboración de artistas plásticos.",94
AND_1990_IU_es.pdf,AND,1990,IU,es,"Comisiones Obreras de Andalucía IZQUIERDA UNIDA - CONVOCATORIA POR ANDALUCÍA La producción de cineastas andaluces debe ser objeto de una ayuda específica, así como la creación de la Escuela de cine y TV de Andalucía.",35
AND_1990_IU_es.pdf,AND,1990,IU,es,"Los criterios para acceder a subvenciones o facilidades financieras han de ser fijados con la participación de quienes se dedican a esta actividad, coordinando, al mismo tiempo, los diversos aspectos de la Administración relacionados con un sector tan complejo.",39
AND_1990_IU_es.pdf,AND,1990,IU,es,"Ha de lograrse una colaboración fecunda entre la producción y la TV andaluzas que, sin duda, será positiva para ambas y que, entre otras finalidades, reducirá el colonialismo audiovisual.",29
AND_1990_IU_es.pdf,AND,1990,IU,es,"Es igualmente necesaria la creación de unos estudios cinematográficos no sólo para facilitar la producción andaluza, sino que complementen el atractivo de nuestro territorio por su amplísima diversidad de exteriores.",30
AND_1990_IU_es.pdf,AND,1990,IU,es,"Se garantizarán canales de distribución y circuitos de exhibición de interés cultural, que amplíen y complementen la oferta meramente comercial que atiende un interés específico diferente.",26
AND_1990_IU_es.pdf,AND,1990,IU,es,"Es fundamental, también para realizar el anterior cometido, la eficaz consolidación de la Filmoteca Andaluza, y la atención continuada al cine-clubismo, a través de la Federación Andaluza.",27
AND_1990_IU_es.pdf,AND,1990,IU,es,Merecen especial atención y apoyo el Festival de Huelva y la Semana de cine de autor de Málaga.,18
AND_1990_IU_es.pdf,AND,1990,IU,es,La Enseñanza del Deporte pasa fundamentalmente por el firme apoyo al Instituto Nacional de Educación Física y su consolidación en el Área de Enseñanza.,24
AND_1990_IU_es.pdf,AND,1990,IU,es,- Los deportes en el sistema educativo pasaría por la enseñanza de la cultura física en EGB y EE.MM.,19
AND_1990_IU_es.pdf,AND,1990,IU,es,"así como la potenciación de desarrollo en el ámbito universitario - Especial atención para desarrollar programas de cultura física, dirigidos a la totalidad de la población, según las edades y hábitats, etc.",32
AND_1990_IU_es.pdf,AND,1990,IU,es,"Consolidación de un status del profesional de la cultura física, como base de la política deportiva Instalaciones y personal.",19
AND_1990_IU_es.pdf,AND,1990,IU,es,"Nuestro modelo de política deportiva pone su acento en el desarrollo integrado y programático de instalaciones, con su correspondiente dotación de personal Referente a la cultura física y los medios de comunicación social, éstos divulgarán programas especiales de cultura física Participación-territorialización.",41
AND_1990_IU_es.pdf,AND,1990,IU,es,La función de los Ayuntamientos.,5
AND_1990_IU_es.pdf,AND,1990,IU,es,"- Todo el modelo de cultura física y deporte se estructurará mediante las propuestas que política territorial señala en este programa, teniendo en cuenta la básica y fundamental función que en este sentido deben tener los Ayuntamientos.",37
AND_1990_IU_es.pdf,AND,1990,IU,es,"Comisiones Obreras de Andalucía En el centro de la Comisiones Obreras de Andalucía ESDE su nacimiento, IU-CA se configura como la confluencia de fuerzas políticas, movimientos y colectivos sociales y personas no afiliadas con deseos de transformar esta sociedad llena de desigualdades, desequilibrios y provocaciones a la ética civil, la solidaridad y a la propia naturaleza.",56
AND_1990_IU_es.pdf,AND,1990,IU,es,"Esta confluencia se posibilita a través de la alianza programática de personas y organizaciones implicadas en el proyecto de IU-CA el cual, se dota de un método que se convierte en principio estratégico: LA ELABORACIÓN COLECTIVA.",36
AND_1990_IU_es.pdf,AND,1990,IU,es,"El Área de Juventud de IU-CA ha elaborado un programa de juventud completo, que por su carácter integral e integrado está presente en todo el programa de gobierno de IU-CA, por ello este apartado no es más que una recapitulación de las líneas esenciales de la política de juventud que Andalucía necesita.",52
AND_1990_IU_es.pdf,AND,1990,IU,es,Comisiones Obreras de Andalucía IZQUIERDA UNIDA - CONVOCATORIA POR ANDALUCÍA En Andalucía casi un tercio de la población es menor de años.,22
AND_1990_IU_es.pdf,AND,1990,IU,es,"La juventud es uno de los sectores sociales a los que con más fuerza azota la crisis proyectando consecuencias como desempleo, fracaso escolar, presión consumista, falta de inserción social, etc.",30
AND_1990_IU_es.pdf,AND,1990,IU,es,"La juventud es uno de los sectores más dinámicos de la sociedad, aportando valores nítidamente transformadores como son la solidaridad, igualdad entre sexos, respeto a la naturaleza, etc.",28
AND_1990_IU_es.pdf,AND,1990,IU,es,"Por todo esto, IU-CA asume en sus principios estratégicos la cuestión juvenil, situándola en el centro de la alternativa.",19
AND_1990_IU_es.pdf,AND,1990,IU,es,Ello se concreta tanto en nuestra política de alianzas como en la priorización política de las medidas superadoras de la actual problemática juvenil.,23
AND_1990_IU_es.pdf,AND,1990,IU,es,"Ante la situación de crisis estructural, que afecta de manera aguda a los jóvenes, no puede ser suficiente la adopción de medidas sectoriales.",23
AND_1990_IU_es.pdf,AND,1990,IU,es,"Es necesario impulsar una acción integral y globalizadora, que aborde de forma articulada todos aquellos aspectos que juegan un papel determinante en el proceso de incorporación de los jóvenes a la vida comunitaria.",33
AND_1990_IU_es.pdf,AND,1990,IU,es,"Esta acción globalizadora se debe producir tanto en el conjunto de los departamentos de la Junta de Andalucía relacionados con juventud, como vertebrada con Ayuntamientos, Diputaciones, etc., a través del Pacto Institucional que propugnamos, partiendo de la base de que no habrá una propuesta transformadora de la realidad juvenil si ésta no está enmarcada en un proyecto globalmente transformador.",59
AND_1990_IU_es.pdf,AND,1990,IU,es,"Por ello, propugnamos la creación del Instituto Andaluz de Juventud, organismo adscrito a Presidencia de la Junta de Andalucía, cuyas funciones serán las de dirigir la Comisión Interdepartamental de Juventud, órgano en el que participarían el conjunto de unidades de gestión creadas en los departamentos relacionados con juventud.",48
AND_1990_IU_es.pdf,AND,1990,IU,es,Esta comisión diseñará el plan de política integral de juventud.,10
AND_1990_IU_es.pdf,AND,1990,IU,es,En esta comisión interdepartamental participará también la FAMP y el Consejo de la Juventud de Andalucía.,16
AND_1990_IU_es.pdf,AND,1990,IU,es,Comisiones Obreras de Andalucía IZQUIERDA UNIDA - CONVOCATORIA POR ANDALUCÍA Una política de izquierdas cara a la juventud no puede concebirse sin la participación activa de los jóvenes.,28
AND_1990_IU_es.pdf,AND,1990,IU,es,"Los jóvenes en estos últimos años, a través de sus iniciativas y movilizaciones han demandado un papel protagonista en la toma de decisiones de aquellas cuestiones que le afectan directamente.",30
AND_1990_IU_es.pdf,AND,1990,IU,es,"Dicha participación juvenil debe concretarse tanto en el diseño de la política de juventud, seguimiento de la ejecución de esta política como en la incorporación real de los jóvenes a las instituciones y órganos de decisión política.",37
AND_1990_IU_es.pdf,AND,1990,IU,es,"Propugnamos la potenciación del papel que deben jugar los instrumentos de participación en los jóvenes: Asociaciones Juveniles, Consejos de Juventud, así como otros mecanismos con los que los jóvenes se doten.",31
AND_1990_IU_es.pdf,AND,1990,IU,es,"Modificación de la ley del C.J.A., incorporando al texto elementos que concreten su papel como interlocutor.",16
AND_1990_IU_es.pdf,AND,1990,IU,es,"Aprobación en el Parlamento de la Ley de Consejos Locales de juventud, elaborada por el C.J.A. Ley del Asociacionismo Juvenil en Andalucía.",22
AND_1990_IU_es.pdf,AND,1990,IU,es,"Por la que se facilite los trámites de creación de asociaciones juveniles, así como supongan un buen instrumento de promoción del asociacionismo juvenil.",23
AND_1990_IU_es.pdf,AND,1990,IU,es,Potenciación de mecanismos de autofinanciación de las asociaciones juveniles.,9
AND_1990_IU_es.pdf,AND,1990,IU,es,Modificación normativa de subvenciones a las asociaciones juveniles.,8
AND_1990_IU_es.pdf,AND,1990,IU,es,Creación de una comisión parlamentaria sobre juventud.,7
AND_1990_IU_es.pdf,AND,1990,IU,es,Medidas que faciliten la contratación de personal en asociaciones juveniles.,10
AND_1990_IU_es.pdf,AND,1990,IU,es,"Construcción de instalaciones juveniles, acondicionadas para realizar actividades de las asociaciones juveniles: jornadas, congresos, conferencias, asambleas, etc.",17
AND_1990_IU_es.pdf,AND,1990,IU,es,Comisiones Obreras de Andalucía IZQUIERDA UNIDA - CONVOCATORIA POR ANDALUCÍA En Andalucía el desempleo es superior al de España.,19
AND_1990_IU_es.pdf,AND,1990,IU,es,A los jóvenes les afecta más que al resto de la población y aún más a las mujeres.,18
AND_1990_IU_es.pdf,AND,1990,IU,es,"Vivimos en el país con más paro de Europa, en Andalucía es el superior al desempleo en el conjunto del estado.",21
AND_1990_IU_es.pdf,AND,1990,IU,es,"Los jóvenes menores de años constituyen la cuarta parte de la población activa, si consideramos hasta los años, es el .",21
AND_1990_IU_es.pdf,AND,1990,IU,es,El desempleo afecta en mayor grado a la juventud andaluza: cuatro de cada diez jóvenes trabajadoresas está en el paro.,20
AND_1990_IU_es.pdf,AND,1990,IU,es,El paro juvenil en Andalucía es puntos mayor que la media española.,12
AND_1990_IU_es.pdf,AND,1990,IU,es,"Las jóvenes tienen mayor problema para acceder al mundo laboral: de cada jóvenes que trabajan, menos de tres son mujeres.",20
AND_1990_IU_es.pdf,AND,1990,IU,es,"En nuestra Comunidad, los jóvenes en busca de su primer empleo son de cada .",15
AND_1990_IU_es.pdf,AND,1990,IU,es,IU-CA presenta un programa completo sobre alternativas para garantizar el derecho al trabajo de la juventud hacia el objetivo estratégico de la sociedad de pleno empleo.,26
AND_1990_IU_es.pdf,AND,1990,IU,es,"Medidas para la creación de empleo estable y con igualdad de derechos para jóvenes, para la protección con un salario social para todos y todas, así como para una formación profesional adecuada a las necesidades de la juventud.",38
AND_1990_IU_es.pdf,AND,1990,IU,es,"IU-CA defiende en todos los foros nacionales e internacionales, la disolución de los bloques militares.",15
AND_1990_IU_es.pdf,AND,1990,IU,es,Exigimos el cumplimiento de las condiciones refrendadas en .,9
AND_1990_IU_es.pdf,AND,1990,IU,es,: - Retirada de todas las formas de integración en la estructura militar de la OTAN.,16
AND_1990_IU_es.pdf,AND,1990,IU,es,"- Retirada de las bases y fuerzas extranjeras de Rota, Morón y Gibraltar.",13
AND_1990_IU_es.pdf,AND,1990,IU,es,"- Prohibición de acceso y tránsito de buques y aviones al espacio marítimo y aéreo nacional con armamento nuclear, exigiendo su comprobación.",22
AND_1990_IU_es.pdf,AND,1990,IU,es,Defendemos la salida de nuestro país de la OTAN y de la UEO.,13
AND_1990_IU_es.pdf,AND,1990,IU,es,Planteamos al Parlamento Andaluz la declaración de Andalucía como zona no nuclear.,12
AND_1990_IU_es.pdf,AND,1990,IU,es,Proponemos la progresiva reconversión de la industria armamentista en producción de bienes y servicios que ayuden a superar el atraso en el desarrollo económico de Andalucía.,26
AND_1990_IU_es.pdf,AND,1990,IU,es,Estimular la investigación para el desarme y desarrollo alternativo.,9
AND_1990_IU_es.pdf,AND,1990,IU,es,Creación de una red de información e investigación para la paz en Andalucía.,13
AND_1990_IU_es.pdf,AND,1990,IU,es,"Potenciar desde la Junta de Andalucía la extensión de una cultura para la paz, integrándola en los planes de enseñanza.",20
AND_1990_IU_es.pdf,AND,1990,IU,es,"Comisiones Obreras de Andalucía IZQUIERDA UNIDA - CONVOCATORIA POR ANDALUCÍA La objeción de conciencia es una actitud personal con el simple objetivo de no cumplir el servicio militar, carente de significado político.",32
AND_1990_IU_es.pdf,AND,1990,IU,es,"Por el contrario es la expresión de una conciencia colectiva que, frente al sistema militarista imperante en la sociedad actual con sus esquemas de dominación y opresión, busca otro modelo más justo amparándose en una cultura por la paz, la solidaridad de los pueblos y las relaciones humanas no violentas.",50
AND_1990_IU_es.pdf,AND,1990,IU,es,"Por tanto nuestra postura no pretende una mayor profesionalización del ejército, eso sería oportunismo político para pretender solucionar el problema cercano que tienen los jóvenes con respeto al servicio militar obligatorio.",31
AND_1990_IU_es.pdf,AND,1990,IU,es,"Se trata de ir a la raíz del problema, cuestionando la validez del actual modelo de ejercicio y abogando por su desaparición como objetivo final, en coherencia con nuestra aspiración a un modelo de sociedad pacífica.",36
AND_1990_IU_es.pdf,AND,1990,IU,es,IU-CA apuesta por la supresión del actual sistema militarista y los valores que intrínsecamente éste conlleva.,16
AND_1990_IU_es.pdf,AND,1990,IU,es,"Por ello apostamos por la celebración de un amplio debate en el Estado español, que culmine con la supresión del modelo de servicio militar obligatorio sin que ello suponga apostar por un servicio profesional.",34
AND_1990_IU_es.pdf,AND,1990,IU,es,"La Junta de Andalucía no tiene competencias legislativas sobre estos asuntos pero debe posibilitar (desde una óptica de izquierdas), a través de la presión política e incluso jurídica.",28
AND_1990_IU_es.pdf,AND,1990,IU,es,Comisiones Obreras de Andalucía IZQUIERDA UNIDA - CONVOCATORIA POR ANDALUCÍA IU-CA propone sobre objeción de conciencia: La celebración del debate social sobre el modelo de defensa.,26
AND_1990_IU_es.pdf,AND,1990,IU,es,"Reconocimiento de la Objeción de Conciencia como derecho fundamental de la persona, garantizando su efectivo disfrute por todos los jóvenes.",20
AND_1990_IU_es.pdf,AND,1990,IU,es,Derogación de la actual Ley de Objeción de Conciencia rechazando su carácter discriminatorio.,13
AND_1990_IU_es.pdf,AND,1990,IU,es,Renunciar a que los objetores de conciencia realicen en la Junta de Andalucía la Prestación Social Sustituria mientras continúe la actual situación legal.,23
AND_1990_IU_es.pdf,AND,1990,IU,es,La Junta de Andalucía debe permitir a los propios objetores la auto-organización de los servicios sociales alternativos.,17
AND_1990_IU_es.pdf,AND,1990,IU,es,"Ampliar la posibilidad de realizar el servicio civil en entidades y organizaciones sociales y juveniles, en actividades y servicios de Cultura, para la Paz, Ecología, etc. Creación de una comisión de seguimiento sobre las condiciones en las que desarrolla la P.S.S. los objetores en Andalucía.",45
AND_1990_IU_es.pdf,AND,1990,IU,es,"Realización de campañas publicitarias y de información a todos los jóvenes sobre el derecho a la objeción de conciencia, para que puedan optar libremente en igualdad de condiciones.",28
AND_1990_IU_es.pdf,AND,1990,IU,es,Creación de una comisión de seguimiento sobre las condiciones en las que se desarrolla el servicio militar en Andalucía.,19
AND_1990_IU_es.pdf,AND,1990,IU,es,Potenciar la creación de oficinas de información de los derechos del soldado.,12
AND_1990_IU_es.pdf,AND,1990,IU,es,"Propiciar que todos los andaluces que hagan la mil, la realicen en nuestra Comunidad Autónoma.",15
AND_1990_IU_es.pdf,AND,1990,IU,es,"Desarrollar medidas de integración social y cultural a los jóvenes que hagan la mil, en Andalucía.",16
AND_1990_IU_es.pdf,AND,1990,IU,es,"Presentación de denuncias judiciales por parte de la Junta de Andalucía, en los casos de malos tratos o similares a soldados en Andalucía.",23
AND_1990_IU_es.pdf,AND,1990,IU,es,"En todo el programa de juventud de IU-CA están presentes los nuevos valores sociales que aporta el feminismo, con el objetivo de avanzar hacia una sociedad donde no sea normal la discriminación por motivos de edad y razón de sexo.",40
AND_1990_IU_es.pdf,AND,1990,IU,es,Por ello es conveniente que insistamos una vez más en las propuestas de I.U.C.A. sobre los problemas de las mujeres jóvenes.,21
AND_1990_IU_es.pdf,AND,1990,IU,es,"Comisiones Obreras de Andalucía IZQUIERDA UNIDA CONVOCATORIA POR ANDALUCÍA No nos referimos aquí a una cuestión snobista a practicar porque está de moda, etc.",24
AND_1990_IU_es.pdf,AND,1990,IU,es,"Hablamos por contra, de una faceta primordial para el desarrollo integral de la persona.",14
AND_1990_IU_es.pdf,AND,1990,IU,es,"La necesidad de ocupar el tiempo libre y, por tanto, la importancia de una actuación en este campo, es todavía mayor cuando una gran parte de los jóvenes andaluces (en situación de desempleo) cuentan con todo el tiempo libre.",39
AND_1990_IU_es.pdf,AND,1990,IU,es,"La caracterización del tiempo libre como algo necesario para la formación integral de la persona es aún más palpable si consideramos que avanzamos inexorablemente hacia una nueva sociedad, la sociedad de la revolución Científico-Técnica, en la que, lejos de cualquier polémica, es seguro que el trabajo productivo como tal dejará de ser la principal tarea de la persona.",58
AND_1990_IU_es.pdf,AND,1990,IU,es,"Sin embargo, la realidad andaluza se nos muestra difícil en contraposición al análisis anterior.",14
AND_1990_IU_es.pdf,AND,1990,IU,es,"En primer lugar, se concibe que el tiempo libre va ligado exclusivamente a la juventud; en segundo lugar, es palpable la falta de infraestructura y de medios que posibiliten emplear el tiempo libre.",33
AND_1990_IU_es.pdf,AND,1990,IU,es,"Que se aproveche o no está, en la actualidad, en función de la imaginación.",14
AND_1990_IU_es.pdf,AND,1990,IU,es,"La inexistencia de una oferta pública cara al ocio y tiempo libre incide en la personalidad del joven, configurando jóvenes consumistas, antiparticipativos, inactivos, desmovilizados y poco solidarios.",27
AND_1990_IU_es.pdf,AND,1990,IU,es,"La crítica a la gestión socialista se centra tanto en lo que no se ha hecho, como en lo que se ha hecho mal.",24
AND_1990_IU_es.pdf,AND,1990,IU,es,Mal se ha hecho la aceptación de transferencias de locales (muchos en ruinas) por parte de la Consejería.,18
AND_1990_IU_es.pdf,AND,1990,IU,es,Mala ha sido la transferencia del uso de los locales a los Ayuntamientos.,13
AND_1990_IU_es.pdf,AND,1990,IU,es,"Negativo ha sido también el seguimiento que de los locales del llamado Patrimonio Juvenil ha hecho la Junta; resultado de esto ha sido que hoy los locales cedidos para el uso por jóvenes sean utilizados por la Policía, la Guardia Civil, los Servicios Administrativos, etcétera.",45
AND_1990_IU_es.pdf,AND,1990,IU,es,"En lo que se refiere a los campamentos, el balance tampoco puede ser positivo: En primer lugar, los campamentos ni están al servicio de los jóvenes, ni están en perfectas condiciones de utilización.",33
AND_1990_IU_es.pdf,AND,1990,IU,es,"En segundo lugar, el precio es extremadamente caro, teniendo en cuenta que sus destinatarios son jóvenes.",16
AND_1990_IU_es.pdf,AND,1990,IU,es,La discriminación es mayor si tenemos en cuenta que la Junta de Andalucía da prioridad a sus propios campamentos respecto a los realizados por otros organismos e instituciones.,28
AND_1990_IU_es.pdf,AND,1990,IU,es,"En tercer lugar, los campamentos de la Junta se concentran en una época (verano) en la que de por sí hay mucha oferta (Diputaciones, Ayuntamientos, Asociaciones juveniles).",27
AND_1990_IU_es.pdf,AND,1990,IU,es,En este sentido proponemos: a) Una opción educativa en el tiempo libre.,12
AND_1990_IU_es.pdf,AND,1990,IU,es,"Hay que desarrollar, en primer lugar, asociaciones de tiempo libre, infantil y juvenil; y en especial Casas de Juventud, como marco idóneo de información formación y relación de los jóvenes.",30
AND_1990_IU_es.pdf,AND,1990,IU,es,"En segundo lugar, hay que promocionar y planificar la formación de monitores y animadores que ayuden con criterios de profesionalidad al plan o desarrollo de las capacidades individuales y sociales del ocio.",32
AND_1990_IU_es.pdf,AND,1990,IU,es,"Por último, es imprescindible dotarse de una infraestructura (ludotecas, fonotecas, etc.), servicios de juventud (albergues, terrenos de acampada, etc.).",19
AND_1990_IU_es.pdf,AND,1990,IU,es,Una opción creativa en el tiempo libre que supere el mero consumismo.,12
AND_1990_IU_es.pdf,AND,1990,IU,es,"Para ello hay que asegurar el acceso a la iniciación de las artes y de la cultura creativa, bien en la enseñanza obligatoria (mímica, dibujo, etc.), bien en los servicios culturales de la Administración (talleres de baile, fotografía, etc.).",39
AND_1990_IU_es.pdf,AND,1990,IU,es,"IZQUIERDA UNIDA - CONVOCATORIA POR ANDALUCÍA Es necesario, en segundo lugar, fomentar la difusión en los medios de comunicación de la creación artística autóctona y, entre ellas, la de los jóvenes.",31
AND_1990_IU_es.pdf,AND,1990,IU,es,c) Promoción del deporte y de la cultura física.,9
AND_1990_IU_es.pdf,AND,1990,IU,es,"Promoción del deporte escolar y de competición no profesional (instalaciones, cursillos de monitores, campos de entrenamiento, etc.).",17
AND_1990_IU_es.pdf,AND,1990,IU,es,Utilización de las instalaciones deportivas de colegios e institutos para la práctica del deporte por el conjunto de la población de la zona.,23
AND_1990_IU_es.pdf,AND,1990,IU,es,En lo referente a los campamentos: Abaratar los costes de las plazas.,12
AND_1990_IU_es.pdf,AND,1990,IU,es,Censo inmediato el patrimonio juvenil acumulado y su conversión en casas de la juventud y sede de asociaciones juveniles.,19
AND_1990_IU_es.pdf,AND,1990,IU,es,Recuperar el patrimonio utilizado para fines no juveniles.,8
AND_1990_IU_es.pdf,AND,1990,IU,es,Crear bases de acampada.,4
AND_1990_IU_es.pdf,AND,1990,IU,es,"La Junta de Andalucía debe dejar de hacer los turnos de promoción (en la actualidad existen dos modalidades: turnos de promoción, realizados por la Administración, y ofertas concertadas, donde la Junta de Andalucía alquila las instalaciones a otras organizaciones).",39
AND_1990_IU_es.pdf,AND,1990,IU,es,Entendemos que no es función de la Junta de Andalucía realizar campamentos que compiten con los realizados por las propias organizaciones juveniles.,22
AND_1990_IU_es.pdf,AND,1990,IU,es,"La partida presupuestaria destinada a realizar campamentos propios debe ser concedida a las organizaciones juveniles para subvencionar los campamentos realizados por éstas, constituyendo esto una forma de fomentar el asociacionismo.",30
AND_1990_IU_es.pdf,AND,1990,IU,es,Convenio entre casas de la juventud dependientes de la administración y casas de juventud de AA.JJ para el desarrollo de actividades conjuntas.,22
AND_1990_IU_es.pdf,AND,1990,IU,es,"Además, proponemos distintas iniciativas sobre ocio y tiempo libre, en contacto con la naturaleza en las alternativas ecológicas (zonas verdes, nuevas zonas recreativas, y de acampada, etc.).",27
AND_1990_IU_es.pdf,AND,1990,IU,es,"Creación de espacios de convivencia (alberges, residencias, etc) en la que los jóvenes puedan desarrollar libremente sus relaciones afectivas y sexuales.",21
AND_1990_IU_es.pdf,AND,1990,IU,es,"Modificación del Reglamento que rige las instalaciones juveniles en todo aquellos aspectos que suponen un régimen disciplinario obsoleto, reaccionario y machista.",21
AND_1990_IU_es.pdf,AND,1990,IU,es,"Comisiones Obreras de Andalucía IZQUIERDA UNIDA - CONVOCATORIA POR ANDALUCIA Proponemos la creación del Instituto Andaluz de Educación Física y Deportes mediante la transferencia de competencias y recursos del INEF en Andalucía, como institución con capacidad de proporcionar profesores de educación física altamente cualificados.",44
AND_1990_IU_es.pdf,AND,1990,IU,es,"Este apoyo debe pasar, entre otros factores de consolidación, por una política de integración de facto, que permita la adhesión de estos titulados a las tareas docentes.",27
AND_1990_IU_es.pdf,AND,1990,IU,es,"Esta política de apoyo tendría que operarse a dos niveles: a) A nivel del sistema educativo, para potenciar el deporte en los campos teóricos y prácticos (como áreas inseparables) en centros de EGB, EEMM y Universidad.",36
AND_1990_IU_es.pdf,AND,1990,IU,es,"A nivel de la población global, instrumentando una serie de medidas, en materias de instalaciones públicas, así como de programas deportivos adaptado según las edades, sexos, tiempo disponible, condiciones físicas, etc. de los ciudadanos.",34
AND_1990_IU_es.pdf,AND,1990,IU,es,Complementar una cultura deportiva con medios audiovisuales que ayuden a su comprensión de forma clara y didáctica.,17
AND_1990_IU_es.pdf,AND,1990,IU,es,"Estos medios audiovisuales se concretan tanto en programas integrantes del plan docente, como en la difusión pública en los medios de comunicación de masas.",24
AND_1990_IU_es.pdf,AND,1990,IU,es,"d) Reciclaje de deportistas de competición oficial, con gran experiencia deportiva, que hayan finalizado su carrera deportiva activa, hacia la obtención de titulaciones que los doten de la capacidad y técnica docentes necesarias para la enseñanza pública.",37
AND_1990_IU_es.pdf,AND,1990,IU,es,"Comisiones Obreras de Andalucía Orientada hacia deportistas de alta competición y que les proporcionen las óptimas condiciones para ejecutar su carrera deportiva activa (becas, material deportivo, facilidades laborales y de estudios, etc.) Potenciar: Deportes náuticos, atletismo, deportes de invierno.",39
AND_1990_IU_es.pdf,AND,1990,IU,es,"Como forma de introducción en la mentalidad e la población una cultura del deporte, tan necesaria para nuestra salud (tanto a nivel competitivo, como a nivel de mantenimiento).",28
AND_1990_IU_es.pdf,AND,1990,IU,es,"De esta forma también podrían orientarse la cantera juvenil hacia deporte en los que consigan sus mejores resultados, dadas las condiciones particulares de cada uno de ellos.",27
AND_1990_IU_es.pdf,AND,1990,IU,es,"Para todos quiere decir precisamente eso, sin exclusión de ningún tipo según sexo, raza, edad, ideología, condición social, etc.)",19
AND_1990_IU_es.pdf,AND,1990,IU,es,Garantizar que la Junta proporcione a los deportistas en Andalucía la gratuidad total de todos los servicios sanitarios derivados de lesiones.,21
AND_1990_IU_es.pdf,AND,1990,IU,es,"NOTA: Las alternativas económicas y de creación de empleo, de vivienda, medio ambiente, educativas, culturales y de salud, así como las referentes al problema de las drogodependencias están recogidas en este Programa de Gobierno en los apartados correspondientes.",38
AND_1990_IU_es.pdf,AND,1990,IU,es,"Comisiones Obreras de Andalucía N la elaboración de este programa de Gobierno han participado miles de andaluces y andaluzas, asumiendo el compromiso de continuar estudiando y elaborando alternativas a los problemas de nuestra tierra.",34
AND_1990_IU_es.pdf,AND,1990,IU,es,"Estas personas han trabajado en diferentes Áreas, coordinadas cada una de ellas por: Coordinación General: Sebastián Martín Recio Planificación Económica: Javier Navascues Salud: José Manuel Aranda Educación: Juan Pérez Rios Paula Garvin Juventud: Rafael Ibañez Miguel Bascón Agricultura y Medio Rural: Juan Antonio Romero Emilio Maestre El conjunto de aportaciones, tras el debate en las Áreas y territorios, culminaron en las Jornadas para la Elaboración del Programa de Gobierno en las que, además de los anteriores, actuaron como ponentes Sonsoles Aranda (Medio Ambiente), M Angeles Blanco (sobre la ponencia de Servicios Sociales realizada por Blanca Ciudad) y Paco Marquez (Urbanismo y Vivienda).",102
AND_1990_IU_es.pdf,AND,1990,IU,es,"El Consejo Andaluz de IU-CA, presidido por Luis Carlos Rejón, aprobó definitivamente el Programa de Gobierno.",16
AND_1990_IU_es.pdf,AND,1990,IU,es,"Sevilla, Mayo de .",4
AND_1990_IU_es.pdf,AND,1990,IU,es,"Luis Carlos Rejón, PRESIDENTE DE IZQUIERDA UNIDA - CONVOCATORIA POR ANDALUCÍA .",12
AND_1990_IU_es.pdf,AND,1990,IU,es,Felipe Alcaraz Masats CANDIDATO DE IU-CA A LA PRESIDENCIA DE LA JUNTA DE ANDALUCÍA .,15
AND_1990_IU_es.pdf,AND,1990,IU,es,La política feminista de IU-CA .-ANDALUCÍA,6
AND_1990_IU_es.pdf,AND,1990,IU,es,ANTE LA CRISIS .,4
AND_1990_IU_es.pdf,AND,1990,IU,es,El desarrollo democrático de las instituciones y de la sociedad civil Desde Andalucía avanzar hacia el Estado Federal .,19
AND_1990_IU_es.pdf,AND,1990,IU,es,El desarrollo del Estatuto de Autonomía en la nueva fase .,11
AND_1990_IU_es.pdf,AND,1990,IU,es,El Pacto Institucional .,4
AND_1990_IU_es.pdf,AND,1990,IU,es,Nueva Ley de financiación de las Haciendas Locales .,9
AND_1990_IU_es.pdf,AND,1990,IU,es,Ley de Bases de Régimen Local Andaluza .,8
AND_1990_IU_es.pdf,AND,1990,IU,es,Ampliación de las competencias municipales y comarcalización .,8
AND_1990_IU_es.pdf,AND,1990,IU,es,Participación de los Ayuntamientos en la política de Andalucía .,10
AND_1990_IU_es.pdf,AND,1990,IU,es,- Creación del Consejo Económico y Social de Andalucía .,10
AND_1990_IU_es.pdf,AND,1990,IU,es,- Reforma de la Ley de iniciativa popular y de los Ayuntamientos .,13
AND_1990_IU_es.pdf,AND,1990,IU,es,- Regulación de la Ley de referéndum en Andalucía .,10
AND_1990_IU_es.pdf,AND,1990,IU,es,- El Consejo Andaluz de Municipios .,7
AND_1990_IU_es.pdf,AND,1990,IU,es,- El Plan Económico de Andalucía .,7
AND_1990_IU_es.pdf,AND,1990,IU,es,- La participación ciudadana en las instituciones .,8
AND_1990_IU_es.pdf,AND,1990,IU,es,Un modelo de desarrollo económico equilibrado La política económica del Gobierno Autonómico y las necesidades de Andalucía .,18
AND_1990_IU_es.pdf,AND,1990,IU,es,Objetivos de la política económica de IU-CA .,8
AND_1990_IU_es.pdf,AND,1990,IU,es,El modelo de desarrollo que Andalucía necesita .,8
AND_1990_IU_es.pdf,AND,1990,IU,es,Comisiones Obreras de Andalucía IZQUIERDA UNIDA - CONVOCATORIA POR ANDALUCÍA .,11
AND_1990_IU_es.pdf,AND,1990,IU,es,El papel de los agentes sociales y del sector público andaluz .,12
AND_1990_IU_es.pdf,AND,1990,IU,es,Andalucía ante la nueva Europa .,6
AND_1990_IU_es.pdf,AND,1990,IU,es,Instrumentos para un político diferente .Las administraciones y el sector público .,12
AND_1990_IU_es.pdf,AND,1990,IU,es,- El Pacto Institucional y la comarcalización .,8
AND_1990_IU_es.pdf,AND,1990,IU,es,- El presupuesto de la Junta de Andalucía .,9
AND_1990_IU_es.pdf,AND,1990,IU,es,- Política de incentivos a la empresa privada .,9
AND_1990_IU_es.pdf,AND,1990,IU,es,- El sector público estatal .,6
AND_1990_IU_es.pdf,AND,1990,IU,es,- El sector público andaluz .El sistema financiero andaluz .,10
AND_1990_IU_es.pdf,AND,1990,IU,es,- Cajas de Ahorro .,5
AND_1990_IU_es.pdf,AND,1990,IU,es,- Banca pública .,4
AND_1990_IU_es.pdf,AND,1990,IU,es,- Banca privada .,4
AND_1990_IU_es.pdf,AND,1990,IU,es,"- Otras instituciones financieras .Sistema educativo, Formación profesional y Reciclaje, Universidad, Ciencia y Tecnología .Instituto Andaluz de Empleo y Formación .La planificación democrática.",23
AND_1990_IU_es.pdf,AND,1990,IU,es,Los Consejos Económicos y Sociales .,6
AND_1990_IU_es.pdf,AND,1990,IU,es,- Contenidos básicos .,4
AND_1990_IU_es.pdf,AND,1990,IU,es,- Los Consejos Económicos y Sociales .,7
AND_1990_IU_es.pdf,AND,1990,IU,es,- Competencias: Planes Económico y Territorial .,7
AND_1990_IU_es.pdf,AND,1990,IU,es,"Política de empleo, relaciones laborales y protección social .Creación de empleo y actuación sobre el mercado de trabajo .",19
AND_1990_IU_es.pdf,AND,1990,IU,es,- Plan de urgencia para la creación de empleo .,10
AND_1990_IU_es.pdf,AND,1990,IU,es,- Plan de democratización del acceso al trabajo .,9
AND_1990_IU_es.pdf,AND,1990,IU,es,- Plan de formación profesional ocupacional .,7
AND_1990_IU_es.pdf,AND,1990,IU,es,- Medidas de creación de empleo a medio plazo en el sector público .Democratización,14
AND_1990_IU_es.pdf,AND,1990,IU,es,de las relaciones laborales .,5
AND_1990_IU_es.pdf,AND,1990,IU,es,- Derechos de los trabajadores de la administración pública .,10
AND_1990_IU_es.pdf,AND,1990,IU,es,- Derechos de participación .,5
AND_1990_IU_es.pdf,AND,1990,IU,es,"- Seguridad, higiene y condiciones de trabajo .",8
AND_1990_IU_es.pdf,AND,1990,IU,es,- Lucha contra la discriminación de la mujer en los puestos de trabajo .,14
AND_1990_IU_es.pdf,AND,1990,IU,es,- Salario Social .,4
AND_1990_IU_es.pdf,AND,1990,IU,es,- Acceso a la sanidad y servicios sociales públicos .,10
AND_1990_IU_es.pdf,AND,1990,IU,es,- Seguridad social y protección contra el desempleo .,9
AND_1990_IU_es.pdf,AND,1990,IU,es,"Apoyo y promoción de la economía social .La economía social, objeto de atención prioritaria .La economía social viable, generadora de empleo .Potenciación de las organizaciones de la economía social .Un nuevo marco legal para la economía social .La economía social y los servicios públicos .Economía social y economía sumergida .Los grandes condicionantes de la agricultura andaluza, hoy .",58
AND_1990_IU_es.pdf,AND,1990,IU,es,- El subsidio de desempleo agrario y el P.E.R. - El ingreso en la CEE y sus efectos .,19
AND_1990_IU_es.pdf,AND,1990,IU,es,- Desequilibrios y deterioro ambiental .,6
AND_1990_IU_es.pdf,AND,1990,IU,es,- La inútil reforma agraria del PSOE .Propuestas,8
AND_1990_IU_es.pdf,AND,1990,IU,es,"para una agricultura capaz de colaborar al desarrollo, crear empleo y proteger el medio ambiente .",16
AND_1990_IU_es.pdf,AND,1990,IU,es,- Los protagonistas del cambio en la agricultura: los trabajadores agrícolas y las explotaciones familiares .,16
AND_1990_IU_es.pdf,AND,1990,IU,es,- Reforma Agraria Integral .,5
AND_1990_IU_es.pdf,AND,1990,IU,es,- Los trabajadores agrícolas.,4
AND_1990_IU_es.pdf,AND,1990,IU,es,- La explotación familiar agraria .,6
AND_1990_IU_es.pdf,AND,1990,IU,es,- El cooperativismo agrario .,5
AND_1990_IU_es.pdf,AND,1990,IU,es,"- Investigación, desarrollo, formación y extensión agraria .",8
AND_1990_IU_es.pdf,AND,1990,IU,es,- El plan forestal andaluz un instrumento de consenso para la participación y el medio ambiente .,17
AND_1990_IU_es.pdf,AND,1990,IU,es,- Alternativas para el desarrollo rural .,7
AND_1990_IU_es.pdf,AND,1990,IU,es,IZQUIERDA UNIDA - CONVOCATORIA POR ANDALUCÍA - Vertebración y participación .,11
AND_1990_IU_es.pdf,AND,1990,IU,es,"Industria, minería y energía .",5
AND_1990_IU_es.pdf,AND,1990,IU,es,Industria y artesanía .,4
AND_1990_IU_es.pdf,AND,1990,IU,es,La Consejería del Mar .,5
AND_1990_IU_es.pdf,AND,1990,IU,es,Modernización del sector pesquero .,5
AND_1990_IU_es.pdf,AND,1990,IU,es,La necesaria reestructuración de la flota .,7
AND_1990_IU_es.pdf,AND,1990,IU,es,La ordenación de los caladeros .,6
AND_1990_IU_es.pdf,AND,1990,IU,es,Marisqueo y acuicultura .,4
AND_1990_IU_es.pdf,AND,1990,IU,es,La industria transformadora .,4
AND_1990_IU_es.pdf,AND,1990,IU,es,La regeneración del mar .,5
AND_1990_IU_es.pdf,AND,1990,IU,es,Tráfico marítimo de cabotaje y fluvial .,7
AND_1990_IU_es.pdf,AND,1990,IU,es,"Construcción, vivienda e infraestructura .",5
AND_1990_IU_es.pdf,AND,1990,IU,es,El papel del sector .,5
AND_1990_IU_es.pdf,AND,1990,IU,es,Infraestructuras y obras públicas .,5
AND_1990_IU_es.pdf,AND,1990,IU,es,Empresas y empleo en la construcción .,7
AND_1990_IU_es.pdf,AND,1990,IU,es,"Transportes y comunicaciones, turismo y comercio .",7
AND_1990_IU_es.pdf,AND,1990,IU,es,Transportes y comunicaciones .,4
AND_1990_IU_es.pdf,AND,1990,IU,es,- Una política integral e integrada .,7
AND_1990_IU_es.pdf,AND,1990,IU,es,- Transporte ferroviario .,4
AND_1990_IU_es.pdf,AND,1990,IU,es,- Transporte interurbano de viajeros .,6
AND_1990_IU_es.pdf,AND,1990,IU,es,- Transporte colectivo urbano y metropolitano .,7
AND_1990_IU_es.pdf,AND,1990,IU,es,- Transporte de mercancías por carretera .,7
AND_1990_IU_es.pdf,AND,1990,IU,es,- El comercio detallista .,5
AND_1990_IU_es.pdf,AND,1990,IU,es,- Urbanismo comercial .,4
AND_1990_IU_es.pdf,AND,1990,IU,es,- Hacia un mercado andaluz eficiente .,7
AND_1990_IU_es.pdf,AND,1990,IU,es,- Cámaras de comercio .- MEDIO AMBIENTE Y POLÍTICA TERRITORIAL .,11
AND_1990_IU_es.pdf,AND,1990,IU,es,Un desarrollo armónico con la Naturaleza .,7
AND_1990_IU_es.pdf,AND,1990,IU,es,"Un problema global, consecuencia de un modelo global .",9
AND_1990_IU_es.pdf,AND,1990,IU,es,Andalucía: desequilibrios ambientales y territoriales .,6
AND_1990_IU_es.pdf,AND,1990,IU,es,La alternativa ecológica de IU-CA: desarrollo equilibrado y viable .,10
AND_1990_IU_es.pdf,AND,1990,IU,es,Instrumentos para una política equilibradora .,6
AND_1990_IU_es.pdf,AND,1990,IU,es,La planificación territorial .,4
AND_1990_IU_es.pdf,AND,1990,IU,es,Ante la EXPO' .,4
AND_1990_IU_es.pdf,AND,1990,IU,es,Políticas para la defensa del medio ambiente .,8
AND_1990_IU_es.pdf,AND,1990,IU,es,El papel de la Agencia del Medio Ambiente .,9
AND_1990_IU_es.pdf,AND,1990,IU,es,Quien contamina paga y el delito ecológico .,8
AND_1990_IU_es.pdf,AND,1990,IU,es,Medidas de protección al medio .,6
AND_1990_IU_es.pdf,AND,1990,IU,es,Control del consumo y de la degradación .,8
AND_1990_IU_es.pdf,AND,1990,IU,es,La educación ambiental .- SERVICIOS PÚBLICOS .,7
AND_1990_IU_es.pdf,AND,1990,IU,es,Para mejorar la calidad de vida .,7
AND_1990_IU_es.pdf,AND,1990,IU,es,Una política para participar en la construcción de una nueva sociedad .,12
AND_1990_IU_es.pdf,AND,1990,IU,es,Hacia la democratización del sistema educativo.,6
AND_1990_IU_es.pdf,AND,1990,IU,es,Medidas para acabar con la discriminación .,7
AND_1990_IU_es.pdf,AND,1990,IU,es,- Por una Educación de Adultos dentro de un enfoque de Educación Permanente .,14
AND_1990_IU_es.pdf,AND,1990,IU,es,- Compromisos urgentes: .,4
AND_1990_IU_es.pdf,AND,1990,IU,es,a) Reforma progresista de la LODE y la LRU .,10
AND_1990_IU_es.pdf,AND,1990,IU,es,b) Desarrollo progresista de la LOGSE .,7
AND_1990_IU_es.pdf,AND,1990,IU,es,c) La Jornada Escolar .,5
AND_1990_IU_es.pdf,AND,1990,IU,es,Ley de Financiación del Sistema Educativo .,7
AND_1990_IU_es.pdf,AND,1990,IU,es,Comisiones Obreras de Andalucía IZQUIERDA UNIDA - CONVOCATORIA POR ANDALUCÍA .,11
AND_1990_IU_es.pdf,AND,1990,IU,es,Una política educativa para una nueva sociedad .,8
AND_1990_IU_es.pdf,AND,1990,IU,es,- Reforma curricular .,4
AND_1990_IU_es.pdf,AND,1990,IU,es,- Adecuación de los Planes de Estudio y titulaciones .,10
AND_1990_IU_es.pdf,AND,1990,IU,es,- Función investigadora de la sociedad .,7
AND_1990_IU_es.pdf,AND,1990,IU,es,- Preparar para el uso del ocio y el tiempo libre .,12
AND_1990_IU_es.pdf,AND,1990,IU,es,- Compromisos urgentes: .,4
AND_1990_IU_es.pdf,AND,1990,IU,es,a) Plan de formación del profesorado .,7
AND_1990_IU_es.pdf,AND,1990,IU,es,b) Potenciar el asociacionismo en todos los sectores de la comunidad educativa .,13
AND_1990_IU_es.pdf,AND,1990,IU,es,Potenciar el Asociacionismo de todos los sectores de la Comunidad educativa .,12
AND_1990_IU_es.pdf,AND,1990,IU,es,Favorecer las organizaciones estudiantiles .,5
AND_1990_IU_es.pdf,AND,1990,IU,es,e) Favorecer la participación de los padres a través de las APAS .,13
AND_1990_IU_es.pdf,AND,1990,IU,es,Para hacer viable el proyecto de IU-CA: La descentralización.,9
AND_1990_IU_es.pdf,AND,1990,IU,es,El distrito educativo .,4
AND_1990_IU_es.pdf,AND,1990,IU,es,Medidas para solucionar la salud de los andaluces .,9
AND_1990_IU_es.pdf,AND,1990,IU,es,Acabar con las listas de espera en los Hospitales Públicos.,10
AND_1990_IU_es.pdf,AND,1990,IU,es,Mejorar su funcionamiento .,4
AND_1990_IU_es.pdf,AND,1990,IU,es,Mejorar la calidad de asistencia en los Ambulatorios y apertura de Centros de Salud .,15
AND_1990_IU_es.pdf,AND,1990,IU,es,La atención de las urgencias .,6
AND_1990_IU_es.pdf,AND,1990,IU,es,La humanización de la asistencia .,6
AND_1990_IU_es.pdf,AND,1990,IU,es,Desarrollar la prevención de la enfermedad y la promoción de la salud .,13
AND_1990_IU_es.pdf,AND,1990,IU,es,La prevención y tratamiento de las enfermedades mentales .,9
AND_1990_IU_es.pdf,AND,1990,IU,es,Los recursos necesarios y la gestión de los servicios sanitarios .,11
AND_1990_IU_es.pdf,AND,1990,IU,es,Los factores ambientales y las condiciones de vida.,8
AND_1990_IU_es.pdf,AND,1990,IU,es,Los jóvenes y la salud .,6
AND_1990_IU_es.pdf,AND,1990,IU,es,Crítica a la gestión del Gobierno Andaluz .,8
AND_1990_IU_es.pdf,AND,1990,IU,es,Medidas del Gobierno IU-CA: .,5
AND_1990_IU_es.pdf,AND,1990,IU,es,- Plan Andaluz de Servicios Sociales .,7
AND_1990_IU_es.pdf,AND,1990,IU,es,- Reforzamiento de la red pública .,7
AND_1990_IU_es.pdf,AND,1990,IU,es,- Programas para la infancia y la adolescencia .,9
AND_1990_IU_es.pdf,AND,1990,IU,es,- Programas para los minusválidos .,6
AND_1990_IU_es.pdf,AND,1990,IU,es,- Plan integral de atención a la Tercera Edad .,10
AND_1990_IU_es.pdf,AND,1990,IU,es,- La Comunidad Gitana .,5
AND_1990_IU_es.pdf,AND,1990,IU,es,- Plan de urgencia contra la pobreza .,8
AND_1990_IU_es.pdf,AND,1990,IU,es,- Servicios Sociales y mujer .,6
AND_1990_IU_es.pdf,AND,1990,IU,es,Un Plan Alternativo de lucha contra la droga .,9
AND_1990_IU_es.pdf,AND,1990,IU,es,Un negocio nacional e internacional .,6
AND_1990_IU_es.pdf,AND,1990,IU,es,La droga como fenómeno sociocultural .,6
AND_1990_IU_es.pdf,AND,1990,IU,es,Un problema de salud .,5
AND_1990_IU_es.pdf,AND,1990,IU,es,Alternativas a la problemática de las drogodependencias .,8
AND_1990_IU_es.pdf,AND,1990,IU,es,- Medidas contra el narcotráfico .,6
AND_1990_IU_es.pdf,AND,1990,IU,es,- Actuaciones globales en materia social .,7
AND_1990_IU_es.pdf,AND,1990,IU,es,- Medidas preventivas .,4
AND_1990_IU_es.pdf,AND,1990,IU,es,- Medidas asistenciales .,4
AND_1990_IU_es.pdf,AND,1990,IU,es,- Por un plan alternativo.,5
AND_1990_IU_es.pdf,AND,1990,IU,es,El Consejo Andaluz de actuaciones contra la droga .,9
AND_1990_IU_es.pdf,AND,1990,IU,es,Las causas de la inseguridad .,6
AND_1990_IU_es.pdf,AND,1990,IU,es,Quién provoca la inseguridad? .,5
AND_1990_IU_es.pdf,AND,1990,IU,es,Medidas generales para incidir en las causas de la inseguridad .,11
AND_1990_IU_es.pdf,AND,1990,IU,es,La seguridad en las grandes ciudades .,7
AND_1990_IU_es.pdf,AND,1990,IU,es,Comisiones Obreras de Andalucía IZQUIERDA UNIDA - CONVOCATORIA POR ANDALUCÍA .,11
AND_1990_IU_es.pdf,AND,1990,IU,es,Propuestas de carácter social .,5
AND_1990_IU_es.pdf,AND,1990,IU,es,Por una policía de barrio .,6
AND_1990_IU_es.pdf,AND,1990,IU,es,Desarrollo democrático de los Medios de Comunicación de Andalucía .,10
AND_1990_IU_es.pdf,AND,1990,IU,es,Sobre el sistema de Comunicación de Andalucía .,8
AND_1990_IU_es.pdf,AND,1990,IU,es,Alternativas de IU-CA: .,4
AND_1990_IU_es.pdf,AND,1990,IU,es,- Para democratizar las instituciones .,6
AND_1990_IU_es.pdf,AND,1990,IU,es,- Radio y TV al servicio de Andalucía .,9
AND_1990_IU_es.pdf,AND,1990,IU,es,- Comunicación ciudadana sin cortapisas .,6
AND_1990_IU_es.pdf,AND,1990,IU,es,- Agencia de Comunicación Andaluza .,6
AND_1990_IU_es.pdf,AND,1990,IU,es,- Distribuidora pública Andaluza .,5
AND_1990_IU_es.pdf,AND,1990,IU,es,- Productora de programas con gestión participativa .,8
AND_1990_IU_es.pdf,AND,1990,IU,es,- Comunicación no sexista .,5
AND_1990_IU_es.pdf,AND,1990,IU,es,- Los límites de la publicidad .,7
AND_1990_IU_es.pdf,AND,1990,IU,es,- Educación y formación profesional .,6
AND_1990_IU_es.pdf,AND,1990,IU,es,- El mercado laboral de la comunicación .,8
AND_1990_IU_es.pdf,AND,1990,IU,es,Anexo I: Sobre RTVE .,5
AND_1990_IU_es.pdf,AND,1990,IU,es,Anexo II: Promoción de cine en Andalucía .,8
AND_1990_IU_es.pdf,AND,1990,IU,es,Democracia y cultura .,4
AND_1990_IU_es.pdf,AND,1990,IU,es,Cultura y política cultural .,5
AND_1990_IU_es.pdf,AND,1990,IU,es,Bienes de cultura material .,5
AND_1990_IU_es.pdf,AND,1990,IU,es,- Patrimonio Monumental .,4
AND_1990_IU_es.pdf,AND,1990,IU,es,- Patrimonio Arqueológico .,4
AND_1990_IU_es.pdf,AND,1990,IU,es,- Archivos y política cultural .,6
AND_1990_IU_es.pdf,AND,1990,IU,es,- Patrimonio Etnográfico .,4
AND_1990_IU_es.pdf,AND,1990,IU,es,En defensa del Dialecto Andaluz .,6
AND_1990_IU_es.pdf,AND,1990,IU,es,Alternativa al libro en Andalucía .,6
AND_1990_IU_es.pdf,AND,1990,IU,es,Alternativa al Teatro .,4
AND_1990_IU_es.pdf,AND,1990,IU,es,La Danza como vehículo cultural .,6
AND_1990_IU_es.pdf,AND,1990,IU,es,La cuestión juvenil en el centro de la alternativa .,10
AND_1990_IU_es.pdf,AND,1990,IU,es,Necesidad de una política integral de juventud .,8
AND_1990_IU_es.pdf,AND,1990,IU,es,Por una Andalucía desmilitarizada y por la paz .,9
AND_1990_IU_es.pdf,AND,1990,IU,es,Objeción de conciencia y servicio militar .,7
AND_1990_IU_es.pdf,AND,1990,IU,es,Ocio y tiempo libre .,5
AND_1990_IU_es.pdf,AND,1990,IU,es,Comisiones Obreras de Andalucía Comisiones Obreras de Andalucía Comisiones Obreras de Andalucía,12
