filename,region,year,party,language,line,num_words
AND_1990_PA_es.pdf,AND,1990,PA,es,"El Programa del Partido Andalucista se ha diseñado a partir del desafío histórico que implica la construcción en Andalucía de una auténtica democracia social avanzada, superando los obstáculos del desencanto y la corrupción impuestos por la base política dominante, a través de unas propuestas de transparencia, eficacia y honradez, capaces de aportar el mayor bienestar de la sociedad andaluz.",59
AND_1990_PA_es.pdf,AND,1990,PA,es,Los elementos fundamentales de esta propuesta programática son: ) Asegurar una política de eficacia mediante la educación de la actuación pública a las regularidades de la propia sociedad andaluza cuyo antagonismo debe ser la clave de una auténtica democracia.,39
AND_1990_PA_es.pdf,AND,1990,PA,es,") Promover una política de bienestar que orienta a modernización de Andalucía hacia unos niveles de calidad de vida adecuados al contexto social,ográfico e histórico de la Europa Mediterránea.",29
AND_1990_PA_es.pdf,AND,1990,PA,es,") Establecer unos criterios de transparencia, anticipación, responsabilidad y control que aseten la mayor honradez en la actuación pública, sintiendo a la sociedad andaluza comunicarse a un administrador que no esté con la por los políticos.",36
AND_1990_PA_es.pdf,AND,1990,PA,es,"En base a estos criterios, el Partido Andalucista tiene los siguientes objetivos programáticos privados: ) Dignificación de nuestras Instituciones Autonómicas.",20
AND_1990_PA_es.pdf,AND,1990,PA,es,Ejercicio pleno del liderazgo político en favor de Andalucía por el Presidente de la Junta y potenciación del papel del Parlamento Andaluz.,22
AND_1990_PA_es.pdf,AND,1990,PA,es,) Profundización en el autogobierno con la ampliación de competencias de la Comunidad Autónoma y a la vez de la plena aplicación del Estatuto de Autonomía.,26
AND_1990_PA_es.pdf,AND,1990,PA,es,) Pacto de las fuerzas políticas parlamentarias para la efectiva neutralidad de la Administración y la profesionalización de la función pública andaluza.,22
AND_1990_PA_es.pdf,AND,1990,PA,es,") Mejora sustancial de la calidad de los servicios públicos, principalmente de la sanidad, negociando con firmeza la liquidación de la deuda pendiente del Estado con Andalucía.",27
AND_1990_PA_es.pdf,AND,1990,PA,es,") Fuerte incremento de la inversión pública en infraestructuras, orientado a la dinamización de nuestras potencialidades económicas y a la superación de los desequilibrios territoriales.",25
AND_1990_PA_es.pdf,AND,1990,PA,es,) Apoyo programado a las PYMES andaluzas que asegure una presencia competitiva de nuestros productos en los mercados español y europeo.,21
AND_1990_PA_es.pdf,AND,1990,PA,es,Reorientación de nuestra oferta turística.,5
AND_1990_PA_es.pdf,AND,1990,PA,es,") Modernización de los sectores agrario y pesquero, teniendo en cuenta el nuevo contexto europeo.",15
AND_1990_PA_es.pdf,AND,1990,PA,es,) Una imaginativa política integral hacia la juventud encaminada a su mejor preparación e integración laboral y social.,18
AND_1990_PA_es.pdf,AND,1990,PA,es,) Una estrategia de desarrollo que proteja nuestro rico patrimonio natural y asegure la calidad de vida de los andaluces.,20
AND_1990_PA_es.pdf,AND,1990,PA,es,Desmantelamiento de El Cabril y conservación de Doñana. ) Un proyecto educativo-cultural al servicio de nuestra identidad como pueblo diferenciado.,20
AND_1990_PA_es.pdf,AND,1990,PA,es,"La ilusionante lucha que llevó a los andaluces a conseguir un Estatuto de Autonomía cuyos límites competenciales eran los máximos previstos en la Constitución, contrasta con la frustración que el pueblo andaluz padece, al ver transformado su autogobierno en una mala descentralización administrativa y mediatizadas sus instituciones por subordinación política y la claudicación ante el Gobierno Central.",57
AND_1990_PA_es.pdf,AND,1990,PA,es,La política del PSOE de estos últimos años ha logrado desactivar la carga reivindicativa de la autonomía andaluza y neutralizado el potencial autonómico de nuestro pueblo.,26
AND_1990_PA_es.pdf,AND,1990,PA,es,El Partido Andalucista plantea como primer objetivo de su Programa la reconstrucción autonómica.,13
AND_1990_PA_es.pdf,AND,1990,PA,es,"Fieles a nuestra concepción de ser una organización política integradora de los distintos sectores sociales nos proponemos liderar el esfuerzo colectivo de nuestro pueblo, si éste nos otorga su confianza.",30
AND_1990_PA_es.pdf,AND,1990,PA,es,Bien entendido que no pretendemos la ocupación partidista de las distintas parcelas de la vida social ni el control político de la misma.,23
AND_1990_PA_es.pdf,AND,1990,PA,es,"Andalucía necesita de la aportación y el esfuerzo de sus mejores hijos sin condicionarlos al color político de quien gobierne, con los únicos criterios de la capacitación y la competencia profesional.",31
AND_1990_PA_es.pdf,AND,1990,PA,es,"Por consiguiente, en primer lugar, es necesario recuperar un ámbito propio de decisiones políticas para el bien de Andalucía, hoy secuestrado por el centralismo que ejerce su poder disciplinario incluso desestabilizando las propias instituciones autonómicas.",35
AND_1990_PA_es.pdf,AND,1990,PA,es,"Para conseguir este objetivo es absolutamente preciso ejercer con dignidad y firmeza, el liderazgo político de Andalucía por el Presidente de la Junta.",23
AND_1990_PA_es.pdf,AND,1990,PA,es,"En segundo lugar es urgente la adopción de comportamientos ejemplificadores y de medidas políticas para detener el proceso de deterioro de nuestras instituciones democráticas, con el consiguiente desprestigio de la denominada clase política y sus organizaciones.",36
AND_1990_PA_es.pdf,AND,1990,PA,es,"El Partido Andalucista aboga por recuperar la confianza de la sociedad en sus instituciones, imponiendo un estilo ético en los políticos, favoreciendo la transparencia en la acción pública y estimulando la participación ciudadana en la vida política.",37
AND_1990_PA_es.pdf,AND,1990,PA,es,"En este sentido insiste de nuevo en sus propuestas de modificaciones legales, aplicación real de la Ley de Incompatibilidades de Altos Cargos recientemente aprobada y constitución de una Comisión Parlamentaria de carácter permanente sobre Tráfico de Influencias y aspectos análogos.",40
AND_1990_PA_es.pdf,AND,1990,PA,es,"Por otro lado, es fundamental potenciar el papel del Parlamento de Andalucía, introduciendo las reformas reglamentarias tendentes a mejorar su funcionamiento interno, el acercamiento a las preocupaciones de los ciudadanos y a la difusión de sus importantes tareas en la opinión pública.",42
AND_1990_PA_es.pdf,AND,1990,PA,es,En el Programa del P.A. para Elecciones Generales de se exige la ampliación de las competencias estatutarias de la Comunidad Andaluza utilizando los mecanismos previstos en el artículo de la Constitución incluso admitiendo la eventualidad de la reforma del Estatuto en el futuro.,43
AND_1990_PA_es.pdf,AND,1990,PA,es,"Al mismo tiempo, urge la revisión de la valoración de las transferencias ya efectuadas, así como apurar el vigente techo competencial estatutario.",22
AND_1990_PA_es.pdf,AND,1990,PA,es,"La aceleración del proceso de transferencias pendientes en materias tales como Confederaciones Hidrográficas, Instituciones Penitenciarias, Subvención Estatal a RTVA (Disposición Transitoria Tercera del E.A.), etc., constituye una prioridad inaplazable del Gobierno Andaluz.",32
AND_1990_PA_es.pdf,AND,1990,PA,es,"Asimismo, el Consejo de Gobierno debe proceder con responsabilidad política a defender las competencias andaluzas invadidas frecuentemente por la Legislación Estatal, interponiendo los correspondientes conflictos de competencias ante el Tribunal Constitucional.",31
AND_1990_PA_es.pdf,AND,1990,PA,es,"El Partido Andalucista ejercitará plenamente su derecho a que la Junta de Andalucía sea informada en la elaboración de los tratados y convenios internacionales, en cuanto afecten a materias de su específico interés, tal como ordena el artículo .",39
AND_1990_PA_es.pdf,AND,1990,PA,es,"Igualmente, adoptará las medidas necesarias para defender su ámbito propio de decisiones en la defensa de nuestros intereses nacionales ante las Instancias Estatal y Comunitaria.",25
AND_1990_PA_es.pdf,AND,1990,PA,es,El Partido Andalucista reitera la convicción de que el Poder Andaluz se sustenta en unas instituciones Autonómicas fuertes y arraigadas en el pueblo y en el protagonismo de los ayuntamientos.,30
AND_1990_PA_es.pdf,AND,1990,PA,es,"Consiguientemente, plantea la inaplazable creación del Fondo Andaluz de Cooperación Municipal y la reforma de la actual ley del Consejo Andaluz de Municipios, mostrando así su voluntad política de consolidar unas relaciones afectivas tanto en el ámbito Institucional como en el de la cooperación económica entre Junta de Andalucía y ayuntamientos.",51
AND_1990_PA_es.pdf,AND,1990,PA,es,de un empresariado andaluz y un papel destacado de la empresa pública andaluza.,13
AND_1990_PA_es.pdf,AND,1990,PA,es,"El empresariado andaluz se encuentra bloqueado por una serie de barreras de entrada (tecnología, necesidad de altas inversiones, dominio de amplios mercados, publicidad, etc.) que hacen muy difícil su penetración en el propio mercado andaluz y mucho más en el exterior.",41
AND_1990_PA_es.pdf,AND,1990,PA,es,El desarrollo de un empresariado andaluz exige fomentar y proteger la iniciativa privada andaluza crando las condiciones necesarias para el nacimiento de nuevas empresas y la consolidación de las ya existentes.,31
AND_1990_PA_es.pdf,AND,1990,PA,es,"El sector público empresarial andaluz deberá impulsar la acumulación andaluza, entrando en aquellas actividades cuyo acceso esté bloqueado para el empresariado andaluz.",22
AND_1990_PA_es.pdf,AND,1990,PA,es,Suplirá por ello la falta de iniciativa privada en Andalucía allí donde sea posible su aparición.,16
AND_1990_PA_es.pdf,AND,1990,PA,es,La crisis económica de los años setenta ha puesto al descubierto la debilidad de los principios en los que se basaba la política regional de corte tradicional.,27
AND_1990_PA_es.pdf,AND,1990,PA,es,"En tiempos de bonanza económica y de desarrollo acelerado, la atención al problema de los desequilibrios regionales podría ser aceptado como un elemento más del estado del bienestar y, en definitiva, como un coste más del desarrollo.",37
AND_1990_PA_es.pdf,AND,1990,PA,es,"Es evidente, sin embargo, que había un límite y que éste estaba claramente determinado por el umbral a partir del cual el mantenimiento del modelo de crecimiento presentaba más deseconomías que beneficios.",32
AND_1990_PA_es.pdf,AND,1990,PA,es,"Tras este proceso surgen algunas evidencias que a la postre están marcando las líneas de evolución reciente de la estrategia de la política regional en el conjunto de las economías occidentales, y que pueden ser resumidas en los cuatro puntos siguientes: - La política regional ha dejado de ser fundamentalmente compensatoria, para convertirse en un instrumento más al servicio del ajuste económico global.",63
AND_1990_PA_es.pdf,AND,1990,PA,es,"En otras palabras, ha pasado a convertirse en un elemento más del modelo estructural de crecimiento que, de una forma u otra, se está consolidando en las economías occidentales.",29
AND_1990_PA_es.pdf,AND,1990,PA,es,"- Ya no son argumentos de justicia distributiva los únicos que demandan la existencia de una política regional, sino también razones de ineficacia en el mantenimiento de recursos ociosos y generadores de coste.",33
AND_1990_PA_es.pdf,AND,1990,PA,es,- Existe una evidente reconsideración de la implementación estratégica de la política regional.,13
AND_1990_PA_es.pdf,AND,1990,PA,es,"Los instrumentos se han hecho simultáneamente más selectivos y simples, al tiempo que se introducen otros mecanismos de intervención de carácter más horizontal, entre los que destacan la revalorización del potencial endógeno de crecimiento y el fomento a la innovación y a la mejora en los niveles tecnológicos.",48
AND_1990_PA_es.pdf,AND,1990,PA,es,- Las políticas regionales siempre se han conceptuado como políticas de desarrollo.,12
AND_1990_PA_es.pdf,AND,1990,PA,es,"Sin embargo, mientras se mantuvo el carácter de subsidiariedad anteriormente señalado, su capacidad efectiva para alcanzar objetivos de desarrollo quedaba claramente difuminada ante las limitaciones de los instrumentos disponibles.",29
AND_1990_PA_es.pdf,AND,1990,PA,es,La crisis económica mundial obliga a modificar los enfoques convencionales de la política regional.,14
AND_1990_PA_es.pdf,AND,1990,PA,es,"Una primera consecuencia es clara: el mapa de regiones con problemas se amplía y, en este nuevo contexto, la política regional ya no puede limitarse a la simple corrección de desequilibrios.",31
AND_1990_PA_es.pdf,AND,1990,PA,es,"Junto a los mecanismos tradicionales de compensación se hacen necesarios otros instrumentos que puedan romper efectivamente con la tendencia depresiva de las regiones subdesarrolladas, y estimular la recuperación de las zonas en declive o singularmente afectadas por el desempleo.",39
AND_1990_PA_es.pdf,AND,1990,PA,es,"El hecho diferencial es la aparición en escena de la planificación regional, puesto que es desde este momento cuando las políticas regionales, coordinadas e integradas en los planes regionales, adquieren su pleno sentido como políticas de desarrollo.",37
AND_1990_PA_es.pdf,AND,1990,PA,es,"El desarrollo autonómico de Andalucía no ha supuesto la incorporación de nuestro país a esta nueva dinámica, entre otras causas porque no ha existido una verdadera política regional en el Estado Español, como ha quedado denunciado incluso por instancias europeas y subrayado, entre otros, por nuestro Partido en los ámbitos parlamentarios.",51
AND_1990_PA_es.pdf,AND,1990,PA,es,"Los instrumentos de actuación regional y los mecanismos de solidaridad interterritorial (el sistema de financiación de las Comunidades Autónomas, el Fondo de Compensación Interterritorial y los incentivos regionales junto a los fondos comunitarios) exigen una posición innovadora y activa de los poderes autonómicos para responder a los desafíos históricos de Andalucía.",51
AND_1990_PA_es.pdf,AND,1990,PA,es,"El Partido Andalucista defiende, de una parte, una estrategia de negociación con el Gobierno Central a la vez flexible y agresiva, que permita incrementar las variables de asignación de recursos procedentes de la LOFCA, el F.C.I., y los incentivos regionales, especialmente ante el próximo establecimiento del sistema definitivo de financiación de las Comunidades Autónomas.",54
AND_1990_PA_es.pdf,AND,1990,PA,es,Ello sin olvidar la lamentable claudicación del Gobierno del PSOE en la no exigencia del pleno cumplimiento de la Disposición Adicional del Estatuto que prevé consignaciones especiales en los Presupuestos del Estado de cada año para elevar el nivel de nuestros servicios públicos hasta alcanzar las medias españolas.,48
AND_1990_PA_es.pdf,AND,1990,PA,es,"Recursos extraordinarios, de carácter adicional, que constituyen, junto a la revalorización de algunas transferencias, la deuda pendiente del Estado con Andalucía.",21
AND_1990_PA_es.pdf,AND,1990,PA,es,"Los Andalucistas, en solitario, continuamos reivindicando su liquidación a lo que los partidos centralistas contestan con el silencio.",18
AND_1990_PA_es.pdf,AND,1990,PA,es,"Por otro lado, la presencia directa de los Organismos Andaluces en la C.E.E. facilitará el puntual seguimiento de los programas comunitarios y de la aplicación correcta de los fondos europeos a las reales necesidades de nuestro país.",37
AND_1990_PA_es.pdf,AND,1990,PA,es,"Es, pues, inaplazable la creación del Patronato Andalucia-Europa, con una oficina permanente en Bruselas, participando, además del Gobierno y el parlamento, las representaciones de las organizaciones empresariales y sindicales y de los Ayuntamientos andaluces.",34
AND_1990_PA_es.pdf,AND,1990,PA,es,"El tejido socioeconómico andaluz tiene en las PYMES uno de sus elementos fundamentales de vitalidad, por lo que constituyen una pieza básica para la puesta en marcha de una política eficaz de promoción y desarrollo.",35
AND_1990_PA_es.pdf,AND,1990,PA,es,"Junto a su importancia cuantitativa en el conjunto de la economía andaluza, las PYMES son un elemento de libertad e independencia del empresario andaluz, contribuyen a la diversificación de ofertas y bienes, y aseguran un espacio de libre competencia que además de dinamizar el tejido empresarial asegura una vía de escape frente a la hegemonía monopolista de los grandes grupos empresariales.",61
AND_1990_PA_es.pdf,AND,1990,PA,es,"El Gobierno Andaluz y el propio Ministerio de Economía han venido desarrollando una política de apoyo a la penetración empresarial procedente del exterior de Andalucía, dificultando así las posibilidades de potenciación del pequeño empresariado andaluz.",35
AND_1990_PA_es.pdf,AND,1990,PA,es,"A este tipo de política le acompaña un amplio abanico de ayudas a las PYMES a través de programas que en numerosos casos no se cubren por insuficiencia de la demanda: lo que demuestra pues una falta de adecuación de estas políticas al tejido socioeconómico andaluz y, en consecuencia, un considerable déficit de eficacia de las mismas.",57
AND_1990_PA_es.pdf,AND,1990,PA,es,"Detrás de esta inadecuación subyace una evidente percepción defectuosa de la propia realidad del tejido empresarial andaluz por parte del Gobierno socialista: se aplican unos programas inspirados en el concepto de PYME de la Comunidad Europea, con unos ideales de inversión productiva y tecnología punta que no se adecúan a las necesidades financieras reales y las trabas administrativas a que se enfrentan la mayor parte de las PYMES andaluzas.",69
AND_1990_PA_es.pdf,AND,1990,PA,es,"De una parte, el programa del Partido Andalucista persigue una mejor adecuación entre los instrumentos públicos y la situación real del tejido empresarial andaluz, asegurando así un mayor grado de eficacia y, sobre todo, apostando por un modelo de desarrollo económico duradero y autosostenido que estimule los recursos propios de la empresa andaluza; en este programa, los recursos de subvenciones procedentes de la Comunidad Europea y de la Administración Central deben ser readaptados en cuanto a su aplicación, para asegurar una rentabilidad práctica adecuada a las singularidades de la estructura empresarial andaluza.",92
AND_1990_PA_es.pdf,AND,1990,PA,es,"Por otra parte, el Partido Andalucista desarrollará en el seno de la sociedad una estrategia de promoción del espíritu empresarial andaluz que sepa llegar a la sensibilidad de los actuales agentes económicos.",32
AND_1990_PA_es.pdf,AND,1990,PA,es,"Dentro de estas coordenadas, parece fundamental la articulación de iniciativas entre el sector público empresarial, la Universidad y las organizaciones representativas; la utilización del potencial de compras de la propia Administración para el fomento de nuestras PYMES y el pleno aprovechamiento de las posibilidades del Patronato Andalucía-Europa, cuya creación proponemos con una oficina permanente en Bruselas, asegurando la presencia directa de los intereses andaluces en la C.E.E. Elementos básicos de este Programa de actuación son",75
AND_1990_PA_es.pdf,AND,1990,PA,es,": ) Servicios efectivos de asesoramiento en la gestión de ayudas, tramitación, estudios de viabilidad de mercado y unidades de información.",21
AND_1990_PA_es.pdf,AND,1990,PA,es,") Elaboración concertada de planes sectoriales de reconversión y reindustrialización, potenciando el tejido industrial existente y buscando salidas viables a empresas en crisis.",23
AND_1990_PA_es.pdf,AND,1990,PA,es,") Fomento de los programas de formación empresarial extendiéndolos hacia vertientes temáticas fundamentales como organización, métodos, exportación y tecnología.",19
AND_1990_PA_es.pdf,AND,1990,PA,es,") Reforzamiento de la capacidad comercial a través de una estrategia integradora que refuerce las acciones de marketing de nuestros productos en los mercados nacional y europeo, y medidas efectivas a favor de la exportación.",35
AND_1990_PA_es.pdf,AND,1990,PA,es,La reorientación del actual sistema de subvenciones al interés de los créditos bancarios.,13
AND_1990_PA_es.pdf,AND,1990,PA,es,"El apoyo financiero debe tener cierto carácter preferencial hacia sectores o subsectores de actividad con ventajas comparativas, mayor conexión al resto del tejido empresarial interno y, por tanto, con mayor efecto multiplicador en la economía andaluza.",36
AND_1990_PA_es.pdf,AND,1990,PA,es,") Medidas fiscales incentivadoras del ahorro orientado a la inversión, desgravaciones en los impuestos sobre el patrimonio y de sucesiones de los capitales invertidos y tratamiento especial de las inversiones ID (Investigación para Desarrollo).",34
AND_1990_PA_es.pdf,AND,1990,PA,es,"Asimismo, reducción de los costes por las denominadas cargas sociales en el contexto de una reforma fiscal moderna.",18
AND_1990_PA_es.pdf,AND,1990,PA,es,) Desarrollo por el sector público empresarial de programas más decididos y con los suficientes recursos para la innovación tecnológica.,20
AND_1990_PA_es.pdf,AND,1990,PA,es,") Reorientación de los fondos comunitarios, principalmente el FEDER, a inversión productiva directa, a la vez que se agilizan los trámites necesarios para su liquidación más puntual.",27
AND_1990_PA_es.pdf,AND,1990,PA,es,"El paro en Andalucía es un mal endémico, estructural, que desde hace tiempo se viene manifestando en forma de subempleo, miseria y emigración.",23
AND_1990_PA_es.pdf,AND,1990,PA,es,"La crisis económica de estas dos décadas ha agravado aún más la situación, encontrándose nuestra tasa de desempleo a diez puntos de la media española sin que haya disminuido en los ocho últimos años de política socialista.",37
AND_1990_PA_es.pdf,AND,1990,PA,es,Todas las actuaciones de la política económica deben contribuir a afrontar este grave problema de nuestro pueblo.,17
AND_1990_PA_es.pdf,AND,1990,PA,es,La solución pasa necesariamente por la industrialización de Andalucía y la potenciación de las PYMES.,15
AND_1990_PA_es.pdf,AND,1990,PA,es,"El Partido Andalucista estima que debe abordarse un plan de emergencia contra el paro, acordado por todas las fuerzas políticas y sociales, coordinando los recursos de las Administraciones Públicas.",29
AND_1990_PA_es.pdf,AND,1990,PA,es,"Para ello se estima de primordial importancia el desarrollo en el tejido empresarial andaluz de prácticas y hábitos de formación, así como en los procesos de negociación colectiva.",28
AND_1990_PA_es.pdf,AND,1990,PA,es,"Los objetivos de la política andalucista en este campo son: ) Asegurar el cumplimiento efectivo de la legislación laboral vigente, controlando con eficacia el fraude existente en materia de contratación temporal.",31
AND_1990_PA_es.pdf,AND,1990,PA,es,") Agilizar los programas de fomento al empleo, especialmente los dirigidos a jóvenes, con una mejor integración en los mismos de las corporaciones locales, y una orientación profesional más consistente.",30
AND_1990_PA_es.pdf,AND,1990,PA,es,) Asegurar una mejor adecuación de los programas de formación a las necesidades reales del mercado y de la economía andaluza.,21
AND_1990_PA_es.pdf,AND,1990,PA,es,") Implementar la objetividad y la neutralidad en las prestaciones de desempleo, evitando su instrumentación política, y mejorando sus condiciones económicas junto a un control más riguroso.",27
AND_1990_PA_es.pdf,AND,1990,PA,es,"En el marco de la política laboral, la puesta en práctica de mecanismos de colaboración y cooperación entre el poder central y la Comunidad Autónoma constituye uno de los elementos esenciales para llevar adelante una política social eficaz, adecuada a las singularidades del entramado socio-laboral andaluz, y a sus exigencias de avance histórico y superación del desempleo.",57
AND_1990_PA_es.pdf,AND,1990,PA,es,"La mayor proximidad de los poderes públicos autonómicos al entramado laboral ofrece adicionalmente un marco más flexible para la puesta en práctica de una política de concertación social, cuyos efectos sobre el proceso global del desarrollo económico puede ser de gran transcendencia por su capacidad de difusión social, abarcando materias tales como educación, formación profesional, sanidad, transportes colectivos, vivienda social, medio ambiente, etc.",63
AND_1990_PA_es.pdf,AND,1990,PA,es,"El Programa del Partido Andalucista en este sector pretende en primer lugar una orientación de la política de concertación social hacia las tareas programáticas prioritarias del pleno empleo, la más justa distribución de la riqueza y el desarrollo económico equilibrado; y no tanto a la concesión de ayudas económicas encubiertas hacia las organizaciones firmantes, como hasta ahora parece haber operado el gobierno socialista.",63
AND_1990_PA_es.pdf,AND,1990,PA,es,"En segundo lugar, el Partido Andalucista propone un compromiso de honradez y transparencia en el cumplimiento de los compromisos suscritos en los acuerdos de concertación social, a los que se dotará de mecanismos de control que aseguren su ejecución práctica.",40
AND_1990_PA_es.pdf,AND,1990,PA,es,"De esta forma, se evitará que la concertación social continue siendo en gran medida un recurso de cosmética política, permitiendo a las partes firmantes un efectivo control del cumplimiento de tales acuerdos.",32
AND_1990_PA_es.pdf,AND,1990,PA,es,"Frente a la intensificación de los desequilibrios territoriales generados por la política socialista, con graves desigualdades entre distintas áreas de Andalucía, el P.A. propone la elaboración en el Parlamento de una Ley de Ordenación del Territorio que aplique en nuestra tierra los objetivos de la Corte Europea de Ordenación del Territorio, orientados a la mejora de la calidad de vida de la población andaluza.",64
AND_1990_PA_es.pdf,AND,1990,PA,es,Estos objetivos se resumen en los siguientes puntos,8
AND_1990_PA_es.pdf,AND,1990,PA,es,": ) Articulación coherente de las distintas Administraciones, asegurando una mayor eficacia.",12
AND_1990_PA_es.pdf,AND,1990,PA,es,"litación en Andalucía a las zonas del centro europeo donde se alcanza hasta un de las inversiones totales de construcción, mientras en España apenas se alcanza el .",28
AND_1990_PA_es.pdf,AND,1990,PA,es,"La significación del sector agrario andaluz, concretada en su incidencia sobre la industria de transformación y en su capacidad exportadora, coexiste con la presencia de comarcas deprimidas (fundamentalmente en Granada y Almería) y un paro estructural superior al resto de España.",41
AND_1990_PA_es.pdf,AND,1990,PA,es,"A lo que debe añadirse la deficiente estructuración de la agroindustria, con un claro atraso tecnológico, el escaso desarrollo de la ganadería y los problemas de erosión del suelo.",29
AND_1990_PA_es.pdf,AND,1990,PA,es,"Sectores punteros como la horticultura no reciben apoyo suficiente, especialmente en lo que se refiere a comercialización e investigación.",19
AND_1990_PA_es.pdf,AND,1990,PA,es,Mientras el olivo o el algodón no cuentan con una adecuada política de precios.,14
AND_1990_PA_es.pdf,AND,1990,PA,es,"Las líneas prioritarias de acción de la política agraria del Partido Andalucista serán: ) Desarrollo de una adecuada agricultura de montaña, con actuaciones de repoblación que eviten la erosión del medio, utilizando especies autóctonas.",34
AND_1990_PA_es.pdf,AND,1990,PA,es,") Política de diversificación de cultivos, con estímulo de oleaginosas y proteaginosas, y fomento de producciones poco desarrolladas como plantas medicinales y aromáticas, floricultura, cultivos subtropicales,.",26
AND_1990_PA_es.pdf,AND,1990,PA,es,") Medidas de reequilibramiento de la oferta, a través de una mejor negociación y gestión de las subvenciones, con especial referencia a los productos del olivar, hortalizas y frutas y cultivos industriales.",32
AND_1990_PA_es.pdf,AND,1990,PA,es,") Orientación productiva destinada a solucionar el problema de los excedentes a través de actuaciones de diversificación, comercialización, política de precios, y fomento de otro tipo de agricultura como la biológica con una nueva y progresiva demanda.",37
AND_1990_PA_es.pdf,AND,1990,PA,es,") Elaboración de programas de desarrollo ganadero por subsectores, articulando medidas de mejora de la producción, industrialización y comercialización con actuaciones decididas de los organismos oficiales en sanidad animal y calidad de los productos para hacerlos competitivos.",37
AND_1990_PA_es.pdf,AND,1990,PA,es,") A través del sector público empresarial andaluz, desarrollar una decidida política de impulso y fomento de la industria agroalimentaria, coordinando más adecuadamente los recursos procedentes de la C.E.E. y de las Administraciones españolas y estableciendo una planificación concertada con las Organizaciones Agrarias.",43
AND_1990_PA_es.pdf,AND,1990,PA,es,") Incrementar, desde una visión integral, los programas de mejora de la calidad de vida del mundo rural: infraestructuras, formación profesional, empleo rural, servicios sociales, educación y sanidad.",28
AND_1990_PA_es.pdf,AND,1990,PA,es,Especial interés tiene aplicar las experiencias europeas de iniciativas localescomarcales de empleo a nuestra realidad con programas de potenciación de recursos naturales y una adecuada estrategia de desarrollo comunitario.,29
AND_1990_PA_es.pdf,AND,1990,PA,es,"Frente a la significación atribuida al sector pesquero en el Plan Económico de Andalucía en , el posterior PADE de parece demostrar una clara pérdida de iniciativa del Gobierno, con una progresiva dependencia de Madrid o de Bruselas, y una práctica de la política del avestruz que obliga al propio sector pesquero a buscar como interlocutor a la Administración Central prescindiendo de la Junta.",64
AND_1990_PA_es.pdf,AND,1990,PA,es,"Ello ha deteriorado las relaciones con todos los sectores implicados por la política de la Consejería de Agricultura y Pesca de confrontación con las Cofradías de Pescadores Andaluces, no reconociendo su carácter de interlocutor del sector.",36
AND_1990_PA_es.pdf,AND,1990,PA,es,"Mientras tanto, la estructura burocrática ha ido creciendo, duplicando administraciones, a la vez que se han dejado de cumplir los propios acuerdos de Concertación Social suscritos por la Junta en : así, no se ha elaborado la Ley reguladora de la actividad marisquera, ni se han publicado los censos y la regulación de las embarcaciones que faenan con artes menores.",60
AND_1990_PA_es.pdf,AND,1990,PA,es,"Finalmente, las ayudas comunitarias apenas han dado cobertura a los armadores andaluces.",12
AND_1990_PA_es.pdf,AND,1990,PA,es,"El Programa de actuación del Partido Andalucista parte de un necesario reforzamiento de la posición de la Administración Pesquera Andaluza en el diseño de la política nacional, centrándose en las siguientes líneas de actuación: ) Política de recursos.",38
AND_1990_PA_es.pdf,AND,1990,PA,es,Reglamentación y mejora de la gestión de los recursos pesqueros propios.,11
AND_1990_PA_es.pdf,AND,1990,PA,es,"En relación con los recursos ajenos, fomento de la presencia de nuestra flota en aguas de terceros países, en el marco de la cooperación internacional, con una adecuada especialización por zonas.",31
AND_1990_PA_es.pdf,AND,1990,PA,es,"Los elementos instrumentales de esta política de recursos serán el fomento de la investigación, la evaluación de stocks, el cómputo del esfuerzo pesquero por campaña, la ordenación y vigilancia de las pesquerías y el desarrollo de los cultivos marinos.",39
AND_1990_PA_es.pdf,AND,1990,PA,es,) Política de estructuras.,4
AND_1990_PA_es.pdf,AND,1990,PA,es,"Orientada a la modernización de todo el aparato productivo, persigue la renovación de la flota, el desarrollo de la acuicultura, la dotación de infraestructura en los puertos pesqueros y la ayuda a las industrias de transformación.",36
AND_1990_PA_es.pdf,AND,1990,PA,es,"Los subprogramas prioritarios serán los de modernización de la flota, acuicultura y arrecifes artificiales, y mejora de la infraestructura comercial.",20
AND_1990_PA_es.pdf,AND,1990,PA,es,) Política de Mercados.,4
AND_1990_PA_es.pdf,AND,1990,PA,es,"Persigue como objetivos fundamentales el desarrollo del régimen de precios instaurado en la política pesquera comunitaria y la consolidación de las organizaciones de productores, a través de la tipificación de los productos pesqueros andaluces y vigilancia del cumplimiento de la legislación vigente relativa a comercialización.",45
AND_1990_PA_es.pdf,AND,1990,PA,es,) Política de acción social.,5
AND_1990_PA_es.pdf,AND,1990,PA,es,"Dirigida a mejorar las condiciones de vida y de trabajo de las gentes del mar, a través del mantenimiento del empleo y niveles salariales, y potenciando la formación profesional marítimo-pesquera.",30
AND_1990_PA_es.pdf,AND,1990,PA,es,"Es fundamental, por consiguiente, desarrollar una política de cooperación y diálogo con las Cofradías de Pescadores de Andalucía, impulsando su renovación para adaptarlas a los nuevos tiempos a la vez que manteniendo los beneficios socioeconómicos que prestan al sector.",39
AND_1990_PA_es.pdf,AND,1990,PA,es,El modelo turístico dominante en Andalucía se ha caracterizado por la fuerte concentración en las zonas costeras (solplaya) y la gran dependencia de los tour-operadores extranjeros.,26
AND_1990_PA_es.pdf,AND,1990,PA,es,"El turismo residencial y de segunda residencia, que aparece con posterioridad, se ha desarrollado sin ningún tipo de control por parte de las Administraciones Públicas.",25
AND_1990_PA_es.pdf,AND,1990,PA,es,"La crisis actual del sector turístico está relacionada con los problemas de mala infraestructura de carreteras, transportes y comunicaciones, descoordinación entre las Administraciones Central, Autonómica y Local, y constante deterioro del medio ambiente acompañado de problemas laborales e inseguridad ciudadana.",40
AND_1990_PA_es.pdf,AND,1990,PA,es,"El programa turístico del Partido Andalucista persigue un tratamiento eficaz y coordinado de la gestión pública, partiendo de una política de mejora de infraestructuras y de servicios (agua, residuos, comunicaciones) y de una adecuada normativa urbanística y medioambiental.",38
AND_1990_PA_es.pdf,AND,1990,PA,es,"Se desarrollará una doble línea de actuación: ) En las zonas turísticas emergentes, a partir de una adecuada coordinación con las iniciativas privadas, se primará la diversificación de la oferta, buscando un desarrollo equilibrado de la Normativa Urbanística para el turismo residencial, asegurando el mantenimiento del paisaje.",47
AND_1990_PA_es.pdf,AND,1990,PA,es,") En las zonas turísticas consolidadas los ejes de actuación serán: la reconversión y modernización de la oferta facilitando la concentración empresarial; el reciclaje de la mano de obra; la diversificación de la oferta en función de nuevas tendencias de la demanda (turismo de congresos, golf, náutico, cultural, de caza, etc.), instalando los correspondientes equipamientos especiales; y la colaboración activa y eficaz en la elaboración y puesta en marcha de programas específicos a escala nacional e internacional.",77
AND_1990_PA_es.pdf,AND,1990,PA,es,"Además de la aplicación de las medidas generales recogidas en el apartado de apoyo a las PYMES, el Partido Andalucista se propone desarrollar las siguientes actuaciones: ) Elaborar una Ley de Comercio Interior de Andalucía que conjugue los intereses del pequeño y mediano comercio, los hipermercados y grandes almacenes y los usuarios.",52
AND_1990_PA_es.pdf,AND,1990,PA,es,") Desarrollo normativo de la vigente Ley de Comercio Ambulante, en particular de las comisiones previstas con representantes de los sectores afectados.",22
AND_1990_PA_es.pdf,AND,1990,PA,es,") Programas específicos de reestructuración y renovación del sector, cambiando los ineficaces instrumentos de ayudas a la financiación.",18
AND_1990_PA_es.pdf,AND,1990,PA,es,El proyecto de democratización de la enseñanza en Andalucía puede considerarse que ha fracasado: los consejos escolares son órganos en absoluta inacción; la escolarización en EE.,26
AND_1990_PA_es.pdf,AND,1990,PA,es,"Medias acompañada de masificación; la desigual distribución de la proporción profesoralumno e insuficiencias de materiales y dotaciones, conforman una gestión ineficaz que provoca una falta de motivación del personal docente y una clara desconexión entre los niveles de E.G.B., Enseñanzas Medias, Universidad y el mundo laboral.",46
AND_1990_PA_es.pdf,AND,1990,PA,es,"Por otra parte, la obligada incorporación -por mandato estatutario- de nuestra rica cultura a los programas escolares presenta un balance desolador como era de prever de la acción de un gobierno de un partido centralista que, en el fondo, no cree en nuestra cultura como expresión de la identidad nacional del pueblo andaluz.",53
AND_1990_PA_es.pdf,AND,1990,PA,es,"Medias no se ha modificado nada a partir de la asunción de competencias por la Junta, en E.G.B. se ha caído en la consideración marginal de unos contenidos yuxtapuestos a los recargados programas oficiales, unos textos escolares a los que se añaden unos temas de cultura andaluza en el Área de Ciencias Sociales y unas actividades extraescolares desconexas y folklóricas.",60
AND_1990_PA_es.pdf,AND,1990,PA,es,"A ello se añade la realista constatación de la desmotivación del profesorado, siempre caracterizado por su esfuerzo y deseos de perfeccionamiento profesional, cuando nos hallamos ante las puertas de una reforma del sistema educativo.",34
AND_1990_PA_es.pdf,AND,1990,PA,es,Esta situación se produce por la incompetencia de los gobiernos del PSOE y el sectarismo y la insensibilidad plenamente demostrados en la política de personas desarrolladas en los últimos ocho años.,31
AND_1990_PA_es.pdf,AND,1990,PA,es,"El Partido Andalucista propugna un modelo educativo propio que potencie, al mismo tiempo, el acceso de todos los andaluces a una enseñanza de calidad y su conciencia de identidad cultural, de nuestro modo diferenciado de ser y de sentir.",39
AND_1990_PA_es.pdf,AND,1990,PA,es,El mandato del art.,4
AND_1990_PA_es.pdf,AND,1990,PA,es,"del Estatuto de Autonomía obliga a los poderes públicos a velar porque los contenidos de la enseñanza e investigación en Andalucía guarden una esencial conexión con las realidades, tradiciones, problemas y necesidades del pueblo andaluz.",35
AND_1990_PA_es.pdf,AND,1990,PA,es,"define como objetivo afianzar la conciencia de identidad andaluza, a través de la investigación, difusión y conocimiento de los valores históricos, culturales y lingüísticos del pueblo andaluz, en toda su riqueza y variedad.",33
AND_1990_PA_es.pdf,AND,1990,PA,es,"Por consiguiente, ante la próxima aprobación de la Ley Orgánica General del Sistema Educativo (LOGSE) consideramos fundamental la elaboración de un diseño curricular desde y para Andalucía, no impuesto por el Gobierno Central, aunque coordinado en sus bases comunes con el del Estado.",43
AND_1990_PA_es.pdf,AND,1990,PA,es,"Igualmente, la implementación de la reforma exigirá un esfuerzo educativo compensatorio que debe ser asumido por el Estado en cuanto a su financiación.",23
AND_1990_PA_es.pdf,AND,1990,PA,es,Otros objetivos prioritarios del programa de educación no universitaria del Partido Andalucista son: .,14
AND_1990_PA_es.pdf,AND,1990,PA,es,Aumento de la oferta de puestos escolares en Preescolar y Enseñanza Secundaria reduciendo las diferencias de escolarización con el resto del Estado Español y adecuando la formación Profesional a las reales necesidades del sistema socioeconómico andaluz.,36
AND_1990_PA_es.pdf,AND,1990,PA,es,"Reforzamiento de las enseñanzas de informática e idiomas en los centros no universitarios con objeto de preparar una mejor integración en la Comunidad Europea, con profesores suficientes y medios técnicos adecuados.",31
AND_1990_PA_es.pdf,AND,1990,PA,es,Mejorar las dotaciones de personal y servicios de nuestros centros.,10
AND_1990_PA_es.pdf,AND,1990,PA,es,Incentivación de la función directiva.,5
AND_1990_PA_es.pdf,AND,1990,PA,es,Incremento del personal administrativo y auxiliar.,6
AND_1990_PA_es.pdf,AND,1990,PA,es,Funcionamiento más eficaz de los Centros de Recursos y de los Servicios de Orientación Educativa.,15
AND_1990_PA_es.pdf,AND,1990,PA,es,"Reordenar las relaciones entre centros públicos y concertados tendentes a posibilitar realmente a todos los ciudadanos la libre elección de centro garantizada en la LODE, dentro de una política de incremento de la inversión educativa.",35
AND_1990_PA_es.pdf,AND,1990,PA,es,"Conformar los instrumentos necesarios para conseguir en los diversos niveles educativos una enseñanza que atienda y respete las diferencias y pueda atender así a los alumnos con disminuciones físicas, síquicas o sociales, bajo los principios de normalización e integración.",39
AND_1990_PA_es.pdf,AND,1990,PA,es,"Para atender a las necesidades de la educación compensatoria con fuertes tasas de fracaso escolar, se intensificarán medidas de reducción de ratios profesor-alumnos, adaptaciones curriculares y metodológicas y dotación de efectivos servicios de apoyo y de personal especializado.",38
AND_1990_PA_es.pdf,AND,1990,PA,es,"Creación de un Centro Andaluz de Investigación Educativa que coordine, difunda y apoye la investigación y la experimentación pedagógica.",19
AND_1990_PA_es.pdf,AND,1990,PA,es,"Puesta en marcha de un plan general de formación permanente y de actualización del profesorado, articulado democráticamente, y coordinado a lo largo de los diferentes niveles educativos.",27
AND_1990_PA_es.pdf,AND,1990,PA,es,"Renovación de los Centros de Profesores y potenciación del papel evaluador, asesor y coordinador de la Inspección.",17
AND_1990_PA_es.pdf,AND,1990,PA,es,"Priorización de la educación de adultos, con una mejor coordinación administrativa y una adecuada conexión con las iniciativas sociales e institucionales.",21
AND_1990_PA_es.pdf,AND,1990,PA,es,Creación del Instituto Andaluz de Educación de Adultos dentro de la óptica de la educación permanente.,16
AND_1990_PA_es.pdf,AND,1990,PA,es,La autonomía universitaria es un mandato no sólo establecido en la ley ordinaria sino consagrado por la Constitución y a su observancia superior se deben los ciudadanos y los poderes públicos.,31
AND_1990_PA_es.pdf,AND,1990,PA,es,"El Partido Andalucista, a la vez que respeta dicho ámbito de autonomía proclama su convicción de que la Universidad Andaluza es pieza clave de la construcción de una Andalucía moderna, con potencial de futuro y con conciencia de pueblo.",39
AND_1990_PA_es.pdf,AND,1990,PA,es,En este sentido se compromete a desarrollar desde la Junta de Andalucía una política sustentada en las siguientes bases de actuación: .,22
AND_1990_PA_es.pdf,AND,1990,PA,es,Ejercicio de las facultades estatutarias recogidas en el artículo .,10
AND_1990_PA_es.pdf,AND,1990,PA,es,", el Consejo de Gobierno adoptará las medidas precisas para la promulgación de una Ley de Univdersidades Andaluzas, que deberá ser objetivo prioritario junto a un plan urgente de inversiones para instalaciones y equipamientos.",34
AND_1990_PA_es.pdf,AND,1990,PA,es,En la citada Ley se contemplará la creación del Instituto Superior de Estudios Andaluces con participación de la iniciativa privada.,20
AND_1990_PA_es.pdf,AND,1990,PA,es,"Una de sus funciones principales será la de impartir cursos de especialización para post-graduados, masters y proyectos de investigación sobre materias preferentemente socioeconómicas y tecnológicas.",25
AND_1990_PA_es.pdf,AND,1990,PA,es,El Gobierno Andaluz establecerá medios adecuados para desarrollar aún más la coordinación y la cooperación entre las universidades andaluzas.,19
AND_1990_PA_es.pdf,AND,1990,PA,es,"El intercambio de experiencias científicas y docentes, la realización de proyectos comunes de investigación, la coordinación de los programas de tercer ciclo, el intercambio de profesores, etc., pueden ser frutos positivos de esta política.",34
AND_1990_PA_es.pdf,AND,1990,PA,es,"La incardinación de la Universidad en la sociedad andaluza debe responder, además de su conexión con las demandas sociales y las necesidades de nuestra modernización, a las exigencias de los lazos culturales e históricos con Europa, Hispanoamérica y la ribera sur del Mediterráneo.",43
AND_1990_PA_es.pdf,AND,1990,PA,es,"Igualmente, como se recoge más adelante, debe desempeñar un papel fundamental en el proyecto cultural de Andalucía.",17
AND_1990_PA_es.pdf,AND,1990,PA,es,"La elevación de la calidad de enseñanza deberá tener presente: la incorporación de las nuevas carreras universitarias a nuestros centros, la preparación óptima científica y didáctica del profesorado, la actualización constante de los métodos docentes, el incremento del número de profesores con especial atención a la participación de la figura del profesor asociado, y la optimización de la utilización de las instalaciones actuales y las que pudieran habilitarse excepcionalmente.",69
AND_1990_PA_es.pdf,AND,1990,PA,es,"Especial importancia adquiere la potenciación de los departamentos universitarios, en su doble vertiente de enseñanza e investigación.",17
AND_1990_PA_es.pdf,AND,1990,PA,es,"El Gobierno Andaluz desarrollará un programa de cooperación técnica con los departamentos universitarios, de modo que los estudios de asesoramiento técnico y similares se encarguen por las distintas Consejerías a la Universidad con los recursos económicos presupuestados a tal fin.",40
AND_1990_PA_es.pdf,AND,1990,PA,es,El Gobierno promoverá las modificaciones presupuestarias suficientes para desarrollar los programas previstos en el Plan Andaluz de Investigación.,18
AND_1990_PA_es.pdf,AND,1990,PA,es,"Igualmente intensificará los proyectos de informatización documental y bibliotecaria, y la interconexión con otras universidades españolas y europeas.",18
AND_1990_PA_es.pdf,AND,1990,PA,es,"Asimismo, impulsará la política de convenios con las entidades de crédito que ayude a proyectos de investigación de especial interés.",20
AND_1990_PA_es.pdf,AND,1990,PA,es,En materia de expansión universitaria es necesario reforzar programas de cooperación con las administraciones públicas y las empresas de Andalucía.,20
AND_1990_PA_es.pdf,AND,1990,PA,es,"Se desarrollarán servicios informativos en la RTVA, y se crearán servicios de videotecas y teletextos universitarios.",16
AND_1990_PA_es.pdf,AND,1990,PA,es,"Las universidades andaluzas colaborarán en la impartición de cursos a distancia y en las actividades de formación profesional, subvencionadas por el Fondo Social Europeo.",24
AND_1990_PA_es.pdf,AND,1990,PA,es,"La política cultural a desarrollar en Andalucía debe tener un doble objetivo fundamental: de un lado, la recuperación de su historia como pueblo; de otro, ser medio para el fortalecimiento de su conciencia y orgullo en cuanto tal, así como para su educación plena.",44
AND_1990_PA_es.pdf,AND,1990,PA,es,Todo ello viene a expresar el interés decisivo de la cultura para el Partido Andalucista.,15
AND_1990_PA_es.pdf,AND,1990,PA,es,"A través de ella se afirma Andalucía como pueblo: mediante su potenciación e impulso, se propicia el recobramiento de la memoria histórica y de la conciencia andaluza; por su desarrollo pleno y armónico, se devuelve a Andalucía su individualidad.",39
AND_1990_PA_es.pdf,AND,1990,PA,es,"En este sentido, por su necesaria vinculación al proceso educativo de los niños y jóvenes andaluces, se propugna la desaparición de la Consejería de Cultura y la inclusión de sus competencias en la de Educación (que quedaría como Consejería de Educación y Cultura).",43
AND_1990_PA_es.pdf,AND,1990,PA,es,La elaboración desde y para Andalucía de un diseño educativo curricular propio contribuiría a la consecución de los objetivos siguientes: a) En el nivel de la Educación Básica: - Hacer comprender a los niños que la cultura andaluza es patrimonio común del pueblo andaluz.,44
AND_1990_PA_es.pdf,AND,1990,PA,es,- Apreciar y usar nuestra modalidad lingüística.,7
AND_1990_PA_es.pdf,AND,1990,PA,es,"- Enriquecer, con el conocimiento, su conciencia de andaluces.",9
AND_1990_PA_es.pdf,AND,1990,PA,es,- Educar su sensibilidad y dar cauce a su capacidad creativa.,11
AND_1990_PA_es.pdf,AND,1990,PA,es,En el nivel de las Enseñanzas Medias: - Profundizar en el conocimiento de la historia y la cultura de Andalucía.,20
AND_1990_PA_es.pdf,AND,1990,PA,es,- Fomentar su interés por todo lo referente a Andalucía.,10
AND_1990_PA_es.pdf,AND,1990,PA,es,- Formar andaluces en el contexto de los pueblos de España y de Europa.,14
AND_1990_PA_es.pdf,AND,1990,PA,es,En el nivel universitario: - Creación de una especialidad en Historia y Cultura de Andalucía.,15
AND_1990_PA_es.pdf,AND,1990,PA,es,"- Fomento de estudios de Master, Doctorado, Postgrado, Ciclos, en este sentido.",12
AND_1990_PA_es.pdf,AND,1990,PA,es,- Financiación de proyectos de investigación referentes a esta temática andaluza.,11
AND_1990_PA_es.pdf,AND,1990,PA,es,"Organismo autónomo, dependiente de la Consejería, como centro de estudio, promoción y desarrollo de los diversos aspectos de la cultura andaluza.",21
AND_1990_PA_es.pdf,AND,1990,PA,es,"El Instituto estaría configurado por un conjunto de Departamentos especializados (Historia, Arte, Arqueología, Antropología, Habla Andaluza.",16
AND_1990_PA_es.pdf,AND,1990,PA,es,Programas para el efectivo cumplimiento de la Moción sobre política lingüística aprobada por el Parlamento a propuesta del Partido Andalucista .,21
AND_1990_PA_es.pdf,AND,1990,PA,es,Paquete legislativo que completará las leyes existentes: - Ley del Patrimonio Cultural Andaluz y Ley de Promoción Cultural.,18
AND_1990_PA_es.pdf,AND,1990,PA,es,Convenios con entidades crediticias y organismos internacionales.,7
AND_1990_PA_es.pdf,AND,1990,PA,es,"- RTVA, Diputaciones, Ayuntamientos y Universidades de Andalucía.",8
AND_1990_PA_es.pdf,AND,1990,PA,es,"La colaboracióncooperación con administraciones y entidades, con el fin de profundizar en el conocimiento de la cultura andaluza, diseñar programas y extender la difusión y el interés por estas cuestiones entre todos los andaluces.",34
AND_1990_PA_es.pdf,AND,1990,PA,es,- Desarrollo puntual del Plan General de Bienes Culturales vigente.,10
AND_1990_PA_es.pdf,AND,1990,PA,es,- Planes provinciales y municipales de restauraciónreutilización de edificios histórico-artísticos.,10
AND_1990_PA_es.pdf,AND,1990,PA,es,- Desarrollar ampliamente la legislación andaluza sobre estos aspectos.,9
AND_1990_PA_es.pdf,AND,1990,PA,es,- Puesta en marcha prioritaria de (con dotación económica): - Biblioteca de Andalucía.,13
AND_1990_PA_es.pdf,AND,1990,PA,es,"- Archivo de Andalucía, incluido una sección de Historia Contemporánea de Andalucía.",12
AND_1990_PA_es.pdf,AND,1990,PA,es,- Sistema de Museos comarcales de Andalucía.,7
AND_1990_PA_es.pdf,AND,1990,PA,es,"- Potenciación e información de la red de Bibliotecas Públicas, de Archivos y de Museos de Andalucía.",17
AND_1990_PA_es.pdf,AND,1990,PA,es,"- Convenios con Ayuntamientos y Diputaciones para ordenacióncatalogación de Archivos y Bibliotecas municipales y formación del personal técnico que permita poner en funcionamiento bibliotecas, archivos y museos localescomarcales.",28
AND_1990_PA_es.pdf,AND,1990,PA,es,- Creación de unas secciones sobre Andalucía en las Bibliotecas públicas.,11
AND_1990_PA_es.pdf,AND,1990,PA,es,- Intensificación de los trabajos de la Filmoteca.,8
AND_1990_PA_es.pdf,AND,1990,PA,es,"- Promoción del cine andaluz (autores, coproducciones, participación de RTVA, etc.), renovando el funcionamiento de la Productora Andaluza de Programas.",20
AND_1990_PA_es.pdf,AND,1990,PA,es,- Apoyo a la Sección de Imagen de la Facultad de Ciencias de la Información.,15
AND_1990_PA_es.pdf,AND,1990,PA,es,"- Reajuste de la política de festivales de cine en Andalucía, con la creación de un festival anualbianual dedicado a Andalucía en el cine, acompañado de un Simposio de expertos sobre el tema.",33
AND_1990_PA_es.pdf,AND,1990,PA,es,"- Creación de la Compañía Andaluza de Teatro, como grupo estable, con Director y equipo técnico.",16
AND_1990_PA_es.pdf,AND,1990,PA,es,"- Ayuda a grupos teatrales mediante coproducciones, subvenciones o contratos, y su circulación por el circuito teatral.",17
AND_1990_PA_es.pdf,AND,1990,PA,es,"- Creación de un festival anualbianual de Teatro andaluzAndalucía en el teatro, acompañado de un Simposio de expertos sobre el tema.",21
AND_1990_PA_es.pdf,AND,1990,PA,es,- Convenios con Ayuntamientos para apoyo financiero y mejora de las Orquestas existentes en Andalucía.,15
AND_1990_PA_es.pdf,AND,1990,PA,es,- Creación de la Orquesta de Andalucía.,7
AND_1990_PA_es.pdf,AND,1990,PA,es,- Diseño de una política de promoción musical con respecto a los Conservatorios andaluces.,14
AND_1990_PA_es.pdf,AND,1990,PA,es,Cátedras de guitarra y baile flamencos.,6
AND_1990_PA_es.pdf,AND,1990,PA,es,"- Promoción de músicos, creación musical y grupos musicales jóvenes en Andalucía.",12
AND_1990_PA_es.pdf,AND,1990,PA,es,- Reordenación de los actuales festivales flamencos.,7
AND_1990_PA_es.pdf,AND,1990,PA,es,"- Creación de una Compañía de Ballet y Danza Andaluces, con todas sus manifestaciones.",14
AND_1990_PA_es.pdf,AND,1990,PA,es,"- Dotación de becasayudas para la creación artística, especialmente los valores jóvenes.",12
AND_1990_PA_es.pdf,AND,1990,PA,es,"- Creación de Museos vivos ( ó ) en diversos lugares, utilizando edificios y conviniendo con artistas la presencia rotativa en ellos de sus obras.",25
AND_1990_PA_es.pdf,AND,1990,PA,es,- Promoción de exposiciones de pintores andaluces.,7
AND_1990_PA_es.pdf,AND,1990,PA,es,- Muestra anual de pintores andaluces (Fase provincial y andaluza).,10
AND_1990_PA_es.pdf,AND,1990,PA,es,- Dotación de becasayudas para la creación literaria.,8
AND_1990_PA_es.pdf,AND,1990,PA,es,"- Promoción editorial, impulsando y mejorando las experiencias de coordinación de editoriales andaluzas.",13
AND_1990_PA_es.pdf,AND,1990,PA,es,"- Exposicionespromoción de libros andaluces, y convenios con distribuidores y comerciantes.",11
AND_1990_PA_es.pdf,AND,1990,PA,es,"- Creación de un Museo de artes y tradiciones populares, y secciones de esta temática en Museos municipales yo comarcales.",20
AND_1990_PA_es.pdf,AND,1990,PA,es,"- Creación en el ICA, del Departamento de Antropología Andaluza.",10
AND_1990_PA_es.pdf,AND,1990,PA,es,- Fomento de la afición taurina y reformas reglamentarias para el mayor realce de la Fiesta.,16
AND_1990_PA_es.pdf,AND,1990,PA,es,"- Mediante convenios y diseños de planes de política de recuperación de: - Cante, baile, fiestas y tradiciones populares.",19
AND_1990_PA_es.pdf,AND,1990,PA,es,- Artesanía y vestidos populares.,5
AND_1990_PA_es.pdf,AND,1990,PA,es,"La situación informativa de dependencia que padece Andalucía es patente tanto en los medios de comunicación estatales -que están dominados por el centralismo político del partido gobernante-, como en los medios privados de comunicación que obedecen en ocasiones a intereses de empresas que en su mayoría no son andaluzas.",49
AND_1990_PA_es.pdf,AND,1990,PA,es,"Por todo ello, la existencia de una radio y una televisión públicas andaluzas es un hecho destacable cuya importancia a nadie escapa.",22
AND_1990_PA_es.pdf,AND,1990,PA,es,"Es por ello, que el Partido Andalucista ha apoyado siempre, en todo momento y en forma inequívoca la creación y potenciación de una radio-televisión de Andalucía.",26
AND_1990_PA_es.pdf,AND,1990,PA,es,"Y así lo hicimos cuando el gobierno socialista andaluz hizo pública su decisión de suspender el proyecto de un canal televisivo autonómico, argumentándose en aquella ocasión que la Junta debía destinar los cuantiosos recursos del coste del citado proyecto a elevar el nivel de nuestros equipamientos e infraestructura.",48
AND_1990_PA_es.pdf,AND,1990,PA,es,"Posteriormente, y por motivos claramente oportunistas, electoralistas y como reflejo de fuertes tensiones internas del partido en el Gobierno, se dio luz verde al negado proyecto, que se puso en marcha de manera precipitada y costosísima, por la deficiente gestión de los equipos directivos nombrados por el PSOE.",48
AND_1990_PA_es.pdf,AND,1990,PA,es,Los andalucistas creemos y propugnamos una Radio-televisión andaluza pública como instrumento de potenciación de nuestra identidad como pueblo.,18
AND_1990_PA_es.pdf,AND,1990,PA,es,"Con una línea de defensa decidida de nuestra cultura, de nuestro habla, de nuestros valores intelectuales, artísticos y profesionales.",19
AND_1990_PA_es.pdf,AND,1990,PA,es,"Una Radiotelevisión al servicio de la sociedad andaluza en su conjunto, con su compleja diversidad vital, sus distintas comarcas, sectores sociales, con el respeto de todas las posiciones ideológicas, religiosas, políticas, sociales, etc.",33
AND_1990_PA_es.pdf,AND,1990,PA,es,"El pluralismo es un factor que los andalucistas consideramos indispensable en nuestra Radiotelevisión, en lo ético (entendiendo sus componentes sociopolíticos e informativos) y en lo estético (en una programación abierta, amena e inteligente).",33
AND_1990_PA_es.pdf,AND,1990,PA,es,"Una radiotelevisión que se ajuste a tres valores universales, como son el más escrupuloso respecto a la verdad objetiva, a la honestidad y al rigor, sin cuyas premisas no cabe sino hablar de manipulación informativa.",35
AND_1990_PA_es.pdf,AND,1990,PA,es,"Una información, pues, al servicio de todos.",7
AND_1990_PA_es.pdf,AND,1990,PA,es,"Sustentada en el principio de la libre expresión democrática, del respeto a las mayorías y a las minorías.",18
AND_1990_PA_es.pdf,AND,1990,PA,es,"Esta Radiotelevisión andaluza que propugnamos desde el Partido Andalucista debe propiciar un sano debate sobre los problemas que nos afectan, debe ofrecer posibilidades de dinamización de las empresas andaluzas en general, del mundo de la publicidad, del desarrollo comercial, de los medios de comunicación, un instrumento constante de promoción de valores personales y colectivos, con especial incidencia en el mundo audiovisual y de la imagen.",65
AND_1990_PA_es.pdf,AND,1990,PA,es,"El cine, el video, el periodismo deben tener una fructífera y mutua interrelación con nuestra Radiotelevisión, de la que serán apoyo y estímulo a un mismo tiempo.",27
AND_1990_PA_es.pdf,AND,1990,PA,es,"A niveles profesionales, los andalucistas proponemos un modelo de Radiotelevisión pública andaluza que resulte competitivo, que admita una publicidad controlada y responsable, que intente su auto- amortización dentro del mercado radiofónico y televisivo español.",34
AND_1990_PA_es.pdf,AND,1990,PA,es,"El hecho de tener un carácter público no debe encarecer ni distorsionar el enfoque económico de nuestra Radiotelevisión, cuyos presupuestos anuales deberán ajustarse a unos criterios de racionalidad y austeridad.",30
AND_1990_PA_es.pdf,AND,1990,PA,es,"Desde el punto de vista andalucista, la Radiotelevisión andaluza deberá buscar un equilibrio en su programación, evitando extremos eruditos o cultistas (de carácter minoritario) ni -en el otro extremo- programas populares donde el humor y el chiste puedan parecer el único elemento identificador andaluz.",44
AND_1990_PA_es.pdf,AND,1990,PA,es,"Una programación en la que resulta decisiva la producción propia, bien directamente realizada en estudios y por personal de RTVA, bien encargada a productoras.",24
AND_1990_PA_es.pdf,AND,1990,PA,es,"Nosotros propugnamos el primer caso: hay que potenciar una infraestructura propia, de la casa, que a medio y largo plazo supone un auténtico filón de ahorro y ganancia económica, a la vez que vivero de formación laboral para profesionales andaluces.",40
AND_1990_PA_es.pdf,AND,1990,PA,es,"El Partido Andalucista considera que el cargo de Director General de la RTVA deberá recaer en personas de reconocida valía profesional, independientes de posiciones partidistas, y que, por tanto, estén al servicio del pueblo andaluz.",35
AND_1990_PA_es.pdf,AND,1990,PA,es,"El procedimiento de nombramiento debe conjugar estos criterios con la exigencia de un amplio respaldo de los grupos políticos parlamentarios, modificando la actual Ley en este punto.",27
AND_1990_PA_es.pdf,AND,1990,PA,es,El Partido Andalucista expresa su público reconocimiento al papel que desempeñan los medios de comunicación social en el fortalecimiento de la democracia y en la transparencia y la ética de la vida política.,33
AND_1990_PA_es.pdf,AND,1990,PA,es,"Asimismo, formula un respetuoso llamamiento a las empresas privadas para incrementar aún más la presencia viva del Parlamento de Andalucía como máximo órgano de representación del Pueblo Andaluz en sus respectivos medios.",32
AND_1990_PA_es.pdf,AND,1990,PA,es,"Al igual que lo exige de RTVE-A y RTVA, está convencido de que ello contribuirá decisivamente a la concienciación autonómica de los andaluces.",23
AND_1990_PA_es.pdf,AND,1990,PA,es,"En relación con la política de Igualdad de la Mujer, el Partido Andalucista exige el desarrollo efectivo de las acciones incluidas en el Plan vigente, aprobado por unanimidad en el Parlamento de Andalucía en la segunda legislatura.",37
AND_1990_PA_es.pdf,AND,1990,PA,es,"A tal fin, para acercar la actuación de los poderes públicos a las ciudadanas andaluzas, propone los creación de una red de Centros Comarcales de Promoción y Asesoramiento de la Mujer, con criterios de participación y coordinación con los ayuntamientos.",40
AND_1990_PA_es.pdf,AND,1990,PA,es,Estos centros estarían dotados de equipos multiprofesionales y programas específicos.,10
AND_1990_PA_es.pdf,AND,1990,PA,es,"El Partido Andalucista al plantear una estrategia de calidad de vida para todos los andaluces, no olvida a quienes se han visto obligados a la emigración en razones sociales o económicas.",31
AND_1990_PA_es.pdf,AND,1990,PA,es,"Por eso, en la titulación de las distintas Consejerías existirán dudas concretas destinadas a nuestros emigrantes a través de convenios de efectivo cumplimiento de las demás CC.",27
AND_1990_PA_es.pdf,AND,1990,PA,es,"Autónomas, en los términos previstos en el Estatuto de Autonomía.",10
AND_1990_PA_es.pdf,AND,1990,PA,es,La política del Gobierno Andaluz en relación con la migración debe huir de los golpes de efecto pro-andísticos usados por el PSOE.,22
AND_1990_PA_es.pdf,AND,1990,PA,es,"Propiciar promesas culturales y educacionales, hacer realidad el promiso parlamentario de abordar medidas políticas y técnicas para que RTVA pueda recibirse en una y otras zonas, mantener una política de juramento a quienes deseen retornar, etc. son las de las prioridades.",41
AND_1990_PA_es.pdf,AND,1990,PA,es,El presente programa de política juvenil es un extracto del elaborado por Juventudes Andalucistas y que ha sido aceptado por el Partido Andalucista.,23
AND_1990_PA_es.pdf,AND,1990,PA,es,"Los jóvenes somos un sector social con la problemática específica que en Andalucía reviste unas peculiares características, reflejo de la propia situación de nuestro País.",25
AND_1990_PA_es.pdf,AND,1990,PA,es,"Sufrimos una situación de doble dependencia, la de todo el pueblo andaluz y la propia del joven.",17
AND_1990_PA_es.pdf,AND,1990,PA,es,Estamos alejados de los centros de decisión y asistimos como espectadores a nuestros problemas.,14
AND_1990_PA_es.pdf,AND,1990,PA,es,"Somos relegados por sistema a posiciones ajenas a la participación, y se nos hace difícil la integración en la sociedad adulta.",21
AND_1990_PA_es.pdf,AND,1990,PA,es,"Somos económicamente débiles y nuestro poder adquisitivo, en general, es bajo.",11
AND_1990_PA_es.pdf,AND,1990,PA,es,"Esto en la práctica nos supone la imposibilidad de acceder a aquellas ofertas que la sociedad nos brinda debido a las altas cotas de desempleo registradas en Andalucía, especialmente duras para nosotros.",32
AND_1990_PA_es.pdf,AND,1990,PA,es,Se puede afirmar que la consecuencia más grave de todo esto es el retraso en nuestro proceso de emancipación con la frustración que ello genera.,25
AND_1990_PA_es.pdf,AND,1990,PA,es,Otro efecto indeseable es el alarmante nivel de tóxi-codependencia de nuestro sector de población; problemas todos con un mismo origen social.,21
AND_1990_PA_es.pdf,AND,1990,PA,es,No menos importante resulta el problema de la colonización cultura.,10
AND_1990_PA_es.pdf,AND,1990,PA,es,"Si bien hay que señalar que el proceso autonómico emprendido por nuestro Pueblo hace diez años ha mejorado esta situación, es mucho lo que nos queda por hacer.",28
AND_1990_PA_es.pdf,AND,1990,PA,es,"De algo sí que podemos estar seguros, y es que la conciencia de nuestro Pueblo sobre sus problemas y sobre la solución de los mismos, se ha incrementado.",28
AND_1990_PA_es.pdf,AND,1990,PA,es,"Rechazando el conformismo, los jóvenes andaluces confiamos hoy más en nuestro futuro y nos sentimos más capaces para afrontar los retos que tenemos planteados.",24
AND_1990_PA_es.pdf,AND,1990,PA,es,"Cualquier programa que intente resolver la situación que padece el joven andaluz, debe tener como objeto el contar con la participación de los jóvenes en un doble momento.",28
AND_1990_PA_es.pdf,AND,1990,PA,es,"Primero en la definición de los objetivos y de las políticas a seguir y, después, en la aplicación y desarrollo de dichas políticas.",23
AND_1990_PA_es.pdf,AND,1990,PA,es,"Una política de juventud diseñada a espaldas de los jóvenes o gestionada sin contar con ellos, está destinada al fracaso.",20
AND_1990_PA_es.pdf,AND,1990,PA,es,"Por ello la alternativa andalucista, es la alternativa de participación de los jóvenes.",13
AND_1990_PA_es.pdf,AND,1990,PA,es,Entendemos que no es una cuestión meramente presupuestaria sino de prioridades por parte de la Administración.,16
AND_1990_PA_es.pdf,AND,1990,PA,es,"Es el momento de concretar un programa de servicio a los jóvenes, como un compromiso de los andalucistas con este sector de nuestro pueblo.",24
AND_1990_PA_es.pdf,AND,1990,PA,es,"Uno de los problemas que afecta más gravemente al joven andaluz es el de la falta de viviendas asequibles, lo cual impide su independencia del hogar familiar y retrasa su proceso de emancipación.",33
AND_1990_PA_es.pdf,AND,1990,PA,es,Para paliar esta realidad los andalucistas proponemos la adopción de las siguientes medidas: - Potenciar un patrimonio público de viviendas en alquiler especialmente dirigida a sectores desfavorecidos.,27
AND_1990_PA_es.pdf,AND,1990,PA,es,- Elaboración de un Plan Andaluz de Construcción y Rehabilitación de viviendas en cooperación con los ayuntamientos.,17
AND_1990_PA_es.pdf,AND,1990,PA,es,- Establecer mecanismos de asesoramiento y apoyo a través de los ayuntamientos para facilitar la autoconstrucción de viviendas.,18
AND_1990_PA_es.pdf,AND,1990,PA,es,- Luchar contra la especulación inmobiliaria y la construcción indiscriminada que atente contra el medio ambiente y el patrimonio histórico artístico.,21
AND_1990_PA_es.pdf,AND,1990,PA,es,- Impulsar la construcción de residencias para estudiantes y realizar una labor de seguimiento y control de calidad de las bolsas inmobiliarias.,22
AND_1990_PA_es.pdf,AND,1990,PA,es,Especial relevancia a la prevención de la enfermedad así como a la promoción de la salud comunitaria.,17
AND_1990_PA_es.pdf,AND,1990,PA,es,"Dichos programas de prevención y promoción irían dirigidos esencialmente a: - Fomentar la actividad física, conseguir una dieta más equilibrada y sana, reducir los comportamientos de riesgo en la conducción, disminuir el consumo de bebidas alcohólicas y de tabaco, así como fomentar la planificación familiar.",45
AND_1990_PA_es.pdf,AND,1990,PA,es,"- Respecto a la droga creemos que la solución del problema no vendrá sólo por la adopción de medi das correctivas, ni por el prohibicionismo más radical.",27
AND_1990_PA_es.pdf,AND,1990,PA,es,"Por otra parte, está comprobado que actualmente no se destinan los recursos suficientes para la prevención y corrección de este problema.",21
AND_1990_PA_es.pdf,AND,1990,PA,es,Creemos que el drogadicto debe ser atendido por el S.A.S. y que en la resolución de este problema tiene que participar toda la sociedad.,24
AND_1990_PA_es.pdf,AND,1990,PA,es,"En referencia al Sida hay que incrementar los recursos preventivos, así como los de información social, para que los portadores sean tratados con respeto y aceptación.",26
AND_1990_PA_es.pdf,AND,1990,PA,es,"- Devolver a su uso inicial los bienes, muebles e inmuebles, que formaban el antiguo patrimonio juvenil.",17
AND_1990_PA_es.pdf,AND,1990,PA,es,- Dotar a todos los pueblos y barrios de casas de juventud.,12
AND_1990_PA_es.pdf,AND,1990,PA,es,- Promover la creación de escuelas de animación socio-cultural.,9
AND_1990_PA_es.pdf,AND,1990,PA,es,- Establecimiento de una política en este tema con actividades que abarquen todo el año.,15
AND_1990_PA_es.pdf,AND,1990,PA,es,- Realizar un plan urgente de inversiones en centros e infraestructuras en todos los niveles educativos.,16
AND_1990_PA_es.pdf,AND,1990,PA,es,"- Desarrollar una amplia política de becas, complementaria de las insuficientes ayudas del Ministerio de Educación.",16
AND_1990_PA_es.pdf,AND,1990,PA,es,- Asegurar la participación de los estudiantes en el control de la calidad de la enseñanza.,16
AND_1990_PA_es.pdf,AND,1990,PA,es,"- Fomentar y mejorar la formación profesional, dotándola de mayores recursos y haciendo de ella un camino seguro para la inserción laboral.",22
AND_1990_PA_es.pdf,AND,1990,PA,es,- Controlar la realización de prácticas de estudiantes de F.P. en empresas para evitar el empleo sumergido y la explotación laboral del joven.,23
AND_1990_PA_es.pdf,AND,1990,PA,es,- Adaptar el número de plazas universitarias a la demanda social.,11
AND_1990_PA_es.pdf,AND,1990,PA,es,"- Mejorar los servicios asistenciales para estudiantes: transportes, comedores, asesorías.",10
AND_1990_PA_es.pdf,AND,1990,PA,es,- Fomento del asociacionismo estudiantil.,5
AND_1990_PA_es.pdf,AND,1990,PA,es,"- Fomentar los sistemas de educación especial para jóvenes discapacitados, así como la integración en centros normalizados de los llamados jóvenes límites.",22
AND_1990_PA_es.pdf,AND,1990,PA,es,- Favorecer formas de contratación idefinidas de jóvenes en detrimento de aquellas otras tendentes a crear empleos eventuales o en precario.,21
AND_1990_PA_es.pdf,AND,1990,PA,es,- Adaptar la formación profesional a las nuevas necesidades del mercado.,11
AND_1990_PA_es.pdf,AND,1990,PA,es,"- Crear un fondo de autoempleo juvenil como medida de apoyo a jóvenes titulados universitarios, a través de la concesión de créditos blandos.",23
AND_1990_PA_es.pdf,AND,1990,PA,es,- Crear unidades comarcales de empleo como forma de favorecer aquellas iniciativas presentadas por colectivos más activos.,17
AND_1990_PA_es.pdf,AND,1990,PA,es,- Reclamar para Andalucía las competencias del INEM.,8
AND_1990_PA_es.pdf,AND,1990,PA,es,"- Conceder subvenciones para la formación de cooperativas, que serán del cien por cien de los costos de creación en los casos en que los estudios de viabilidad demuestren su futuro, siempre que la totalidad de socios sean desempleados menores de treinta años - Incentivar la creación de cooperativas de reciclaje de productos urbanos con una triple función: crear empleo, actuar en zonas marginales y preservar el medio ambiente.",69
AND_1990_PA_es.pdf,AND,1990,PA,es,- Fomentar la creación de cooperativas mixtas de jóvenes discapacitados y personal especializado.,13
AND_1990_PA_es.pdf,AND,1990,PA,es,- Crear un cuerpo de policía ecológica con la misión específica de hacer cumplir la legislación medioambiental.,17
AND_1990_PA_es.pdf,AND,1990,PA,es,- Para luchar contra la desertización proponemos impulsar la aplicación real del plan LUCDEA (Plan contra la desertización en Andalucía) y realizar repoblaciones forestales con especies autóctonas.,27
AND_1990_PA_es.pdf,AND,1990,PA,es,"- Oposición frontal al proyecto Costa Doñana, así como a otros que supongan un grave riesgo para un espacio natural protegido.",21
AND_1990_PA_es.pdf,AND,1990,PA,es,- Reivindicar desde las instituciones andaluzas las transferencias de todas las competencias referentes al Parque Nacional de Doñana.,18
AND_1990_PA_es.pdf,AND,1990,PA,es,- Mejorar y poner en funcionamiento el Plan de Descontaminación de la Bahía de Algeciras y de la ría de Huelva.,21
AND_1990_PA_es.pdf,AND,1990,PA,es,"- Favorecer la creación de industrias no contaminantes, así como la investigación de fuentes de energía limpias.",17
AND_1990_PA_es.pdf,AND,1990,PA,es,- Establecer una red de medidores de contaminación que cubra todo el territorio andaluz.,14
AND_1990_PA_es.pdf,AND,1990,PA,es,- Desmantelamiento del cementerio nuclear del Cabril.,7
AND_1990_PA_es.pdf,AND,1990,PA,es,- Dotar a toda Andalucía de sistemas de tratamiento de aguas residuales.,12
AND_1990_PA_es.pdf,AND,1990,PA,es,"- Elaborar un Plan para evaluar y corregir el grado de contaminación, salinización y explotación de los acuíferos andaluces.",19
AND_1990_PA_es.pdf,AND,1990,PA,es,- Exigir competencias plenas para la Administración Autónoma en lo referente al uso y gestión de las aguas del río Guadalquivir.,21
AND_1990_PA_es.pdf,AND,1990,PA,es,"- Transformar los hábitos de consumo de los ciudadanos favoreciendo el uso de productos reciclados, y en especial el papel ecológico por parte de las instituciones.",26
AND_1990_PA_es.pdf,AND,1990,PA,es,- Desmantelar las tres bases militares extranjeras existentes en Andalucía.,10
AND_1990_PA_es.pdf,AND,1990,PA,es,- Prohibir la utilización de los puertos andaluces como lugares de anclaje de buques con armamentos nucleares.,17
AND_1990_PA_es.pdf,AND,1990,PA,es,"- Proponemos, hasta la derogación del Servicio Militar Obligatorio, que al menos todos los jóvenes andaluces que lo realicen lo hagan dentro de Andalucía.",24
AND_1990_PA_es.pdf,AND,1990,PA,es,- Reconocimiento efectivo de la Objeción de Conciencia.,8
AND_1990_PA_es.pdf,AND,1990,PA,es,Lo ecológico es por naturaleza abierto e interrelacionado a escala planetaria.,11
AND_1990_PA_es.pdf,AND,1990,PA,es,"Problemas como la lluvia ácida, la contaminación, la protección de especies, la disminución de la capa de ozono.",18
AND_1990_PA_es.pdf,AND,1990,PA,es,no son abordables unilateralmente por un país.,7
AND_1990_PA_es.pdf,AND,1990,PA,es,"A la par, la dimensión económica que posee lo ambiental, le añade una segunda interconexión internacional.",16
AND_1990_PA_es.pdf,AND,1990,PA,es,"No debe escapársenos que la elevación de la calidad de vida del Primer Mundo se hace a expensas de la degradación ambiental del tercero, o que la falta de equilibrio económico Norte-Sur, aboca a los países en desarrollo a realizar en muchos casos políticas destructivas.",45
AND_1990_PA_es.pdf,AND,1990,PA,es,"Por todo ello, una política ambiental para Andalucía debe relacionarse en sus fundamentos y alternativas con otras políticas ambientales estatales, mediterráneas y europeas.",23
AND_1990_PA_es.pdf,AND,1990,PA,es,"De otro lado, la política ambiental tiene que afectar a todo el territorio andaluz.",14
AND_1990_PA_es.pdf,AND,1990,PA,es,No es de recibo una concepción de lo ecológico como algo circunscrito a las áreas con interés natural.,18
AND_1990_PA_es.pdf,AND,1990,PA,es,"Una política de islas ambientales es la que interpreta lo ambiental como algo cuasi museístico, en vez de tomar la calidad de vida de los ciudadanos y la protección global del territorio como objetivos a perseguir.",36
AND_1990_PA_es.pdf,AND,1990,PA,es,"La integración sectorial de la política ambiental ha de ser otra característica para los andalucistas, en relación evidente con el desarrollo de la investigación educativa, de la salud, agrícola.",29
AND_1990_PA_es.pdf,AND,1990,PA,es,La mejor política en este sector para Andalucía es aquella que realiza las instituciones en su conjunto guiadas en sus acciones de gobierno por el objetivo de la elevación de la calidad de vida de los ciudadanos.,37
AND_1990_PA_es.pdf,AND,1990,PA,es,"No puede entenderse un gobierno que gestione con objetivos ambientales y de calidad de vida a través de su estructura administrativa, realizando lo contrario por otros departamentos.",27
AND_1990_PA_es.pdf,AND,1990,PA,es,La consecución de niveles de bienestar generalizado para la población andaluza exige la realización de una política de desarrollo económico en muchas zonas de nuestra Comunidad.,26
AND_1990_PA_es.pdf,AND,1990,PA,es,"Construir Andalucía económicamente sin pagar el precio de su destrucción, ha de ser la máxima del gobierno andaluz.",18
AND_1990_PA_es.pdf,AND,1990,PA,es,"En síntesis reseñamos los siguientes: El de la superficie andaluza presenta un riesgo de erosión elevado o muy elevado, llegando este porcentaje al en la provincia de Almería.",28
AND_1990_PA_es.pdf,AND,1990,PA,es,"La contaminación de las aguas superficiales se ha elevado tanto por los vertidos humanos como industriales, así como por el empleo excesivo de agentes fertilizantes y fitosanitarios en áreas agrícolas.",30
AND_1990_PA_es.pdf,AND,1990,PA,es,La correcta depuración de estos vertidos urbanos e industriales es una práctica casi inexistente en Andalucía.,16
AND_1990_PA_es.pdf,AND,1990,PA,es,De otra parte la sobre-explotación de los acuíferos con fines agrícolas o de abastecimiento urbano se ha disparado en los últimos años.,22
AND_1990_PA_es.pdf,AND,1990,PA,es,La planificación de los espacios naturales a pesar de experimentar un avance en los últimos tiempos presenta aún lagunas.,19
AND_1990_PA_es.pdf,AND,1990,PA,es,La no realización de la política de eco-desarrollo con inversiones que conviertan a los espacios protegidos en una fuente de riqueza para la población del entorno sigue siendo tarea pendiente.,30
AND_1990_PA_es.pdf,AND,1990,PA,es,aprovechen la riqueza paisajística de los espacios naturales.,8
AND_1990_PA_es.pdf,AND,1990,PA,es,Dentro de la política energética creemos que ha de girar en torno a las energías renovables.,16
AND_1990_PA_es.pdf,AND,1990,PA,es,"Para ello se impulsará la investigación y el desarrollo de tecnologías energéticas propias del campo de la energía solar, térmica, eólica y fotovoltaica, con las debidas medidas institucionales de financiación, promoción y de incentivos.",34
AND_1990_PA_es.pdf,AND,1990,PA,es,El favorecimiento del reciclaje de materiales ha de realizarlo como factor de una política de no esquimación de los recursos.,20
AND_1990_PA_es.pdf,AND,1990,PA,es,Para ello se promoverá la investigación en esos campos y se incentivará la realización de proyectos en tal sentido.,19
AND_1990_PA_es.pdf,AND,1990,PA,es,Los andalucistas hacemos de la política de aguas un símbolo de la actuación ambiental.,14
AND_1990_PA_es.pdf,AND,1990,PA,es,"Para una gestión adecuada e integrada pedimos las transferencias antes aludidas sobre la Confederación Hidrográfica, y uniremos en un mismo organismo andaluz la política de calidad de aguas.",28
AND_1990_PA_es.pdf,AND,1990,PA,es,"Pondremos en marcha planes de corrección de vertidos urbanos en colaboración con los ayuntamientos, e incorporando nuevas tecnologías de depuración biológica.",21
AND_1990_PA_es.pdf,AND,1990,PA,es,Favoreceremos las comunidades y consorcios municipales para la gestión comunal de las aguas.,13
AND_1990_PA_es.pdf,AND,1990,PA,es,"Consideramos necesaria la incorporación de tecnologías limpias en el tratamiento de residuos sólidos, así como su reglamentación.",17
AND_1990_PA_es.pdf,AND,1990,PA,es,Proporcionando ayudas a municipios y mancomunidades comarcales para la gestión del problema y siempre de la mano del consenso social.,20
AND_1990_PA_es.pdf,AND,1990,PA,es,Extenderemos por toda Andalucía la Red de Vigilancia y Prevención de la Contaminación Atmosférica y promoviéndose la racionalización del tráfico de vehículos urbanos.,23
AND_1990_PA_es.pdf,AND,1990,PA,es,"El Partido Andalucista se pronuncia de manera tajante contra la nuclearización de nuestro territorio, para lo cual venimos defendiendo el desmantelamiento del cementerio nuclear de El Cabril.",27
AND_1990_PA_es.pdf,AND,1990,PA,es,"Propugnamos igualmente una legislación propia en materia de Evaluación de Impacto Ambiental, la cual debe complementar las normativas estatales y europeas hoy vigentes.",23
AND_1990_PA_es.pdf,AND,1990,PA,es,"Aumentando con ello el rigor de la administración autónoma, y las competencias de la administración local.",16
AND_1990_PA_es.pdf,AND,1990,PA,es,"Para la correcta y continua labor de protección no descartamos la creación de un Cuerpo Andaluz de Policía Ambiental, al amparo del Estatuto de Autonomía.",25
AND_1990_PA_es.pdf,AND,1990,PA,es,"Estimamos conveniente la ampliación de la actual Ley del Inventario de Espacios Naturales de Andalucía, potenciándose la figura del parque periurbano.",21
AND_1990_PA_es.pdf,AND,1990,PA,es,"Promoveremos una ley de Protección de la Flora y la Fauna Andaluza, para asegurar la riqueza genética animal y vegetal.",20
AND_1990_PA_es.pdf,AND,1990,PA,es,El fomento del conocimiento de nuestro ambiente y la búsqueda de soluciones a su problemática son los objetivos de una política de investigación enmarcada dentro del ámbito del Plan Andaluz de Investigación.,32
AND_1990_PA_es.pdf,AND,1990,PA,es,"Apoyaremos programas encaminados a aportar soluciones en el campo de las tecnologías anticontaminantes, el reciclaje y las energías renovables.",19
AND_1990_PA_es.pdf,AND,1990,PA,es,"El Partido Andalucista considera responsabilidad del gobierno andaluz la promoción del asociacionismo y de la sensibilización ambientalista vinculando la educación ambiental a los distintos niveles de enseñanza, promoviéndose titulaciones y especialidades en este ámbito.",34
AND_1990_PA_es.pdf,AND,1990,PA,es,Proponemos la creación de la Consejería de Medio Ambiente y la figura del Defensor del Medio Ambiente Andaluz.,18
AND_1990_PA_es.pdf,AND,1990,PA,es,"La salud es uno de los recursos fundamentales para el desarrollo social, económico y personal, y una dimensión primordial de la calidad de vida.",24
AND_1990_PA_es.pdf,AND,1990,PA,es,"En ella intervienen numerosos factores (ambientales, relacionados con el estilo de vida, biológicos, etc.), siendo la promoción de la salud, un intento por hacer que todos ellos intervengan en favor de la salud y no en su detrimento.",38
AND_1990_PA_es.pdf,AND,1990,PA,es,"En este principio debe basarse la acción pública en materia sanitaria, que debe complementarse con la puesta en marcha de unos servicios sanitarios apropiados, modernos y accesibles a todos los ciudadanos.",31
AND_1990_PA_es.pdf,AND,1990,PA,es,"Junto al paro y la inseguridad ciudadana, los andaluces colocan a la sanidad entre los tres problemas más graves, que Andalucía tiene planteados.",23
AND_1990_PA_es.pdf,AND,1990,PA,es,"El extremo a que ha llegado esta situación se debe, fundamentalmente, a la insuficiente dotación de recursos procedentes del Gobierno Central y a una gestión ineficaz y desprofesionalizada.",28
AND_1990_PA_es.pdf,AND,1990,PA,es,No se trata de una sensación en abstracto.,8
AND_1990_PA_es.pdf,AND,1990,PA,es,"En , solo de cada embarazadas andaluzas con riesgo, han sido convenientemente vigiladas; en uno de cada tres Colegios andaluces se detectan graves problemas sanitarios: más de la mitad de los niños andaluces se encuentran incorrectamente vacunados; un tercio de la población andaluza consume agua que no puede ser considerada potable; el tratamiento de aguas residuales mediante depuradoras protege solamente a uno de cada cuatro andaluces; el nivel de contaminación atmosférica ha alcanzado niveles peligrosos durante meses al año en Huelva (partículas sedimentables) y meses al año en algunas zonas de Sevilla (partículas en suspensión); el de las muestras de alimentos para el consumo público mostraron la presencia de gérmenes potencialmente causantes de toxina, infecciones alimentarias.",116
AND_1990_PA_es.pdf,AND,1990,PA,es,"En lo que a asistencia sanitaria se refiere, la red de Centros de Salud solo cubre al de la población andaluza, y el número de camas hospitalarias por mil habitantes es en Andalucía de , siendo de , en el resto de España, de en Inglaterra y de más de en Francia y Alemania.",54
AND_1990_PA_es.pdf,AND,1990,PA,es,Todo ello explica la sensación de los andaluces y el estado actual de las listas de espera para atención sanitaria.,20
AND_1990_PA_es.pdf,AND,1990,PA,es,"El Gobierno andaluz debe garantizar el acceso gratuito al sistema sanitario de todos los ciudadanos sin discriminación, dedicando la mayor atención a la promoción de la salud y la prevención de la enfermedad, integrando las prestaciones asistenciales preventivas, diagnósticas, curativas y rehabilitadoras, y teniendo en cuenta de manera especial la influencia directa del medio y del estilo de vida.",59
AND_1990_PA_es.pdf,AND,1990,PA,es,El Partido Andalucista exigirá el establecimiento urgente de negociaciones con la Administración Central para la consecución del pago de la deuda que el Estado tiene contraída con Andalucía en concepto de recursos sanitarios.,33
AND_1990_PA_es.pdf,AND,1990,PA,es,"La valoración de las deficiencias presupuestarias suponen, hasta , un total de .",13
AND_1990_PA_es.pdf,AND,1990,PA,es,La satisfacción de esta deuda hará posible que Andalucía alcance niveles de calidad equiparables a los del resto de España y permitirá el desarrollo de los programas que el Partido Andalucista propone en materia de Política Sanitaria.,37
AND_1990_PA_es.pdf,AND,1990,PA,es,El Sistema Sanitario Andaluz necesita que se construyan más de .,11
AND_1990_PA_es.pdf,AND,1990,PA,es,"camas hospitalarias, la contratación de .",6
AND_1990_PA_es.pdf,AND,1990,PA,es,"médicos y titulados superiores, de más de .",8
AND_1990_PA_es.pdf,AND,1990,PA,es,"diplomados universitarios (enfermeras, trabajadores sociales, fisioterapeutas, etc.) y de casi .",11
AND_1990_PA_es.pdf,AND,1990,PA,es,"puestos de personal no sanitario, para alcanzar los niveles de calidad del que disfrutan ya en el resto de España.",20
AND_1990_PA_es.pdf,AND,1990,PA,es,"El Partido Andalucista basará su política de infraestructura sanitaria en la construcción y dotación adecuada de Centros de Salud, que girarán en torno a Hospitales Comarcales, de los que se dotará a cada distrito sanitario.",35
AND_1990_PA_es.pdf,AND,1990,PA,es,"Ello estará en consonancia con la moderna filosofía de la Organización Mundial de la Salud, en sus documentos recientes sobre el papel de los Hospitales en atención primaria.",28
AND_1990_PA_es.pdf,AND,1990,PA,es,"Los Hospitales comarcales prestarán asistencia en el diagnóstico y tratamiento, serán el soporte de los programas de promoción de la salud y prevención, y servirán de apoyo a los profesionales sanitarios del distrito.",33
AND_1990_PA_es.pdf,AND,1990,PA,es,"La consecución de un Sistema Sanitario que satisfaga a los ciudadanos no puede concebirse sin la colaboración entusiasta de los profesionales de la Sanidad, auténticos protagonistas del sistema.",28
AND_1990_PA_es.pdf,AND,1990,PA,es,"La Administración Andaluza pondrá en marcha mecanismos de incentivación que repercutan en beneficios económicos y de reconocimiento público de su labor, impulsará la carera profesional en Enfermería, la puesta en práctica de la especialización y urgirá la elaboración del Estatuto-Marco del personal sanitario.",43
AND_1990_PA_es.pdf,AND,1990,PA,es,"Junto a ello, se constituirá una Escuela Universitaria de Ciencias de la Salud, baluarte de la investigación biosanitaria y soporte de la educación continuada de los profesionales.",27
AND_1990_PA_es.pdf,AND,1990,PA,es,"La gestión de las instituciones sanitarias deberá estar regida por criterios exclusivamente profesionales, en consonancia con el programa andalucista de Función Pública.",22
AND_1990_PA_es.pdf,AND,1990,PA,es,Se pondrá en marcha un plan urgente destinado a la reducción de las listas de espera.,16
AND_1990_PA_es.pdf,AND,1990,PA,es,"Para ello se potenciará la hospitalización domiciliaria, se solicitará la participación de los profesionales sanitarios y se potenciarán los conciertos con entidades no gestionadas por el S.A.S. tras las oportunas acreditaciones de las mismas.",34
AND_1990_PA_es.pdf,AND,1990,PA,es,"El Partido Andalucista exigirá la participación de los Ayuntamientos en la gestión de la atención primaria de salud, tal como ordena la Ley Reguladora de Bases de Régimen Local.",29
AND_1990_PA_es.pdf,AND,1990,PA,es,"Asimismo, pondrá en marcha los Consejos de Salud de las áreas sanitarias, tal como establece la Ley General de Sanidad, lo que permitirá la detección de los problemas y el cumplimiento de la tarea de control o Policía Sanitaria que dicha Ley encomienda a los Ayuntamientos, y que es la base de la participación ciudadana en la gestión sanitaria pública.",60
AND_1990_PA_es.pdf,AND,1990,PA,es,"Los programas básicos en atención primaria comprenderán entre otros: la salud materno-infantil, la educación para la salud en la escuela, la salud buco-dental, el control sanitario del medio ambiente, salud alimentaria, la promoción de la salud de la tercera edad, la lucha contra las enfermedades crónicas, salud laboral, la salud en el deporte, y la lucha contra el cáncer.",59
AND_1990_PA_es.pdf,AND,1990,PA,es,"El Partido Andalucista considera fundamental un programa específico destinado a la lucha contra las drogodependencias, que potencie las medidas preventivas, ayude al drogodependiente, y que comprenda la acogida, atención y reinserción del mismo.",33
AND_1990_PA_es.pdf,AND,1990,PA,es,"El programa necesita contar con una Red de Atención a las drogodependencias, que incluya centros ambulatorios especializados y unidades hospitalarias de desintoxicación con capacidad mínima para enfermos.",27
AND_1990_PA_es.pdf,AND,1990,PA,es,"Se crearán, además, comunidades terapéuticas y centros ocupacionales en colaboración con los Ayuntamientos, y se subvencionarán los centros ya existentes organizados por la Administración o por sociedades sin ánimo de lucro, debidamente acreditadas.",33
AND_1990_PA_es.pdf,AND,1990,PA,es,Las principales carencias de los actuales SS.,7
AND_1990_PA_es.pdf,AND,1990,PA,es,"Sociales en Andalucía son las siguientes: - Tranferencias mal dotadas desde un punto de vista material y económico, lo que ha provocado una deficiente prestación de servicios.",27
AND_1990_PA_es.pdf,AND,1990,PA,es,- Escaso desarrollo de las iniciativas pública y social.,9
AND_1990_PA_es.pdf,AND,1990,PA,es,- Escasez de presupuestos y gestión inadecuada.,7
AND_1990_PA_es.pdf,AND,1990,PA,es,"- Falta de un Modelo administrativo claro, pues si bien la vigente Ley andaluza de SS.",16
AND_1990_PA_es.pdf,AND,1990,PA,es,"Sociales define un modelo de carácter descentralizado, no distribuye con precisión las competencias entre las distintas Administraciones.",17
AND_1990_PA_es.pdf,AND,1990,PA,es,"- Desde la creación del Ministerio de Asuntos Sociales se incrementa de modo constante la subordinación a las directrices marcadas por el Gobierno Central, en una materia de competencia exclusiva de la Junta de Andalucía.",35
AND_1990_PA_es.pdf,AND,1990,PA,es,- Retraso considerable en la aprobación del Plan Andaluz de SS.,11
AND_1990_PA_es.pdf,AND,1990,PA,es,Sociales que desarrolla la vigente Ley.,6
AND_1990_PA_es.pdf,AND,1990,PA,es,"- Autonomía, conforme a la competencia exclusiva de la Junta en la materia.",13
AND_1990_PA_es.pdf,AND,1990,PA,es,"- Suficiencia presupuestaria, previa revisión de la valoración de las transferencias.",11
AND_1990_PA_es.pdf,AND,1990,PA,es,"- Equidad, con la consecuencia de la equiparación de los andaluces a los niveles de bienestar del resto de los españoles.",21
AND_1990_PA_es.pdf,AND,1990,PA,es,"- Unificación orgánica en el ámbito del Gobierno, la Consejería de Salud y SS.",14
AND_1990_PA_es.pdf,AND,1990,PA,es,"Sociales asume, a través de la D.G. de Planificación Asistencial, la coordinación de todos los recursos pertenecientes al Área de Bienestar Social de los diversos Departamentos.",26
AND_1990_PA_es.pdf,AND,1990,PA,es,"- Delimitación de competencias, con criterio de descentralización de los servicios en los Ayuntamientos de Andalucía, sin perjuicio de modelos comarcales.",21
AND_1990_PA_es.pdf,AND,1990,PA,es,"- Planificación para coordinar los recursos de las administraciones públicas y de la iniciativa social, con especial sensibilidad hacia las comarcas deprimidas en Andalucía.",24
AND_1990_PA_es.pdf,AND,1990,PA,es,- Participación social a través de los Consejos Territoriales.,9
AND_1990_PA_es.pdf,AND,1990,PA,es,"- Colaboración con la iniciativa privada, sin olvidar la responsabilidad del servicio público que compete a la Junta.",18
AND_1990_PA_es.pdf,AND,1990,PA,es,- Formación permanente de los profesionales de los servicios sociales y relaciones con otras Comunidades e instancias europeas.,18
AND_1990_PA_es.pdf,AND,1990,PA,es,Constituyen la estructura básica del sistema público de servicios sociales de Andalucía.,12
AND_1990_PA_es.pdf,AND,1990,PA,es,Se ubicarán en el Centro de SS.,7
AND_1990_PA_es.pdf,AND,1990,PA,es,"Sociales, para lo cual se dotará de los medios humanos y materiales que aseguren una atención integrada y polivalente de las personas y de los grupos a quienes se destinan.",30
AND_1990_PA_es.pdf,AND,1990,PA,es,El Partido Andalucista propone: - Complementar la cobertura de los ss.,11
AND_1990_PA_es.pdf,AND,1990,PA,es,sociales comunitarios a toda la población andaluza.,7
AND_1990_PA_es.pdf,AND,1990,PA,es,- Desarrollo normativo de la Ley para delimitar funciones y actividades de los Centros.,14
AND_1990_PA_es.pdf,AND,1990,PA,es,"- Intensificar los servicios de información, orientación y asesoramiento.",9
AND_1990_PA_es.pdf,AND,1990,PA,es,- Poner en marcha las diversas modalidades de ayuda a domicilio.,11
AND_1990_PA_es.pdf,AND,1990,PA,es,"- Desarrollo de acciones tendentes a la detección, tratamiento y reinserción social de personas y grupos con problemas de desajuste y marginación social.",23
AND_1990_PA_es.pdf,AND,1990,PA,es,"Refiriéndonos sólo a los colectivos sociales de minusválidos y tercera edad, planteamos las siguientes medidas: a) Prestaciones sociales y económicas.",20
AND_1990_PA_es.pdf,AND,1990,PA,es,- Agilizar su gestión ordinaria.,5
AND_1990_PA_es.pdf,AND,1990,PA,es,- Crear una prestación extraordinaria de carácter riódico para casos de extrema necesidad y sus desatarios que queden fuera del ámbito legal de aplicación.,24
AND_1990_PA_es.pdf,AND,1990,PA,es,"- Incremento del presupuesto de ayudas para próresis, movilidad, etc. b) Fomentar los servicios de prevención de las muvalías en el ámbito sanitario.",23
AND_1990_PA_es.pdf,AND,1990,PA,es,"c) Eliminación de barreras arquitectónicas, urbanísticas y del transporte.",9
AND_1990_PA_es.pdf,AND,1990,PA,es,Impulsar los programas de integración escolar de los alumnos discapacitados.,10
AND_1990_PA_es.pdf,AND,1990,PA,es,"e) Fomento de la Formación Profesional, el empleo de jóvenes por las empresas y la puesta en marcha de centros ocupacionales y centros especiales de empleo.",26
AND_1990_PA_es.pdf,AND,1990,PA,es,f) Construcción de centros especializados financiados con fondos públicos para deficientes profundos.,12
AND_1990_PA_es.pdf,AND,1990,PA,es,"a) Elaboración de un Plan Gerontológico de Andalucía, con objeto de atender a los ancianos desde una perspectiva multidisciplinaria e integral.",21
AND_1990_PA_es.pdf,AND,1990,PA,es,b) Agilización de la gestión de las ayudas periódicas a ancianos y enfermos incapacitados.,14
AND_1990_PA_es.pdf,AND,1990,PA,es,"c) Incremento del presupuesto de ayudas para prótesis dentales, ortopedia.",10
AND_1990_PA_es.pdf,AND,1990,PA,es,"Destinar un porcentaje de las viviendas de protección oficial a personas de la tercera edad, primando a quienes tengan niveles más bajos de renta.",24
AND_1990_PA_es.pdf,AND,1990,PA,es,e) Acciones de mentalización de la población sobre la responsabilidad social respecto a la problemática de la tercera edad.,19
AND_1990_PA_es.pdf,AND,1990,PA,es,"Garantizar una asistencia sanitaria que cubra los aspectos preventivos, curativos y rehabilitadores, coordinando los centros de salud, los servicios sociales comunitarios y las unidades geriátricas de los hospitales, incrementando estas últimas.",31
AND_1990_PA_es.pdf,AND,1990,PA,es,g) Ampliación de los servicios de ayuda domiciliaria e implantación del servicio de ayuda telefónica.,15
AND_1990_PA_es.pdf,AND,1990,PA,es,"En el aspecto residencial, se fomentarán los centros de día que conllevan un menor desarraigo del anciano.",17
AND_1990_PA_es.pdf,AND,1990,PA,es,"Asimismo, se elevarán considerablemente las plazas residenciales dependientes de las administraciones.",11
AND_1990_PA_es.pdf,AND,1990,PA,es,"tracciones públicas, diferenciando la atención a los ancianos válidos de los ancianos asistidos.",13
AND_1990_PA_es.pdf,AND,1990,PA,es,Igualmente se controlará el desenvolvimiento de los centros pertenecientes a la iniciativa privada.,13
AND_1990_PA_es.pdf,AND,1990,PA,es,i) Estimular la realización de actividades socioculturales y de ocio para que el anciano se sienta partícipe de la vida de la comunidad.,23
AND_1990_PA_es.pdf,AND,1990,PA,es,Se intensificarán los programas de turismo social y otras medidas análogas.,11
AND_1990_PA_es.pdf,AND,1990,PA,es,El Partido Andalucista considera que deben adoptarse las medidas conducentes para implantar el subsidio denominado salario social en Andalucía.,19
AND_1990_PA_es.pdf,AND,1990,PA,es,Consideramos que la financiación debe corresponder al Estado por tratarse de un instrumento generalizado de solidaridad social con los más débiles económicamente.,22
AND_1990_PA_es.pdf,AND,1990,PA,es,"El salario social debe cubrir a las personas que carezcan de subsidio de desempleo u otras percepciones, con una cuantía mínima del del salario mínimo interprofesional anual, incrementable al en los casos de cónyuge a cargo y en un más por cada miembro adicional de la unidad familiar.",48
AND_1990_PA_es.pdf,AND,1990,PA,es,El Partido Andalucista expresa su convicción de que este nuevo instrumento de protección social no puede convertirse en su uso efectivo en un tapón para la incorporación al mercado de trabajo de ciudadanos potencialmente activos y necesarios para la comunidad.,40
AND_1990_PA_es.pdf,AND,1990,PA,es,"La práctica del deporte -individual y organizadamente- constituye, además de un indicador definitorio del nivel de calidad de vida del pueblo andaluz, un modo de expresión de sus expectativas y pautas saludables de comportamiento social, máxime teniendo en cuenta los retos del desempleo, la drogodependencia y la disponibilidad creciente del tiempo libre.",52
AND_1990_PA_es.pdf,AND,1990,PA,es,"De otra parte, el deporte de competición conlleva, aparte de los estrictamente deportivos, efectos multivariados: económicos, sociológicos, jurídicos, etc., sin olvidar algo importante en la concienciación nacional de un pueblo: el proceso de identificación popular con su club o deportista triunfador en un torneo o una olimpiada.",47
AND_1990_PA_es.pdf,AND,1990,PA,es,"El Partido Andalucista entiende que el Gobierno Andaluz debe promover una eficiente política deportiva, cuya inexistencia es patente.",18
AND_1990_PA_es.pdf,AND,1990,PA,es,Medidas prioritarias serán: .,4
AND_1990_PA_es.pdf,AND,1990,PA,es,"Promover con personal especializado y medios económicos suficientes un plan de fomento del deporte de base en conexión con los centros escolares, ayuntamientos y asociaciones ciudadanas.",26
AND_1990_PA_es.pdf,AND,1990,PA,es,Se optimizará el aprovechamiento de las actuales instalaciones sin perjuicio de incrementarlas en aquellos núcleos de población de mayor demanda.,20
AND_1990_PA_es.pdf,AND,1990,PA,es,Desarrollo de los Juegos Deportivos con dignidad y apoyo.,9
AND_1990_PA_es.pdf,AND,1990,PA,es,Creación de centros universitarios para formar especialistas en las diversas áreas del deporte.,13
AND_1990_PA_es.pdf,AND,1990,PA,es,"Creación, entre otros, de la Escuela de Medicina Deportiva.",9
AND_1990_PA_es.pdf,AND,1990,PA,es,Programa de promoción de valores deportivos andaluces procurando su inserción en nuestra comunidad.,13
AND_1990_PA_es.pdf,AND,1990,PA,es,Se establecerán ayudas e incentivos a tal fin.,8
AND_1990_PA_es.pdf,AND,1990,PA,es,Establecer convenios con Federaciones y Clubs para el apoyo del deporte de competición.,13
AND_1990_PA_es.pdf,AND,1990,PA,es,Poner en marcha las selecciones andaluzas de los deportes carentes de la misma.,13
AND_1990_PA_es.pdf,AND,1990,PA,es,Apoyo de todo tipo al Mundial de Vela (Cádiz) y Campeonato de Esquí (Granada).,14
AND_1990_PA_es.pdf,AND,1990,PA,es,La organización de la Administración Pública Andaluza se ha configurado hasta ahora en base a principios de organización jerárquica y compartimentalización departamental que reproducen el viejo esquema de la ya obsoleta Administración centralizada.,33
AND_1990_PA_es.pdf,AND,1990,PA,es,Se trata de un modelo que conduce como derivación lógica hacia una centralización territorial dificultando la aproximación entre ciudadanos y poderes públicos.,22
AND_1990_PA_es.pdf,AND,1990,PA,es,"Las exigencias de coordinación, flexibilidad y participación, propias de la moderna gestión pública democrática, tienen escasas vías para implementarse en la práctica, siendo sustituidas por la rigidez, la multiplicación injustificada de estructuras y el consiguiente incremento del gasto.",38
AND_1990_PA_es.pdf,AND,1990,PA,es,La crisis de las Administraciones Públicas centralizadas impone una revitalización de la esfera autonómica como espacio más idóneo para conseguir una gestión de los servicios públicos eficaz y en beneficio de los ciudadanos.,33
AND_1990_PA_es.pdf,AND,1990,PA,es,El modelo andalucista de Administración Pública pretende adecuarse a esquemas de transparencia y agilidad en aras de un mayor acercamiento a los andaluces y de una mejor participación activa de éstos: A) La Administración Pública Andaluza debe servir con objetividad los intereses generales de los ciudadanos.,46
AND_1990_PA_es.pdf,AND,1990,PA,es,"Frente a su instrumentalización por el Gobierno de PSOE que ha llevado con frecuencia a confundir interesadamente a la Administración con el partido dominante, es preciso un pacto de las fuerzas políticas parlamentarias para asegurar la efectiva neutralidad de la Administración y la profesionalización de la función pública andaluza, con las modificaciones legislativas necesarias y el incremento de los instrumentos existentes de control parlamentario y sindical.",66
AND_1990_PA_es.pdf,AND,1990,PA,es,B) La función de articulación social que deben desarrollar en Andalucía los poderes públicos exige un adecuado equilibrio entre las esferas centrales de coordinación y orientación y las esferas de gestión y prestación que correspondan a la Administración periférica.,39
AND_1990_PA_es.pdf,AND,1990,PA,es,Ello implica una reducción de la Administración Central de la Junta de Andalucía con un reforzamiento de la esfera periférica más próxima a los ciudadanos (Ver Organigrama de Gobierno).,29
AND_1990_PA_es.pdf,AND,1990,PA,es,"Esta aproximación a los ciudadanos debe implicar al propio nivel territorial, mediante el refor- PRESIDENCIA ECONOMÍA Y TRABAJO HACIENDA OBRAS PÚBLICAS Y COMUNICAC.",23
AND_1990_PA_es.pdf,AND,1990,PA,es,AGRICULTURA Y PESCA SALUD Y SERV.,6
AND_1990_PA_es.pdf,AND,1990,PA,es,SOCIALES EDUCACIÓN Y CULTURA MEDIO AMBIENTE - DECONSEJERÍA CRETARÍA G. JUVENTUD CRETARÍA G. JUNTOS COMUNICAC VICECONSEJERÍA SECRETARÍA G. ECONOMÍA VICECONSEJERÍA VICECONSEJERÍA VICECONSEJERÍA SECRETARÍA G. PESCA VICECONSEJERÍA VICECONSEJERÍA SECRETARÍA G. CULTURA VICECONSEJERÍA CRET.G.TÉCNICA SECRET.G.TÉCNICA SECRET.G.TÉCNICA SECRET.G.TÉCNICA SECRET.G.TÉCNICA SECRET.G.TÉCNICA SECRET.G.TÉCNICA SECRET.G.TÉCNICA G. DE POLÍTICA TERIOR D.G. DE INDUSTRIA Y ENERGÍA D.G. DE PRESUPUESTOS D.G. DE URBANISMO D.G. DE AGRICULTURA Y GANADERÍA D.G. DE PLANIFICACIÓN ASISTENCIAL D.G. DE EQUIPAMIENTO ESCOLAR Y CENTROS EDUCATIVOS D.G. DE ORDENACIÓN DE RECURSOS NATURALES G. DE ADMINISTRACIÓN PÚBLICA D.G. DE TURISMO Y COMERCIO D.G. DE TESORERÍA Y POL.,90
AND_1990_PA_es.pdf,AND,1990,PA,es,FINANCIERA D.G. DE ARQUITECTURA Y VIVIENDA D.G. DE INDUSTRIAS Y COMERC.,11
AND_1990_PA_es.pdf,AND,1990,PA,es,AGRARIAS D.G. DE CONSUMO D.G. DE PROMOCIÓN ED.,8
AND_1990_PA_es.pdf,AND,1990,PA,es,Y RENOVACIÓN PEDAGÓGICA D.G. DE GESTIÓN DE RECUPROS NATURALES G. DE LA FUNCIÓN FÍSICA D.G. DE PLANIFICACIÓN Y COOPERACIÓN ECONÓMICA D.G. DE TRIBUTOS E INSP.,25
AND_1990_PA_es.pdf,AND,1990,PA,es,"TRIBUTARIA D.G. DE CARRETERAS D.G. DE INVESTIGACIÓN Y EXTENSIÓN AGRARIA D.G. DEL COMISIO NADO PARA LA DROGA D.G. DE PERSONAL D.G. DE CALIDAD AMBIENTAL DEL GABINETE ÚNICO D.G. DE TRABAJO Y EMPLEO D.G. DE PATRIMONIO D.G. DE OBRAS HIDRÁULICAS D.G. DE ORDENACIÓN PESQUERA D.G. DE EMIGRACIÓN D.G. DE UNIVERSIDADES E INVESTIGACIÓN D.G. DE JUEGO D.G. DE BIENES CULTURALES TÁVOZ DEL TERRITORIO INTERVENCIÓN GENERAL D.G. DE TRANSPORTES Y COMUNICACIONES D.G. DE FOMENTO CULTURAL Y DEPORTE ANÁMOS AUTORIZADOS: ADJUDICACIÓN DE MUJER, M.P. PÚBLICA - ORGANISMOS AUTORIZADOS: INST.",85
AND_1990_PA_es.pdf,AND,1990,PA,es,DE FOMENTO DE ANDALUCÍA (IFA) - R.T.V.A. - I.A.R.A. - S.A.S. - I.A.S.S. DELEGACIÓN DEL GOBIERNO ANDALUZ EN LA PROVINCIA DELEG.,21
AND_1990_PA_es.pdf,AND,1990,PA,es,DIRECCIONES PROVINCIALES S.A.S. E I.A.S.S. DELEG.,6
AND_1990_PA_es.pdf,AND,1990,PA,es,"zamiento de La Comarca como ámbito de coordinación administrativa, orientada a la prestación de aquellos servicios caracterizados por una mejor proximidad al espacio vital de los ciudadanos (educación, cultural, salud, servicios sociales y asistenciales, etc.).",35
AND_1990_PA_es.pdf,AND,1990,PA,es,La descentralización funcional o de servicios constituye una de las apuestas más avanzadas de la moderna gestión pública.,18
AND_1990_PA_es.pdf,AND,1990,PA,es,"El propósito inicial (luego frenado) en este sentido debe recuperarse y estimularse, incrementando los mecanismos de participación activa y las técnicas de gestión pública estratégica.",25
AND_1990_PA_es.pdf,AND,1990,PA,es,"E) Finalmente, respetando las autonomías respectivas, la coordinación y la cooperación entre todas las Administraciones Públicas existentes en Andalucía debe ser la línea de orientación para asegurar una mejor eficacia final en la actuación pública.",35
AND_1990_PA_es.pdf,AND,1990,PA,es,"Todo ello sin olvidar la reducción progresiva de la Administración periférica del Estado, eliminando costes y disfuncionalidades administrativas.",18
AND_1990_PA_es.pdf,AND,1990,PA,es,"En consecuencia, se proponen, entre otras, las siguientes medidas: ) Reestructuración de la Administración Central de la Junta de Andalucía.",20
AND_1990_PA_es.pdf,AND,1990,PA,es,El Consejo de Gobierno se constituirá por el Presidente del mismo (a la vez de la Junta de Andalucía) y las Consejerías siguientes: - Presidencia.,25
AND_1990_PA_es.pdf,AND,1990,PA,es,Suprimida Gobernación; asume sus servicios y el impulso y la coordinación de las políticas comunitaria y de juventud.,18
AND_1990_PA_es.pdf,AND,1990,PA,es,Cede la D.G. de Emigración.,5
AND_1990_PA_es.pdf,AND,1990,PA,es,"- Economía y Trabajo (con las competencias de Planificación Económica, residenciadas hoy en Hacienda).",14
AND_1990_PA_es.pdf,AND,1990,PA,es,Con las competencias de Juego.,5
AND_1990_PA_es.pdf,AND,1990,PA,es,- Obras Públicas y Comunicaciones.,5
AND_1990_PA_es.pdf,AND,1990,PA,es,"Asume las competencias sobre medios de comunicación y se le adscribe RTVA, remarcando su carácter técnico.",16
AND_1990_PA_es.pdf,AND,1990,PA,es,- Agricultura y Pesca.,4
AND_1990_PA_es.pdf,AND,1990,PA,es,"Reestructuración profunda, con la creación de una Secretaría General de Pesca (con acuicultura) y reforzando la política de industrialización y comercialización agrarias.",22
AND_1990_PA_es.pdf,AND,1990,PA,es,"Por otra parte, la política forestal en todas sus dimensiones pasa a la Consejería de Medio Ambiente.",17
AND_1990_PA_es.pdf,AND,1990,PA,es,"- Salud y Servicios Sociales. Crea la D.G. de Planificación Asistencial, que coordine todos los recursos propios de la política de bienestar social.",23
AND_1990_PA_es.pdf,AND,1990,PA,es,"Igualmente, considerando que el peso de sus funciones recae en el S.A.S. y el I.A.S.S., sólo estos organismos tienen reflejo provincial.",21
AND_1990_PA_es.pdf,AND,1990,PA,es,- Educación y Cultura.,4
AND_1990_PA_es.pdf,AND,1990,PA,es,"Refunde las dos Consejerías actuales, reduciendo las Direcciones Generales existentes en ambas.",12
AND_1990_PA_es.pdf,AND,1990,PA,es,"Ante las nuevas necesidades derivadas de la aplicación de la Ley de Inventario de Espacios Naturales (gestión de parques, vigilancia ambiental, etc.) se crea esta Consejería, suprimiéndose la Agencia del Medio Ambiente, sin perjuicio de sus competencias horizontales respecto a otros departamentos.",42
AND_1990_PA_es.pdf,AND,1990,PA,es,) Reforma de la Administración Periférica.,6
AND_1990_PA_es.pdf,AND,1990,PA,es,"Aun admitiendo la subsistencia de las actuales Delegaciones Provinciales de las distintas Consejerías, somos partidarios de un modelo distinto al que deberá tenderse progresivamente, tras la evaluación del proceso de desconcentración de funciones y de descentralización subsiguiente.",37
AND_1990_PA_es.pdf,AND,1990,PA,es,"En el plano provincial existiría un Delegado del Gobierno Andaluz, bajo la dependencia orgánica del Consejo de Gobierno y funcional de las Consejerías, con rango de Viceconsejero.",27
AND_1990_PA_es.pdf,AND,1990,PA,es,"La Delegación del Gobierno Andaluz desarrollará funciones de gestión administrativa y prestación de servicios correspondientes a todas las Consejerías, sin perjuicio de su estructuración en áreas funcionales con el nivel orgánico adecuado.",32
AND_1990_PA_es.pdf,AND,1990,PA,es,Los Delegados del Gobierno de las diversas provincias se integrarían en la Comisión General de Viceconsejeros.,16
AND_1990_PA_es.pdf,AND,1990,PA,es,") En tanto no se desarrolle la comarcalización de Andalucía, se procederá a la reforma de la vigente Ley reguladora de las relaciones de la Comunidad Autónoma Andaluza con las Diputaciones Provinciales conforme a los siguientes criterios: - Aceleración del proceso de transferencias de las Diputaciones a la Junta de Andalucía.",51
AND_1990_PA_es.pdf,AND,1990,PA,es,- Consideración del papel de las Diputaciones como organismos garantizadores de la prestación de servicios municipales de los Ayuntamientos de menor capacidad y prestadores de asistencia técnica y servicios supramunicipales.,30
AND_1990_PA_es.pdf,AND,1990,PA,es,"- No deben, pues, asumir la gestión de servicios delegables por la Junta, previstos en la citada Ley.",18
AND_1990_PA_es.pdf,AND,1990,PA,es,) Puesta en marcha de un programa de agilización de la vida administrativa.,13
AND_1990_PA_es.pdf,AND,1990,PA,es,Puntos básicos del mismo serán: a) Aceleración de los programas de simplificación de trámites e implantación gradual del sistema de ventanilla única.,22
AND_1990_PA_es.pdf,AND,1990,PA,es,"Potenciar las unidades de información administrativa y reclamaciones de los ciudadanos, con personal cualificado y una normativa reguladora de plazos de obligado cumplimiento.",23
AND_1990_PA_es.pdf,AND,1990,PA,es,"Ejecutar un programa de compilación e información normativa para ordenar la compleja serie de normas comunitarias, estatales y autonómicas existentes en las diversas materias.",24
AND_1990_PA_es.pdf,AND,1990,PA,es,"La existencia, implantación y capacidad de transformación social del Poder Andaluz, que se concreta en la Autonomía Andaluza, requiere una Función Pública eficaz y flexible.",25
AND_1990_PA_es.pdf,AND,1990,PA,es,capaz de traducir en medidas concretas el impulso político que reciba de los órganos de gobierno y de estudiar la realidad andaluza para aplicar fórmulas y soluciones imaginativas que den respuesta a los problemas de nuestro pueblo.,37
AND_1990_PA_es.pdf,AND,1990,PA,es,"Frente a la desmoralización, el favoritismo, la precarización y la politización de la Función Pública de Andalucía, el Partido Andalucista propone una política basada en los principios de igualdad, mérito y capacidad, en la garantía del puesto de trabajo y en el perfeccionamiento y cualificación suficientemente incentivados: todo ello al servicio del objetivo central de la eficacia de la gestión.",60
AND_1990_PA_es.pdf,AND,1990,PA,es,"En suma, se trata de pasar a la situación de una Función Pública plenamente profesionalizada.",15
AND_1990_PA_es.pdf,AND,1990,PA,es,"Como líneas prioritarias de actuación señalamos: ) El sistema de acceso a la función pública debe objetivizarse para asegurar una igualdad real y efectiva, aplicada con absoluta transparencia.",28
AND_1990_PA_es.pdf,AND,1990,PA,es,"Las pruebas selectivas deberán ir acompañadas del correspondiente curso de formación en la Escuela Andaluza de Administración Pública, de orientación fundamentalmente práctica.",22
AND_1990_PA_es.pdf,AND,1990,PA,es,"() En relación con la presente situación de los mismos, propugnamos que, manteniéndose los beneficios y expectativas actuales, se arbitren mediante el alcance temporal encaminadas a facilitar la organización de las pruebas selectivas en las condiciones que ya previstas (puntuación en las pruebas y control no preferente de acceso).",49
AND_1990_PA_es.pdf,AND,1990,PA,es,"() Es fundamental la actualización del sistema de contribución, asegurando la recuperación del valor adquisitivo, y el establecimiento de un marco de la asociación transparente para la determinación y optimización de las asignaciones complementarias.",34
AND_1990_PA_es.pdf,AND,1990,PA,es,"() El sistema de promoción, con una limitación significativa de los puestos de libre designación, se ajustará a parámetros objetivos establecidos por Ley.",23
AND_1990_PA_es.pdf,AND,1990,PA,es,") Reforma de los concursos reforzando sus garantías de objetividad, convocatoria frecuente, adecuación del baremo a las características del puesto de trabajo, etc. ) Promoción interna a través de la superación de cursos con el necesario nivel de cualificación.",39
AND_1990_PA_es.pdf,AND,1990,PA,es,) La Escuela Andaluza de Administración Pública asegurará el perfeccionamiento profesional y la actualización y reciclaje del personal.,18
AND_1990_PA_es.pdf,AND,1990,PA,es,"Todo ello conlleva la reforma de la vigente Ley de la Función Pública Andaluza, con el consenso de las diversas fuerzas políticas.",22
